epoch_id,subject_id,trial_id,task,label
1,VP001,1,nback,2
2,VP001,2,nback,2
3,VP001,3,nback,2
4,VP001,4,nback,2
5,VP001,5,nback,2
6,VP001,6,nback,2
7,VP001,7,nback,2
8,VP001,8,nback,2
9,VP001,9,nback,2
10,VP001,10,nback,2
11,VP001,11,nback,2
12,VP001,12,nback,2
13,VP001,13,nback,2
14,VP001,14,nback,2
15,VP001,15,nback,2
16,VP001,16,nback,2
17,VP001,17,nback,2
18,VP001,18,nback,2
19,VP001,19,nback,2
20,VP001,20,nback,2
21,VP001,21,nback,1
22,VP001,22,nback,1
23,VP001,23,nback,1
24,VP001,24,nback,1
25,VP001,25,nback,1
26,VP001,26,nback,1
27,VP001,27,nback,1
28,VP001,28,nback,1
29,VP001,29,nback,1
30,VP001,30,nback,1
31,VP001,31,nback,1
32,VP001,32,nback,1
33,VP001,33,nback,1
34,VP001,34,nback,1
35,VP001,35,nback,1
36,VP001,36,nback,1
37,VP001,37,nback,1
38,VP001,38,nback,1
39,VP001,39,nback,1
40,VP001,40,nback,1
41,VP001,41,nback,0
42,VP001,42,nback,0
43,VP001,43,nback,0
44,VP001,44,nback,0
45,VP001,45,nback,0
46,VP001,46,nback,0
47,VP001,47,nback,0
48,VP001,48,nback,0
49,VP001,49,nback,0
50,VP001,50,nback,0
51,VP001,51,nback,0
52,VP001,52,nback,0
53,VP001,53,nback,0
54,VP001,54,nback,0
55,VP001,55,nback,0
56,VP001,56,nback,0
57,VP001,57,nback,0
58,VP001,58,nback,0
59,VP001,59,nback,0
60,VP001,60,nback,0
61,VP001,61,nback,1
62,VP001,62,nback,1
63,VP001,63,nback,1
64,VP001,64,nback,1
65,VP001,65,nback,1
66,VP001,66,nback,1
67,VP001,67,nback,1
68,VP001,68,nback,1
69,VP001,69,nback,1
70,VP001,70,nback,1
71,VP001,71,nback,1
72,VP001,72,nback,1
73,VP001,73,nback,1
74,VP001,74,nback,1
75,VP001,75,nback,1
76,VP001,76,nback,1
77,VP001,77,nback,1
78,VP001,78,nback,1
79,VP001,79,nback,1
80,VP001,80,nback,1
81,VP001,81,nback,0
82,VP001,82,nback,0
83,VP001,83,nback,0
84,VP001,84,nback,0
85,VP001,85,nback,0
86,VP001,86,nback,0
87,VP001,87,nback,0
88,VP001,88,nback,0
89,VP001,89,nback,0
90,VP001,90,nback,0
91,VP001,91,nback,0
92,VP001,92,nback,0
93,VP001,93,nback,0
94,VP001,94,nback,0
95,VP001,95,nback,0
96,VP001,96,nback,0
97,VP001,97,nback,0
98,VP001,98,nback,0
99,VP001,99,nback,0
100,VP001,100,nback,0
101,VP001,101,nback,2
102,VP001,102,nback,2
103,VP001,103,nback,2
104,VP001,104,nback,2
105,VP001,105,nback,2
106,VP001,106,nback,2
107,VP001,107,nback,2
108,VP001,108,nback,2
109,VP001,109,nback,2
110,VP001,110,nback,2
111,VP001,111,nback,2
112,VP001,112,nback,2
113,VP001,113,nback,2
114,VP001,114,nback,2
115,VP001,115,nback,2
116,VP001,116,nback,2
117,VP001,117,nback,2
118,VP001,118,nback,2
119,VP001,119,nback,2
120,VP001,120,nback,2
121,VP001,121,nback,0
122,VP001,122,nback,0
123,VP001,123,nback,0
124,VP001,124,nback,0
125,VP001,125,nback,0
126,VP001,126,nback,0
127,VP001,127,nback,0
128,VP001,128,nback,0
129,VP001,129,nback,0
130,VP001,130,nback,0
131,VP001,131,nback,0
132,VP001,132,nback,0
133,VP001,133,nback,0
134,VP001,134,nback,0
135,VP001,135,nback,0
136,VP001,136,nback,0
137,VP001,137,nback,0
138,VP001,138,nback,0
139,VP001,139,nback,0
140,VP001,140,nback,0
141,VP001,141,nback,2
142,VP001,142,nback,2
143,VP001,143,nback,2
144,VP001,144,nback,2
145,VP001,145,nback,2
146,VP001,146,nback,2
147,VP001,147,nback,2
148,VP001,148,nback,2
149,VP001,149,nback,2
150,VP001,150,nback,2
151,VP001,151,nback,2
152,VP001,152,nback,2
153,VP001,153,nback,2
154,VP001,154,nback,2
155,VP001,155,nback,2
156,VP001,156,nback,2
157,VP001,157,nback,2
158,VP001,158,nback,2
159,VP001,159,nback,2
160,VP001,160,nback,2
161,VP001,161,nback,1
162,VP001,162,nback,1
163,VP001,163,nback,1
164,VP001,164,nback,1
165,VP001,165,nback,1
166,VP001,166,nback,1
167,VP001,167,nback,1
168,VP001,168,nback,1
169,VP001,169,nback,1
170,VP001,170,nback,1
171,VP001,171,nback,1
172,VP001,172,nback,1
173,VP001,173,nback,1
174,VP001,174,nback,1
175,VP001,175,nback,1
176,VP001,176,nback,1
177,VP001,177,nback,1
178,VP001,178,nback,1
179,VP001,179,nback,1
180,VP001,180,nback,1
181,VP001,181,nback,1
182,VP001,182,nback,1
183,VP001,183,nback,1
184,VP001,184,nback,1
185,VP001,185,nback,1
186,VP001,186,nback,1
187,VP001,187,nback,1
188,VP001,188,nback,1
189,VP001,189,nback,1
190,VP001,190,nback,1
191,VP001,191,nback,1
192,VP001,192,nback,1
193,VP001,193,nback,1
194,VP001,194,nback,1
195,VP001,195,nback,1
196,VP001,196,nback,1
197,VP001,197,nback,1
198,VP001,198,nback,1
199,VP001,199,nback,1
200,VP001,200,nback,1
201,VP001,201,nback,0
202,VP001,202,nback,0
203,VP001,203,nback,0
204,VP001,204,nback,0
205,VP001,205,nback,0
206,VP001,206,nback,0
207,VP001,207,nback,0
208,VP001,208,nback,0
209,VP001,209,nback,0
210,VP001,210,nback,0
211,VP001,211,nback,0
212,VP001,212,nback,0
213,VP001,213,nback,0
214,VP001,214,nback,0
215,VP001,215,nback,0
216,VP001,216,nback,0
217,VP001,217,nback,0
218,VP001,218,nback,0
219,VP001,219,nback,0
220,VP001,220,nback,0
221,VP001,221,nback,2
222,VP001,222,nback,2
223,VP001,223,nback,2
224,VP001,224,nback,2
225,VP001,225,nback,2
226,VP001,226,nback,2
227,VP001,227,nback,2
228,VP001,228,nback,2
229,VP001,229,nback,2
230,VP001,230,nback,2
231,VP001,231,nback,2
232,VP001,232,nback,2
233,VP001,233,nback,2
234,VP001,234,nback,2
235,VP001,235,nback,2
236,VP001,236,nback,2
237,VP001,237,nback,2
238,VP001,238,nback,2
239,VP001,239,nback,2
240,VP001,240,nback,2
241,VP001,241,nback,0
242,VP001,242,nback,0
243,VP001,243,nback,0
244,VP001,244,nback,0
245,VP001,245,nback,0
246,VP001,246,nback,0
247,VP001,247,nback,0
248,VP001,248,nback,0
249,VP001,249,nback,0
250,VP001,250,nback,0
251,VP001,251,nback,0
252,VP001,252,nback,0
253,VP001,253,nback,0
254,VP001,254,nback,0
255,VP001,255,nback,0
256,VP001,256,nback,0
257,VP001,257,nback,0
258,VP001,258,nback,0
259,VP001,259,nback,0
260,VP001,260,nback,0
261,VP001,261,nback,2
262,VP001,262,nback,2
263,VP001,263,nback,2
264,VP001,264,nback,2
265,VP001,265,nback,2
266,VP001,266,nback,2
267,VP001,267,nback,2
268,VP001,268,nback,2
269,VP001,269,nback,2
270,VP001,270,nback,2
271,VP001,271,nback,2
272,VP001,272,nback,2
273,VP001,273,nback,2
274,VP001,274,nback,2
275,VP001,275,nback,2
276,VP001,276,nback,2
277,VP001,277,nback,2
278,VP001,278,nback,2
279,VP001,279,nback,2
280,VP001,280,nback,2
281,VP001,281,nback,1
282,VP001,282,nback,1
283,VP001,283,nback,1
284,VP001,284,nback,1
285,VP001,285,nback,1
286,VP001,286,nback,1
287,VP001,287,nback,1
288,VP001,288,nback,1
289,VP001,289,nback,1
290,VP001,290,nback,1
291,VP001,291,nback,1
292,VP001,292,nback,1
293,VP001,293,nback,1
294,VP001,294,nback,1
295,VP001,295,nback,1
296,VP001,296,nback,1
297,VP001,297,nback,1
298,VP001,298,nback,1
299,VP001,299,nback,1
300,VP001,300,nback,1
301,VP001,301,nback,2
302,VP001,302,nback,2
303,VP001,303,nback,2
304,VP001,304,nback,2
305,VP001,305,nback,2
306,VP001,306,nback,2
307,VP001,307,nback,2
308,VP001,308,nback,2
309,VP001,309,nback,2
310,VP001,310,nback,2
311,VP001,311,nback,2
312,VP001,312,nback,2
313,VP001,313,nback,2
314,VP001,314,nback,2
315,VP001,315,nback,2
316,VP001,316,nback,2
317,VP001,317,nback,2
318,VP001,318,nback,2
319,VP001,319,nback,2
320,VP001,320,nback,2
321,VP001,321,nback,1
322,VP001,322,nback,1
323,VP001,323,nback,1
324,VP001,324,nback,1
325,VP001,325,nback,1
326,VP001,326,nback,1
327,VP001,327,nback,1
328,VP001,328,nback,1
329,VP001,329,nback,1
330,VP001,330,nback,1
331,VP001,331,nback,1
332,VP001,332,nback,1
333,VP001,333,nback,1
334,VP001,334,nback,1
335,VP001,335,nback,1
336,VP001,336,nback,1
337,VP001,337,nback,1
338,VP001,338,nback,1
339,VP001,339,nback,1
340,VP001,340,nback,1
341,VP001,341,nback,0
342,VP001,342,nback,0
343,VP001,343,nback,0
344,VP001,344,nback,0
345,VP001,345,nback,0
346,VP001,346,nback,0
347,VP001,347,nback,0
348,VP001,348,nback,0
349,VP001,349,nback,0
350,VP001,350,nback,0
351,VP001,351,nback,0
352,VP001,352,nback,0
353,VP001,353,nback,0
354,VP001,354,nback,0
355,VP001,355,nback,0
356,VP001,356,nback,0
357,VP001,357,nback,0
358,VP001,358,nback,0
359,VP001,359,nback,0
360,VP001,360,nback,0
361,VP001,361,nback,0
362,VP001,362,nback,0
363,VP001,363,nback,0
364,VP001,364,nback,0
365,VP001,365,nback,0
366,VP001,366,nback,0
367,VP001,367,nback,0
368,VP001,368,nback,0
369,VP001,369,nback,0
370,VP001,370,nback,0
371,VP001,371,nback,0
372,VP001,372,nback,0
373,VP001,373,nback,0
374,VP001,374,nback,0
375,VP001,375,nback,0
376,VP001,376,nback,0
377,VP001,377,nback,0
378,VP001,378,nback,0
379,VP001,379,nback,0
380,VP001,380,nback,0
381,VP001,381,nback,2
382,VP001,382,nback,2
383,VP001,383,nback,2
384,VP001,384,nback,2
385,VP001,385,nback,2
386,VP001,386,nback,2
387,VP001,387,nback,2
388,VP001,388,nback,2
389,VP001,389,nback,2
390,VP001,390,nback,2
391,VP001,391,nback,2
392,VP001,392,nback,2
393,VP001,393,nback,2
394,VP001,394,nback,2
395,VP001,395,nback,2
396,VP001,396,nback,2
397,VP001,397,nback,2
398,VP001,398,nback,2
399,VP001,399,nback,2
400,VP001,400,nback,2
401,VP001,401,nback,1
402,VP001,402,nback,1
403,VP001,403,nback,1
404,VP001,404,nback,1
405,VP001,405,nback,1
406,VP001,406,nback,1
407,VP001,407,nback,1
408,VP001,408,nback,1
409,VP001,409,nback,1
410,VP001,410,nback,1
411,VP001,411,nback,1
412,VP001,412,nback,1
413,VP001,413,nback,1
414,VP001,414,nback,1
415,VP001,415,nback,1
416,VP001,416,nback,1
417,VP001,417,nback,1
418,VP001,418,nback,1
419,VP001,419,nback,1
420,VP001,420,nback,1
421,VP001,421,nback,2
422,VP001,422,nback,2
423,VP001,423,nback,2
424,VP001,424,nback,2
425,VP001,425,nback,2
426,VP001,426,nback,2
427,VP001,427,nback,2
428,VP001,428,nback,2
429,VP001,429,nback,2
430,VP001,430,nback,2
431,VP001,431,nback,2
432,VP001,432,nback,2
433,VP001,433,nback,2
434,VP001,434,nback,2
435,VP001,435,nback,2
436,VP001,436,nback,2
437,VP001,437,nback,2
438,VP001,438,nback,2
439,VP001,439,nback,2
440,VP001,440,nback,2
441,VP001,441,nback,1
442,VP001,442,nback,1
443,VP001,443,nback,1
444,VP001,444,nback,1
445,VP001,445,nback,1
446,VP001,446,nback,1
447,VP001,447,nback,1
448,VP001,448,nback,1
449,VP001,449,nback,1
450,VP001,450,nback,1
451,VP001,451,nback,1
452,VP001,452,nback,1
453,VP001,453,nback,1
454,VP001,454,nback,1
455,VP001,455,nback,1
456,VP001,456,nback,1
457,VP001,457,nback,1
458,VP001,458,nback,1
459,VP001,459,nback,1
460,VP001,460,nback,1
461,VP001,461,nback,0
462,VP001,462,nback,0
463,VP001,463,nback,0
464,VP001,464,nback,0
465,VP001,465,nback,0
466,VP001,466,nback,0
467,VP001,467,nback,0
468,VP001,468,nback,0
469,VP001,469,nback,0
470,VP001,470,nback,0
471,VP001,471,nback,0
472,VP001,472,nback,0
473,VP001,473,nback,0
474,VP001,474,nback,0
475,VP001,475,nback,0
476,VP001,476,nback,0
477,VP001,477,nback,0
478,VP001,478,nback,0
479,VP001,479,nback,0
480,VP001,480,nback,0
481,VP001,481,nback,1
482,VP001,482,nback,1
483,VP001,483,nback,1
484,VP001,484,nback,1
485,VP001,485,nback,1
486,VP001,486,nback,1
487,VP001,487,nback,1
488,VP001,488,nback,1
489,VP001,489,nback,1
490,VP001,490,nback,1
491,VP001,491,nback,1
492,VP001,492,nback,1
493,VP001,493,nback,1
494,VP001,494,nback,1
495,VP001,495,nback,1
496,VP001,496,nback,1
497,VP001,497,nback,1
498,VP001,498,nback,1
499,VP001,499,nback,1
500,VP001,500,nback,1
501,VP001,501,nback,0
502,VP001,502,nback,0
503,VP001,503,nback,0
504,VP001,504,nback,0
505,VP001,505,nback,0
506,VP001,506,nback,0
507,VP001,507,nback,0
508,VP001,508,nback,0
509,VP001,509,nback,0
510,VP001,510,nback,0
511,VP001,511,nback,0
512,VP001,512,nback,0
513,VP001,513,nback,0
514,VP001,514,nback,0
515,VP001,515,nback,0
516,VP001,516,nback,0
517,VP001,517,nback,0
518,VP001,518,nback,0
519,VP001,519,nback,0
520,VP001,520,nback,0
521,VP001,521,nback,2
522,VP001,522,nback,2
523,VP001,523,nback,2
524,VP001,524,nback,2
525,VP001,525,nback,2
526,VP001,526,nback,2
527,VP001,527,nback,2
528,VP001,528,nback,2
529,VP001,529,nback,2
530,VP001,530,nback,2
531,VP001,531,nback,2
532,VP001,532,nback,2
533,VP001,533,nback,2
534,VP001,534,nback,2
535,VP001,535,nback,2
536,VP001,536,nback,2
537,VP001,537,nback,2
538,VP001,538,nback,2
539,VP001,539,nback,2
540,VP001,540,nback,2
541,VP002,1,nback,2
542,VP002,2,nback,2
543,VP002,3,nback,2
544,VP002,4,nback,2
545,VP002,5,nback,2
546,VP002,6,nback,2
547,VP002,7,nback,2
548,VP002,8,nback,2
549,VP002,9,nback,2
550,VP002,10,nback,2
551,VP002,11,nback,2
552,VP002,12,nback,2
553,VP002,13,nback,2
554,VP002,14,nback,2
555,VP002,15,nback,2
556,VP002,16,nback,2
557,VP002,17,nback,2
558,VP002,18,nback,2
559,VP002,19,nback,2
560,VP002,20,nback,2
561,VP002,21,nback,1
562,VP002,22,nback,1
563,VP002,23,nback,1
564,VP002,24,nback,1
565,VP002,25,nback,1
566,VP002,26,nback,1
567,VP002,27,nback,1
568,VP002,28,nback,1
569,VP002,29,nback,1
570,VP002,30,nback,1
571,VP002,31,nback,1
572,VP002,32,nback,1
573,VP002,33,nback,1
574,VP002,34,nback,1
575,VP002,35,nback,1
576,VP002,36,nback,1
577,VP002,37,nback,1
578,VP002,38,nback,1
579,VP002,39,nback,1
580,VP002,40,nback,1
581,VP002,41,nback,0
582,VP002,42,nback,0
583,VP002,43,nback,0
584,VP002,44,nback,0
585,VP002,45,nback,0
586,VP002,46,nback,0
587,VP002,47,nback,0
588,VP002,48,nback,0
589,VP002,49,nback,0
590,VP002,50,nback,0
591,VP002,51,nback,0
592,VP002,52,nback,0
593,VP002,53,nback,0
594,VP002,54,nback,0
595,VP002,55,nback,0
596,VP002,56,nback,0
597,VP002,57,nback,0
598,VP002,58,nback,0
599,VP002,59,nback,0
600,VP002,60,nback,0
601,VP002,61,nback,1
602,VP002,62,nback,1
603,VP002,63,nback,1
604,VP002,64,nback,1
605,VP002,65,nback,1
606,VP002,66,nback,1
607,VP002,67,nback,1
608,VP002,68,nback,1
609,VP002,69,nback,1
610,VP002,70,nback,1
611,VP002,71,nback,1
612,VP002,72,nback,1
613,VP002,73,nback,1
614,VP002,74,nback,1
615,VP002,75,nback,1
616,VP002,76,nback,1
617,VP002,77,nback,1
618,VP002,78,nback,1
619,VP002,79,nback,1
620,VP002,80,nback,1
621,VP002,81,nback,0
622,VP002,82,nback,0
623,VP002,83,nback,0
624,VP002,84,nback,0
625,VP002,85,nback,0
626,VP002,86,nback,0
627,VP002,87,nback,0
628,VP002,88,nback,0
629,VP002,89,nback,0
630,VP002,90,nback,0
631,VP002,91,nback,0
632,VP002,92,nback,0
633,VP002,93,nback,0
634,VP002,94,nback,0
635,VP002,95,nback,0
636,VP002,96,nback,0
637,VP002,97,nback,0
638,VP002,98,nback,0
639,VP002,99,nback,0
640,VP002,100,nback,0
641,VP002,101,nback,2
642,VP002,102,nback,2
643,VP002,103,nback,2
644,VP002,104,nback,2
645,VP002,105,nback,2
646,VP002,106,nback,2
647,VP002,107,nback,2
648,VP002,108,nback,2
649,VP002,109,nback,2
650,VP002,110,nback,2
651,VP002,111,nback,2
652,VP002,112,nback,2
653,VP002,113,nback,2
654,VP002,114,nback,2
655,VP002,115,nback,2
656,VP002,116,nback,2
657,VP002,117,nback,2
658,VP002,118,nback,2
659,VP002,119,nback,2
660,VP002,120,nback,2
661,VP002,121,nback,0
662,VP002,122,nback,0
663,VP002,123,nback,0
664,VP002,124,nback,0
665,VP002,125,nback,0
666,VP002,126,nback,0
667,VP002,127,nback,0
668,VP002,128,nback,0
669,VP002,129,nback,0
670,VP002,130,nback,0
671,VP002,131,nback,0
672,VP002,132,nback,0
673,VP002,133,nback,0
674,VP002,134,nback,0
675,VP002,135,nback,0
676,VP002,136,nback,0
677,VP002,137,nback,0
678,VP002,138,nback,0
679,VP002,139,nback,0
680,VP002,140,nback,0
681,VP002,141,nback,2
682,VP002,142,nback,2
683,VP002,143,nback,2
684,VP002,144,nback,2
685,VP002,145,nback,2
686,VP002,146,nback,2
687,VP002,147,nback,2
688,VP002,148,nback,2
689,VP002,149,nback,2
690,VP002,150,nback,2
691,VP002,151,nback,2
692,VP002,152,nback,2
693,VP002,153,nback,2
694,VP002,154,nback,2
695,VP002,155,nback,2
696,VP002,156,nback,2
697,VP002,157,nback,2
698,VP002,158,nback,2
699,VP002,159,nback,2
700,VP002,160,nback,2
701,VP002,161,nback,1
702,VP002,162,nback,1
703,VP002,163,nback,1
704,VP002,164,nback,1
705,VP002,165,nback,1
706,VP002,166,nback,1
707,VP002,167,nback,1
708,VP002,168,nback,1
709,VP002,169,nback,1
710,VP002,170,nback,1
711,VP002,171,nback,1
712,VP002,172,nback,1
713,VP002,173,nback,1
714,VP002,174,nback,1
715,VP002,175,nback,1
716,VP002,176,nback,1
717,VP002,177,nback,1
718,VP002,178,nback,1
719,VP002,179,nback,1
720,VP002,180,nback,1
721,VP002,181,nback,1
722,VP002,182,nback,1
723,VP002,183,nback,1
724,VP002,184,nback,1
725,VP002,185,nback,1
726,VP002,186,nback,1
727,VP002,187,nback,1
728,VP002,188,nback,1
729,VP002,189,nback,1
730,VP002,190,nback,1
731,VP002,191,nback,1
732,VP002,192,nback,1
733,VP002,193,nback,1
734,VP002,194,nback,1
735,VP002,195,nback,1
736,VP002,196,nback,1
737,VP002,197,nback,1
738,VP002,198,nback,1
739,VP002,199,nback,1
740,VP002,200,nback,1
741,VP002,201,nback,0
742,VP002,202,nback,0
743,VP002,203,nback,0
744,VP002,204,nback,0
745,VP002,205,nback,0
746,VP002,206,nback,0
747,VP002,207,nback,0
748,VP002,208,nback,0
749,VP002,209,nback,0
750,VP002,210,nback,0
751,VP002,211,nback,0
752,VP002,212,nback,0
753,VP002,213,nback,0
754,VP002,214,nback,0
755,VP002,215,nback,0
756,VP002,216,nback,0
757,VP002,217,nback,0
758,VP002,218,nback,0
759,VP002,219,nback,0
760,VP002,220,nback,0
761,VP002,221,nback,2
762,VP002,222,nback,2
763,VP002,223,nback,2
764,VP002,224,nback,2
765,VP002,225,nback,2
766,VP002,226,nback,2
767,VP002,227,nback,2
768,VP002,228,nback,2
769,VP002,229,nback,2
770,VP002,230,nback,2
771,VP002,231,nback,2
772,VP002,232,nback,2
773,VP002,233,nback,2
774,VP002,234,nback,2
775,VP002,235,nback,2
776,VP002,236,nback,2
777,VP002,237,nback,2
778,VP002,238,nback,2
779,VP002,239,nback,2
780,VP002,240,nback,2
781,VP002,241,nback,0
782,VP002,242,nback,0
783,VP002,243,nback,0
784,VP002,244,nback,0
785,VP002,245,nback,0
786,VP002,246,nback,0
787,VP002,247,nback,0
788,VP002,248,nback,0
789,VP002,249,nback,0
790,VP002,250,nback,0
791,VP002,251,nback,0
792,VP002,252,nback,0
793,VP002,253,nback,0
794,VP002,254,nback,0
795,VP002,255,nback,0
796,VP002,256,nback,0
797,VP002,257,nback,0
798,VP002,258,nback,0
799,VP002,259,nback,0
800,VP002,260,nback,0
801,VP002,261,nback,2
802,VP002,262,nback,2
803,VP002,263,nback,2
804,VP002,264,nback,2
805,VP002,265,nback,2
806,VP002,266,nback,2
807,VP002,267,nback,2
808,VP002,268,nback,2
809,VP002,269,nback,2
810,VP002,270,nback,2
811,VP002,271,nback,2
812,VP002,272,nback,2
813,VP002,273,nback,2
814,VP002,274,nback,2
815,VP002,275,nback,2
816,VP002,276,nback,2
817,VP002,277,nback,2
818,VP002,278,nback,2
819,VP002,279,nback,2
820,VP002,280,nback,2
821,VP002,281,nback,1
822,VP002,282,nback,1
823,VP002,283,nback,1
824,VP002,284,nback,1
825,VP002,285,nback,1
826,VP002,286,nback,1
827,VP002,287,nback,1
828,VP002,288,nback,1
829,VP002,289,nback,1
830,VP002,290,nback,1
831,VP002,291,nback,1
832,VP002,292,nback,1
833,VP002,293,nback,1
834,VP002,294,nback,1
835,VP002,295,nback,1
836,VP002,296,nback,1
837,VP002,297,nback,1
838,VP002,298,nback,1
839,VP002,299,nback,1
840,VP002,300,nback,1
841,VP002,301,nback,2
842,VP002,302,nback,2
843,VP002,303,nback,2
844,VP002,304,nback,2
845,VP002,305,nback,2
846,VP002,306,nback,2
847,VP002,307,nback,2
848,VP002,308,nback,2
849,VP002,309,nback,2
850,VP002,310,nback,2
851,VP002,311,nback,2
852,VP002,312,nback,2
853,VP002,313,nback,2
854,VP002,314,nback,2
855,VP002,315,nback,2
856,VP002,316,nback,2
857,VP002,317,nback,2
858,VP002,318,nback,2
859,VP002,319,nback,2
860,VP002,320,nback,2
861,VP002,321,nback,1
862,VP002,322,nback,1
863,VP002,323,nback,1
864,VP002,324,nback,1
865,VP002,325,nback,1
866,VP002,326,nback,1
867,VP002,327,nback,1
868,VP002,328,nback,1
869,VP002,329,nback,1
870,VP002,330,nback,1
871,VP002,331,nback,1
872,VP002,332,nback,1
873,VP002,333,nback,1
874,VP002,334,nback,1
875,VP002,335,nback,1
876,VP002,336,nback,1
877,VP002,337,nback,1
878,VP002,338,nback,1
879,VP002,339,nback,1
880,VP002,340,nback,1
881,VP002,341,nback,0
882,VP002,342,nback,0
883,VP002,343,nback,0
884,VP002,344,nback,0
885,VP002,345,nback,0
886,VP002,346,nback,0
887,VP002,347,nback,0
888,VP002,348,nback,0
889,VP002,349,nback,0
890,VP002,350,nback,0
891,VP002,351,nback,0
892,VP002,352,nback,0
893,VP002,353,nback,0
894,VP002,354,nback,0
895,VP002,355,nback,0
896,VP002,356,nback,0
897,VP002,357,nback,0
898,VP002,358,nback,0
899,VP002,359,nback,0
900,VP002,360,nback,0
901,VP002,361,nback,0
902,VP002,362,nback,0
903,VP002,363,nback,0
904,VP002,364,nback,0
905,VP002,365,nback,0
906,VP002,366,nback,0
907,VP002,367,nback,0
908,VP002,368,nback,0
909,VP002,369,nback,0
910,VP002,370,nback,0
911,VP002,371,nback,0
912,VP002,372,nback,0
913,VP002,373,nback,0
914,VP002,374,nback,0
915,VP002,375,nback,0
916,VP002,376,nback,0
917,VP002,377,nback,0
918,VP002,378,nback,0
919,VP002,379,nback,0
920,VP002,380,nback,0
921,VP002,381,nback,2
922,VP002,382,nback,2
923,VP002,383,nback,2
924,VP002,384,nback,2
925,VP002,385,nback,2
926,VP002,386,nback,2
927,VP002,387,nback,2
928,VP002,388,nback,2
929,VP002,389,nback,2
930,VP002,390,nback,2
931,VP002,391,nback,2
932,VP002,392,nback,2
933,VP002,393,nback,2
934,VP002,394,nback,2
935,VP002,395,nback,2
936,VP002,396,nback,2
937,VP002,397,nback,2
938,VP002,398,nback,2
939,VP002,399,nback,2
940,VP002,400,nback,2
941,VP002,401,nback,1
942,VP002,402,nback,1
943,VP002,403,nback,1
944,VP002,404,nback,1
945,VP002,405,nback,1
946,VP002,406,nback,1
947,VP002,407,nback,1
948,VP002,408,nback,1
949,VP002,409,nback,1
950,VP002,410,nback,1
951,VP002,411,nback,1
952,VP002,412,nback,1
953,VP002,413,nback,1
954,VP002,414,nback,1
955,VP002,415,nback,1
956,VP002,416,nback,1
957,VP002,417,nback,1
958,VP002,418,nback,1
959,VP002,419,nback,1
960,VP002,420,nback,1
961,VP002,421,nback,2
962,VP002,422,nback,2
963,VP002,423,nback,2
964,VP002,424,nback,2
965,VP002,425,nback,2
966,VP002,426,nback,2
967,VP002,427,nback,2
968,VP002,428,nback,2
969,VP002,429,nback,2
970,VP002,430,nback,2
971,VP002,431,nback,2
972,VP002,432,nback,2
973,VP002,433,nback,2
974,VP002,434,nback,2
975,VP002,435,nback,2
976,VP002,436,nback,2
977,VP002,437,nback,2
978,VP002,438,nback,2
979,VP002,439,nback,2
980,VP002,440,nback,2
981,VP002,441,nback,1
982,VP002,442,nback,1
983,VP002,443,nback,1
984,VP002,444,nback,1
985,VP002,445,nback,1
986,VP002,446,nback,1
987,VP002,447,nback,1
988,VP002,448,nback,1
989,VP002,449,nback,1
990,VP002,450,nback,1
991,VP002,451,nback,1
992,VP002,452,nback,1
993,VP002,453,nback,1
994,VP002,454,nback,1
995,VP002,455,nback,1
996,VP002,456,nback,1
997,VP002,457,nback,1
998,VP002,458,nback,1
999,VP002,459,nback,1
1000,VP002,460,nback,1
1001,VP002,461,nback,0
1002,VP002,462,nback,0
1003,VP002,463,nback,0
1004,VP002,464,nback,0
1005,VP002,465,nback,0
1006,VP002,466,nback,0
1007,VP002,467,nback,0
1008,VP002,468,nback,0
1009,VP002,469,nback,0
1010,VP002,470,nback,0
1011,VP002,471,nback,0
1012,VP002,472,nback,0
1013,VP002,473,nback,0
1014,VP002,474,nback,0
1015,VP002,475,nback,0
1016,VP002,476,nback,0
1017,VP002,477,nback,0
1018,VP002,478,nback,0
1019,VP002,479,nback,0
1020,VP002,480,nback,0
1021,VP002,481,nback,1
1022,VP002,482,nback,1
1023,VP002,483,nback,1
1024,VP002,484,nback,1
1025,VP002,485,nback,1
1026,VP002,486,nback,1
1027,VP002,487,nback,1
1028,VP002,488,nback,1
1029,VP002,489,nback,1
1030,VP002,490,nback,1
1031,VP002,491,nback,1
1032,VP002,492,nback,1
1033,VP002,493,nback,1
1034,VP002,494,nback,1
1035,VP002,495,nback,1
1036,VP002,496,nback,1
1037,VP002,497,nback,1
1038,VP002,498,nback,1
1039,VP002,499,nback,1
1040,VP002,500,nback,1
1041,VP002,501,nback,0
1042,VP002,502,nback,0
1043,VP002,503,nback,0
1044,VP002,504,nback,0
1045,VP002,505,nback,0
1046,VP002,506,nback,0
1047,VP002,507,nback,0
1048,VP002,508,nback,0
1049,VP002,509,nback,0
1050,VP002,510,nback,0
1051,VP002,511,nback,0
1052,VP002,512,nback,0
1053,VP002,513,nback,0
1054,VP002,514,nback,0
1055,VP002,515,nback,0
1056,VP002,516,nback,0
1057,VP002,517,nback,0
1058,VP002,518,nback,0
1059,VP002,519,nback,0
1060,VP002,520,nback,0
1061,VP002,521,nback,2
1062,VP002,522,nback,2
1063,VP002,523,nback,2
1064,VP002,524,nback,2
1065,VP002,525,nback,2
1066,VP002,526,nback,2
1067,VP002,527,nback,2
1068,VP002,528,nback,2
1069,VP002,529,nback,2
1070,VP002,530,nback,2
1071,VP002,531,nback,2
1072,VP002,532,nback,2
1073,VP002,533,nback,2
1074,VP002,534,nback,2
1075,VP002,535,nback,2
1076,VP002,536,nback,2
1077,VP002,537,nback,2
1078,VP002,538,nback,2
1079,VP002,539,nback,2
1080,VP002,540,nback,2
1081,VP003,1,nback,2
1082,VP003,2,nback,2
1083,VP003,3,nback,2
1084,VP003,4,nback,2
1085,VP003,5,nback,2
1086,VP003,6,nback,2
1087,VP003,7,nback,2
1088,VP003,8,nback,2
1089,VP003,9,nback,2
1090,VP003,10,nback,2
1091,VP003,11,nback,2
1092,VP003,12,nback,2
1093,VP003,13,nback,2
1094,VP003,14,nback,2
1095,VP003,15,nback,2
1096,VP003,16,nback,2
1097,VP003,17,nback,2
1098,VP003,18,nback,2
1099,VP003,19,nback,2
1100,VP003,20,nback,2
1101,VP003,21,nback,1
1102,VP003,22,nback,1
1103,VP003,23,nback,1
1104,VP003,24,nback,1
1105,VP003,25,nback,1
1106,VP003,26,nback,1
1107,VP003,27,nback,1
1108,VP003,28,nback,1
1109,VP003,29,nback,1
1110,VP003,30,nback,1
1111,VP003,31,nback,1
1112,VP003,32,nback,1
1113,VP003,33,nback,1
1114,VP003,34,nback,1
1115,VP003,35,nback,1
1116,VP003,36,nback,1
1117,VP003,37,nback,1
1118,VP003,38,nback,1
1119,VP003,39,nback,1
1120,VP003,40,nback,1
1121,VP003,41,nback,0
1122,VP003,42,nback,0
1123,VP003,43,nback,0
1124,VP003,44,nback,0
1125,VP003,45,nback,0
1126,VP003,46,nback,0
1127,VP003,47,nback,0
1128,VP003,48,nback,0
1129,VP003,49,nback,0
1130,VP003,50,nback,0
1131,VP003,51,nback,0
1132,VP003,52,nback,0
1133,VP003,53,nback,0
1134,VP003,54,nback,0
1135,VP003,55,nback,0
1136,VP003,56,nback,0
1137,VP003,57,nback,0
1138,VP003,58,nback,0
1139,VP003,59,nback,0
1140,VP003,60,nback,0
1141,VP003,61,nback,1
1142,VP003,62,nback,1
1143,VP003,63,nback,1
1144,VP003,64,nback,1
1145,VP003,65,nback,1
1146,VP003,66,nback,1
1147,VP003,67,nback,1
1148,VP003,68,nback,1
1149,VP003,69,nback,1
1150,VP003,70,nback,1
1151,VP003,71,nback,1
1152,VP003,72,nback,1
1153,VP003,73,nback,1
1154,VP003,74,nback,1
1155,VP003,75,nback,1
1156,VP003,76,nback,1
1157,VP003,77,nback,1
1158,VP003,78,nback,1
1159,VP003,79,nback,1
1160,VP003,80,nback,1
1161,VP003,81,nback,0
1162,VP003,82,nback,0
1163,VP003,83,nback,0
1164,VP003,84,nback,0
1165,VP003,85,nback,0
1166,VP003,86,nback,0
1167,VP003,87,nback,0
1168,VP003,88,nback,0
1169,VP003,89,nback,0
1170,VP003,90,nback,0
1171,VP003,91,nback,0
1172,VP003,92,nback,0
1173,VP003,93,nback,0
1174,VP003,94,nback,0
1175,VP003,95,nback,0
1176,VP003,96,nback,0
1177,VP003,97,nback,0
1178,VP003,98,nback,0
1179,VP003,99,nback,0
1180,VP003,100,nback,0
1181,VP003,101,nback,2
1182,VP003,102,nback,2
1183,VP003,103,nback,2
1184,VP003,104,nback,2
1185,VP003,105,nback,2
1186,VP003,106,nback,2
1187,VP003,107,nback,2
1188,VP003,108,nback,2
1189,VP003,109,nback,2
1190,VP003,110,nback,2
1191,VP003,111,nback,2
1192,VP003,112,nback,2
1193,VP003,113,nback,2
1194,VP003,114,nback,2
1195,VP003,115,nback,2
1196,VP003,116,nback,2
1197,VP003,117,nback,2
1198,VP003,118,nback,2
1199,VP003,119,nback,2
1200,VP003,120,nback,2
1201,VP003,121,nback,0
1202,VP003,122,nback,0
1203,VP003,123,nback,0
1204,VP003,124,nback,0
1205,VP003,125,nback,0
1206,VP003,126,nback,0
1207,VP003,127,nback,0
1208,VP003,128,nback,0
1209,VP003,129,nback,0
1210,VP003,130,nback,0
1211,VP003,131,nback,0
1212,VP003,132,nback,0
1213,VP003,133,nback,0
1214,VP003,134,nback,0
1215,VP003,135,nback,0
1216,VP003,136,nback,0
1217,VP003,137,nback,0
1218,VP003,138,nback,0
1219,VP003,139,nback,0
1220,VP003,140,nback,0
1221,VP003,141,nback,2
1222,VP003,142,nback,2
1223,VP003,143,nback,2
1224,VP003,144,nback,2
1225,VP003,145,nback,2
1226,VP003,146,nback,2
1227,VP003,147,nback,2
1228,VP003,148,nback,2
1229,VP003,149,nback,2
1230,VP003,150,nback,2
1231,VP003,151,nback,2
1232,VP003,152,nback,2
1233,VP003,153,nback,2
1234,VP003,154,nback,2
1235,VP003,155,nback,2
1236,VP003,156,nback,2
1237,VP003,157,nback,2
1238,VP003,158,nback,2
1239,VP003,159,nback,2
1240,VP003,160,nback,2
1241,VP003,161,nback,1
1242,VP003,162,nback,1
1243,VP003,163,nback,1
1244,VP003,164,nback,1
1245,VP003,165,nback,1
1246,VP003,166,nback,1
1247,VP003,167,nback,1
1248,VP003,168,nback,1
1249,VP003,169,nback,1
1250,VP003,170,nback,1
1251,VP003,171,nback,1
1252,VP003,172,nback,1
1253,VP003,173,nback,1
1254,VP003,174,nback,1
1255,VP003,175,nback,1
1256,VP003,176,nback,1
1257,VP003,177,nback,1
1258,VP003,178,nback,1
1259,VP003,179,nback,1
1260,VP003,180,nback,1
1261,VP003,181,nback,1
1262,VP003,182,nback,1
1263,VP003,183,nback,1
1264,VP003,184,nback,1
1265,VP003,185,nback,1
1266,VP003,186,nback,1
1267,VP003,187,nback,1
1268,VP003,188,nback,1
1269,VP003,189,nback,1
1270,VP003,190,nback,1
1271,VP003,191,nback,1
1272,VP003,192,nback,1
1273,VP003,193,nback,1
1274,VP003,194,nback,1
1275,VP003,195,nback,1
1276,VP003,196,nback,1
1277,VP003,197,nback,1
1278,VP003,198,nback,1
1279,VP003,199,nback,1
1280,VP003,200,nback,1
1281,VP003,201,nback,0
1282,VP003,202,nback,0
1283,VP003,203,nback,0
1284,VP003,204,nback,0
1285,VP003,205,nback,0
1286,VP003,206,nback,0
1287,VP003,207,nback,0
1288,VP003,208,nback,0
1289,VP003,209,nback,0
1290,VP003,210,nback,0
1291,VP003,211,nback,0
1292,VP003,212,nback,0
1293,VP003,213,nback,0
1294,VP003,214,nback,0
1295,VP003,215,nback,0
1296,VP003,216,nback,0
1297,VP003,217,nback,0
1298,VP003,218,nback,0
1299,VP003,219,nback,0
1300,VP003,220,nback,0
1301,VP003,221,nback,2
1302,VP003,222,nback,2
1303,VP003,223,nback,2
1304,VP003,224,nback,2
1305,VP003,225,nback,2
1306,VP003,226,nback,2
1307,VP003,227,nback,2
1308,VP003,228,nback,2
1309,VP003,229,nback,2
1310,VP003,230,nback,2
1311,VP003,231,nback,2
1312,VP003,232,nback,2
1313,VP003,233,nback,2
1314,VP003,234,nback,2
1315,VP003,235,nback,2
1316,VP003,236,nback,2
1317,VP003,237,nback,2
1318,VP003,238,nback,2
1319,VP003,239,nback,2
1320,VP003,240,nback,2
1321,VP003,241,nback,0
1322,VP003,242,nback,0
1323,VP003,243,nback,0
1324,VP003,244,nback,0
1325,VP003,245,nback,0
1326,VP003,246,nback,0
1327,VP003,247,nback,0
1328,VP003,248,nback,0
1329,VP003,249,nback,0
1330,VP003,250,nback,0
1331,VP003,251,nback,0
1332,VP003,252,nback,0
1333,VP003,253,nback,0
1334,VP003,254,nback,0
1335,VP003,255,nback,0
1336,VP003,256,nback,0
1337,VP003,257,nback,0
1338,VP003,258,nback,0
1339,VP003,259,nback,0
1340,VP003,260,nback,0
1341,VP003,261,nback,2
1342,VP003,262,nback,2
1343,VP003,263,nback,2
1344,VP003,264,nback,2
1345,VP003,265,nback,2
1346,VP003,266,nback,2
1347,VP003,267,nback,2
1348,VP003,268,nback,2
1349,VP003,269,nback,2
1350,VP003,270,nback,2
1351,VP003,271,nback,2
1352,VP003,272,nback,2
1353,VP003,273,nback,2
1354,VP003,274,nback,2
1355,VP003,275,nback,2
1356,VP003,276,nback,2
1357,VP003,277,nback,2
1358,VP003,278,nback,2
1359,VP003,279,nback,2
1360,VP003,280,nback,2
1361,VP003,281,nback,1
1362,VP003,282,nback,1
1363,VP003,283,nback,1
1364,VP003,284,nback,1
1365,VP003,285,nback,1
1366,VP003,286,nback,1
1367,VP003,287,nback,1
1368,VP003,288,nback,1
1369,VP003,289,nback,1
1370,VP003,290,nback,1
1371,VP003,291,nback,1
1372,VP003,292,nback,1
1373,VP003,293,nback,1
1374,VP003,294,nback,1
1375,VP003,295,nback,1
1376,VP003,296,nback,1
1377,VP003,297,nback,1
1378,VP003,298,nback,1
1379,VP003,299,nback,1
1380,VP003,300,nback,1
1381,VP003,301,nback,2
1382,VP003,302,nback,2
1383,VP003,303,nback,2
1384,VP003,304,nback,2
1385,VP003,305,nback,2
1386,VP003,306,nback,2
1387,VP003,307,nback,2
1388,VP003,308,nback,2
1389,VP003,309,nback,2
1390,VP003,310,nback,2
1391,VP003,311,nback,2
1392,VP003,312,nback,2
1393,VP003,313,nback,2
1394,VP003,314,nback,2
1395,VP003,315,nback,2
1396,VP003,316,nback,2
1397,VP003,317,nback,2
1398,VP003,318,nback,2
1399,VP003,319,nback,2
1400,VP003,320,nback,2
1401,VP003,321,nback,1
1402,VP003,322,nback,1
1403,VP003,323,nback,1
1404,VP003,324,nback,1
1405,VP003,325,nback,1
1406,VP003,326,nback,1
1407,VP003,327,nback,1
1408,VP003,328,nback,1
1409,VP003,329,nback,1
1410,VP003,330,nback,1
1411,VP003,331,nback,1
1412,VP003,332,nback,1
1413,VP003,333,nback,1
1414,VP003,334,nback,1
1415,VP003,335,nback,1
1416,VP003,336,nback,1
1417,VP003,337,nback,1
1418,VP003,338,nback,1
1419,VP003,339,nback,1
1420,VP003,340,nback,1
1421,VP003,341,nback,0
1422,VP003,342,nback,0
1423,VP003,343,nback,0
1424,VP003,344,nback,0
1425,VP003,345,nback,0
1426,VP003,346,nback,0
1427,VP003,347,nback,0
1428,VP003,348,nback,0
1429,VP003,349,nback,0
1430,VP003,350,nback,0
1431,VP003,351,nback,0
1432,VP003,352,nback,0
1433,VP003,353,nback,0
1434,VP003,354,nback,0
1435,VP003,355,nback,0
1436,VP003,356,nback,0
1437,VP003,357,nback,0
1438,VP003,358,nback,0
1439,VP003,359,nback,0
1440,VP003,360,nback,0
1441,VP003,361,nback,0
1442,VP003,362,nback,0
1443,VP003,363,nback,0
1444,VP003,364,nback,0
1445,VP003,365,nback,0
1446,VP003,366,nback,0
1447,VP003,367,nback,0
1448,VP003,368,nback,0
1449,VP003,369,nback,0
1450,VP003,370,nback,0
1451,VP003,371,nback,0
1452,VP003,372,nback,0
1453,VP003,373,nback,0
1454,VP003,374,nback,0
1455,VP003,375,nback,0
1456,VP003,376,nback,0
1457,VP003,377,nback,0
1458,VP003,378,nback,0
1459,VP003,379,nback,0
1460,VP003,380,nback,0
1461,VP003,381,nback,2
1462,VP003,382,nback,2
1463,VP003,383,nback,2
1464,VP003,384,nback,2
1465,VP003,385,nback,2
1466,VP003,386,nback,2
1467,VP003,387,nback,2
1468,VP003,388,nback,2
1469,VP003,389,nback,2
1470,VP003,390,nback,2
1471,VP003,391,nback,2
1472,VP003,392,nback,2
1473,VP003,393,nback,2
1474,VP003,394,nback,2
1475,VP003,395,nback,2
1476,VP003,396,nback,2
1477,VP003,397,nback,2
1478,VP003,398,nback,2
1479,VP003,399,nback,2
1480,VP003,400,nback,2
1481,VP003,401,nback,1
1482,VP003,402,nback,1
1483,VP003,403,nback,1
1484,VP003,404,nback,1
1485,VP003,405,nback,1
1486,VP003,406,nback,1
1487,VP003,407,nback,1
1488,VP003,408,nback,1
1489,VP003,409,nback,1
1490,VP003,410,nback,1
1491,VP003,411,nback,1
1492,VP003,412,nback,1
1493,VP003,413,nback,1
1494,VP003,414,nback,1
1495,VP003,415,nback,1
1496,VP003,416,nback,1
1497,VP003,417,nback,1
1498,VP003,418,nback,1
1499,VP003,419,nback,1
1500,VP003,420,nback,1
1501,VP003,421,nback,2
1502,VP003,422,nback,2
1503,VP003,423,nback,2
1504,VP003,424,nback,2
1505,VP003,425,nback,2
1506,VP003,426,nback,2
1507,VP003,427,nback,2
1508,VP003,428,nback,2
1509,VP003,429,nback,2
1510,VP003,430,nback,2
1511,VP003,431,nback,2
1512,VP003,432,nback,2
1513,VP003,433,nback,2
1514,VP003,434,nback,2
1515,VP003,435,nback,2
1516,VP003,436,nback,2
1517,VP003,437,nback,2
1518,VP003,438,nback,2
1519,VP003,439,nback,2
1520,VP003,440,nback,2
1521,VP003,441,nback,1
1522,VP003,442,nback,1
1523,VP003,443,nback,1
1524,VP003,444,nback,1
1525,VP003,445,nback,1
1526,VP003,446,nback,1
1527,VP003,447,nback,1
1528,VP003,448,nback,1
1529,VP003,449,nback,1
1530,VP003,450,nback,1
1531,VP003,451,nback,1
1532,VP003,452,nback,1
1533,VP003,453,nback,1
1534,VP003,454,nback,1
1535,VP003,455,nback,1
1536,VP003,456,nback,1
1537,VP003,457,nback,1
1538,VP003,458,nback,1
1539,VP003,459,nback,1
1540,VP003,460,nback,1
1541,VP003,461,nback,0
1542,VP003,462,nback,0
1543,VP003,463,nback,0
1544,VP003,464,nback,0
1545,VP003,465,nback,0
1546,VP003,466,nback,0
1547,VP003,467,nback,0
1548,VP003,468,nback,0
1549,VP003,469,nback,0
1550,VP003,470,nback,0
1551,VP003,471,nback,0
1552,VP003,472,nback,0
1553,VP003,473,nback,0
1554,VP003,474,nback,0
1555,VP003,475,nback,0
1556,VP003,476,nback,0
1557,VP003,477,nback,0
1558,VP003,478,nback,0
1559,VP003,479,nback,0
1560,VP003,480,nback,0
1561,VP003,481,nback,1
1562,VP003,482,nback,1
1563,VP003,483,nback,1
1564,VP003,484,nback,1
1565,VP003,485,nback,1
1566,VP003,486,nback,1
1567,VP003,487,nback,1
1568,VP003,488,nback,1
1569,VP003,489,nback,1
1570,VP003,490,nback,1
1571,VP003,491,nback,1
1572,VP003,492,nback,1
1573,VP003,493,nback,1
1574,VP003,494,nback,1
1575,VP003,495,nback,1
1576,VP003,496,nback,1
1577,VP003,497,nback,1
1578,VP003,498,nback,1
1579,VP003,499,nback,1
1580,VP003,500,nback,1
1581,VP003,501,nback,0
1582,VP003,502,nback,0
1583,VP003,503,nback,0
1584,VP003,504,nback,0
1585,VP003,505,nback,0
1586,VP003,506,nback,0
1587,VP003,507,nback,0
1588,VP003,508,nback,0
1589,VP003,509,nback,0
1590,VP003,510,nback,0
1591,VP003,511,nback,0
1592,VP003,512,nback,0
1593,VP003,513,nback,0
1594,VP003,514,nback,0
1595,VP003,515,nback,0
1596,VP003,516,nback,0
1597,VP003,517,nback,0
1598,VP003,518,nback,0
1599,VP003,519,nback,0
1600,VP003,520,nback,0
1601,VP003,521,nback,2
1602,VP003,522,nback,2
1603,VP003,523,nback,2
1604,VP003,524,nback,2
1605,VP003,525,nback,2
1606,VP003,526,nback,2
1607,VP003,527,nback,2
1608,VP003,528,nback,2
1609,VP003,529,nback,2
1610,VP003,530,nback,2
1611,VP003,531,nback,2
1612,VP003,532,nback,2
1613,VP003,533,nback,2
1614,VP003,534,nback,2
1615,VP003,535,nback,2
1616,VP003,536,nback,2
1617,VP003,537,nback,2
1618,VP003,538,nback,2
1619,VP003,539,nback,2
1620,VP003,540,nback,2
1621,VP004,1,nback,2
1622,VP004,2,nback,2
1623,VP004,3,nback,2
1624,VP004,4,nback,2
1625,VP004,5,nback,2
1626,VP004,6,nback,2
1627,VP004,7,nback,2
1628,VP004,8,nback,2
1629,VP004,9,nback,2
1630,VP004,10,nback,2
1631,VP004,11,nback,2
1632,VP004,12,nback,2
1633,VP004,13,nback,2
1634,VP004,14,nback,2
1635,VP004,15,nback,2
1636,VP004,16,nback,2
1637,VP004,17,nback,2
1638,VP004,18,nback,2
1639,VP004,19,nback,2
1640,VP004,20,nback,2
1641,VP004,21,nback,1
1642,VP004,22,nback,1
1643,VP004,23,nback,1
1644,VP004,24,nback,1
1645,VP004,25,nback,1
1646,VP004,26,nback,1
1647,VP004,27,nback,1
1648,VP004,28,nback,1
1649,VP004,29,nback,1
1650,VP004,30,nback,1
1651,VP004,31,nback,1
1652,VP004,32,nback,1
1653,VP004,33,nback,1
1654,VP004,34,nback,1
1655,VP004,35,nback,1
1656,VP004,36,nback,1
1657,VP004,37,nback,1
1658,VP004,38,nback,1
1659,VP004,39,nback,1
1660,VP004,40,nback,1
1661,VP004,41,nback,0
1662,VP004,42,nback,0
1663,VP004,43,nback,0
1664,VP004,44,nback,0
1665,VP004,45,nback,0
1666,VP004,46,nback,0
1667,VP004,47,nback,0
1668,VP004,48,nback,0
1669,VP004,49,nback,0
1670,VP004,50,nback,0
1671,VP004,51,nback,0
1672,VP004,52,nback,0
1673,VP004,53,nback,0
1674,VP004,54,nback,0
1675,VP004,55,nback,0
1676,VP004,56,nback,0
1677,VP004,57,nback,0
1678,VP004,58,nback,0
1679,VP004,59,nback,0
1680,VP004,60,nback,0
1681,VP004,61,nback,1
1682,VP004,62,nback,1
1683,VP004,63,nback,1
1684,VP004,64,nback,1
1685,VP004,65,nback,1
1686,VP004,66,nback,1
1687,VP004,67,nback,1
1688,VP004,68,nback,1
1689,VP004,69,nback,1
1690,VP004,70,nback,1
1691,VP004,71,nback,1
1692,VP004,72,nback,1
1693,VP004,73,nback,1
1694,VP004,74,nback,1
1695,VP004,75,nback,1
1696,VP004,76,nback,1
1697,VP004,77,nback,1
1698,VP004,78,nback,1
1699,VP004,79,nback,1
1700,VP004,80,nback,1
1701,VP004,81,nback,0
1702,VP004,82,nback,0
1703,VP004,83,nback,0
1704,VP004,84,nback,0
1705,VP004,85,nback,0
1706,VP004,86,nback,0
1707,VP004,87,nback,0
1708,VP004,88,nback,0
1709,VP004,89,nback,0
1710,VP004,90,nback,0
1711,VP004,91,nback,0
1712,VP004,92,nback,0
1713,VP004,93,nback,0
1714,VP004,94,nback,0
1715,VP004,95,nback,0
1716,VP004,96,nback,0
1717,VP004,97,nback,0
1718,VP004,98,nback,0
1719,VP004,99,nback,0
1720,VP004,100,nback,0
1721,VP004,101,nback,2
1722,VP004,102,nback,2
1723,VP004,103,nback,2
1724,VP004,104,nback,2
1725,VP004,105,nback,2
1726,VP004,106,nback,2
1727,VP004,107,nback,2
1728,VP004,108,nback,2
1729,VP004,109,nback,2
1730,VP004,110,nback,2
1731,VP004,111,nback,2
1732,VP004,112,nback,2
1733,VP004,113,nback,2
1734,VP004,114,nback,2
1735,VP004,115,nback,2
1736,VP004,116,nback,2
1737,VP004,117,nback,2
1738,VP004,118,nback,2
1739,VP004,119,nback,2
1740,VP004,120,nback,2
1741,VP004,121,nback,0
1742,VP004,122,nback,0
1743,VP004,123,nback,0
1744,VP004,124,nback,0
1745,VP004,125,nback,0
1746,VP004,126,nback,0
1747,VP004,127,nback,0
1748,VP004,128,nback,0
1749,VP004,129,nback,0
1750,VP004,130,nback,0
1751,VP004,131,nback,0
1752,VP004,132,nback,0
1753,VP004,133,nback,0
1754,VP004,134,nback,0
1755,VP004,135,nback,0
1756,VP004,136,nback,0
1757,VP004,137,nback,0
1758,VP004,138,nback,0
1759,VP004,139,nback,0
1760,VP004,140,nback,0
1761,VP004,141,nback,2
1762,VP004,142,nback,2
1763,VP004,143,nback,2
1764,VP004,144,nback,2
1765,VP004,145,nback,2
1766,VP004,146,nback,2
1767,VP004,147,nback,2
1768,VP004,148,nback,2
1769,VP004,149,nback,2
1770,VP004,150,nback,2
1771,VP004,151,nback,2
1772,VP004,152,nback,2
1773,VP004,153,nback,2
1774,VP004,154,nback,2
1775,VP004,155,nback,2
1776,VP004,156,nback,2
1777,VP004,157,nback,2
1778,VP004,158,nback,2
1779,VP004,159,nback,2
1780,VP004,160,nback,2
1781,VP004,161,nback,1
1782,VP004,162,nback,1
1783,VP004,163,nback,1
1784,VP004,164,nback,1
1785,VP004,165,nback,1
1786,VP004,166,nback,1
1787,VP004,167,nback,1
1788,VP004,168,nback,1
1789,VP004,169,nback,1
1790,VP004,170,nback,1
1791,VP004,171,nback,1
1792,VP004,172,nback,1
1793,VP004,173,nback,1
1794,VP004,174,nback,1
1795,VP004,175,nback,1
1796,VP004,176,nback,1
1797,VP004,177,nback,1
1798,VP004,178,nback,1
1799,VP004,179,nback,1
1800,VP004,180,nback,1
1801,VP004,181,nback,1
1802,VP004,182,nback,1
1803,VP004,183,nback,1
1804,VP004,184,nback,1
1805,VP004,185,nback,1
1806,VP004,186,nback,1
1807,VP004,187,nback,1
1808,VP004,188,nback,1
1809,VP004,189,nback,1
1810,VP004,190,nback,1
1811,VP004,191,nback,1
1812,VP004,192,nback,1
1813,VP004,193,nback,1
1814,VP004,194,nback,1
1815,VP004,195,nback,1
1816,VP004,196,nback,1
1817,VP004,197,nback,1
1818,VP004,198,nback,1
1819,VP004,199,nback,1
1820,VP004,200,nback,1
1821,VP004,201,nback,0
1822,VP004,202,nback,0
1823,VP004,203,nback,0
1824,VP004,204,nback,0
1825,VP004,205,nback,0
1826,VP004,206,nback,0
1827,VP004,207,nback,0
1828,VP004,208,nback,0
1829,VP004,209,nback,0
1830,VP004,210,nback,0
1831,VP004,211,nback,0
1832,VP004,212,nback,0
1833,VP004,213,nback,0
1834,VP004,214,nback,0
1835,VP004,215,nback,0
1836,VP004,216,nback,0
1837,VP004,217,nback,0
1838,VP004,218,nback,0
1839,VP004,219,nback,0
1840,VP004,220,nback,0
1841,VP004,221,nback,2
1842,VP004,222,nback,2
1843,VP004,223,nback,2
1844,VP004,224,nback,2
1845,VP004,225,nback,2
1846,VP004,226,nback,2
1847,VP004,227,nback,2
1848,VP004,228,nback,2
1849,VP004,229,nback,2
1850,VP004,230,nback,2
1851,VP004,231,nback,2
1852,VP004,232,nback,2
1853,VP004,233,nback,2
1854,VP004,234,nback,2
1855,VP004,235,nback,2
1856,VP004,236,nback,2
1857,VP004,237,nback,2
1858,VP004,238,nback,2
1859,VP004,239,nback,2
1860,VP004,240,nback,2
1861,VP004,241,nback,0
1862,VP004,242,nback,0
1863,VP004,243,nback,0
1864,VP004,244,nback,0
1865,VP004,245,nback,0
1866,VP004,246,nback,0
1867,VP004,247,nback,0
1868,VP004,248,nback,0
1869,VP004,249,nback,0
1870,VP004,250,nback,0
1871,VP004,251,nback,0
1872,VP004,252,nback,0
1873,VP004,253,nback,0
1874,VP004,254,nback,0
1875,VP004,255,nback,0
1876,VP004,256,nback,0
1877,VP004,257,nback,0
1878,VP004,258,nback,0
1879,VP004,259,nback,0
1880,VP004,260,nback,0
1881,VP004,261,nback,2
1882,VP004,262,nback,2
1883,VP004,263,nback,2
1884,VP004,264,nback,2
1885,VP004,265,nback,2
1886,VP004,266,nback,2
1887,VP004,267,nback,2
1888,VP004,268,nback,2
1889,VP004,269,nback,2
1890,VP004,270,nback,2
1891,VP004,271,nback,2
1892,VP004,272,nback,2
1893,VP004,273,nback,2
1894,VP004,274,nback,2
1895,VP004,275,nback,2
1896,VP004,276,nback,2
1897,VP004,277,nback,2
1898,VP004,278,nback,2
1899,VP004,279,nback,2
1900,VP004,280,nback,2
1901,VP004,281,nback,1
1902,VP004,282,nback,1
1903,VP004,283,nback,1
1904,VP004,284,nback,1
1905,VP004,285,nback,1
1906,VP004,286,nback,1
1907,VP004,287,nback,1
1908,VP004,288,nback,1
1909,VP004,289,nback,1
1910,VP004,290,nback,1
1911,VP004,291,nback,1
1912,VP004,292,nback,1
1913,VP004,293,nback,1
1914,VP004,294,nback,1
1915,VP004,295,nback,1
1916,VP004,296,nback,1
1917,VP004,297,nback,1
1918,VP004,298,nback,1
1919,VP004,299,nback,1
1920,VP004,300,nback,1
1921,VP004,301,nback,2
1922,VP004,302,nback,2
1923,VP004,303,nback,2
1924,VP004,304,nback,2
1925,VP004,305,nback,2
1926,VP004,306,nback,2
1927,VP004,307,nback,2
1928,VP004,308,nback,2
1929,VP004,309,nback,2
1930,VP004,310,nback,2
1931,VP004,311,nback,2
1932,VP004,312,nback,2
1933,VP004,313,nback,2
1934,VP004,314,nback,2
1935,VP004,315,nback,2
1936,VP004,316,nback,2
1937,VP004,317,nback,2
1938,VP004,318,nback,2
1939,VP004,319,nback,2
1940,VP004,320,nback,2
1941,VP004,321,nback,1
1942,VP004,322,nback,1
1943,VP004,323,nback,1
1944,VP004,324,nback,1
1945,VP004,325,nback,1
1946,VP004,326,nback,1
1947,VP004,327,nback,1
1948,VP004,328,nback,1
1949,VP004,329,nback,1
1950,VP004,330,nback,1
1951,VP004,331,nback,1
1952,VP004,332,nback,1
1953,VP004,333,nback,1
1954,VP004,334,nback,1
1955,VP004,335,nback,1
1956,VP004,336,nback,1
1957,VP004,337,nback,1
1958,VP004,338,nback,1
1959,VP004,339,nback,1
1960,VP004,340,nback,1
1961,VP004,341,nback,0
1962,VP004,342,nback,0
1963,VP004,343,nback,0
1964,VP004,344,nback,0
1965,VP004,345,nback,0
1966,VP004,346,nback,0
1967,VP004,347,nback,0
1968,VP004,348,nback,0
1969,VP004,349,nback,0
1970,VP004,350,nback,0
1971,VP004,351,nback,0
1972,VP004,352,nback,0
1973,VP004,353,nback,0
1974,VP004,354,nback,0
1975,VP004,355,nback,0
1976,VP004,356,nback,0
1977,VP004,357,nback,0
1978,VP004,358,nback,0
1979,VP004,359,nback,0
1980,VP004,360,nback,0
1981,VP004,361,nback,0
1982,VP004,362,nback,0
1983,VP004,363,nback,0
1984,VP004,364,nback,0
1985,VP004,365,nback,0
1986,VP004,366,nback,0
1987,VP004,367,nback,0
1988,VP004,368,nback,0
1989,VP004,369,nback,0
1990,VP004,370,nback,0
1991,VP004,371,nback,0
1992,VP004,372,nback,0
1993,VP004,373,nback,0
1994,VP004,374,nback,0
1995,VP004,375,nback,0
1996,VP004,376,nback,0
1997,VP004,377,nback,0
1998,VP004,378,nback,0
1999,VP004,379,nback,0
2000,VP004,380,nback,0
2001,VP004,381,nback,2
2002,VP004,382,nback,2
2003,VP004,383,nback,2
2004,VP004,384,nback,2
2005,VP004,385,nback,2
2006,VP004,386,nback,2
2007,VP004,387,nback,2
2008,VP004,388,nback,2
2009,VP004,389,nback,2
2010,VP004,390,nback,2
2011,VP004,391,nback,2
2012,VP004,392,nback,2
2013,VP004,393,nback,2
2014,VP004,394,nback,2
2015,VP004,395,nback,2
2016,VP004,396,nback,2
2017,VP004,397,nback,2
2018,VP004,398,nback,2
2019,VP004,399,nback,2
2020,VP004,400,nback,2
2021,VP004,401,nback,1
2022,VP004,402,nback,1
2023,VP004,403,nback,1
2024,VP004,404,nback,1
2025,VP004,405,nback,1
2026,VP004,406,nback,1
2027,VP004,407,nback,1
2028,VP004,408,nback,1
2029,VP004,409,nback,1
2030,VP004,410,nback,1
2031,VP004,411,nback,1
2032,VP004,412,nback,1
2033,VP004,413,nback,1
2034,VP004,414,nback,1
2035,VP004,415,nback,1
2036,VP004,416,nback,1
2037,VP004,417,nback,1
2038,VP004,418,nback,1
2039,VP004,419,nback,1
2040,VP004,420,nback,1
2041,VP004,421,nback,2
2042,VP004,422,nback,2
2043,VP004,423,nback,2
2044,VP004,424,nback,2
2045,VP004,425,nback,2
2046,VP004,426,nback,2
2047,VP004,427,nback,2
2048,VP004,428,nback,2
2049,VP004,429,nback,2
2050,VP004,430,nback,2
2051,VP004,431,nback,2
2052,VP004,432,nback,2
2053,VP004,433,nback,2
2054,VP004,434,nback,2
2055,VP004,435,nback,2
2056,VP004,436,nback,2
2057,VP004,437,nback,2
2058,VP004,438,nback,2
2059,VP004,439,nback,2
2060,VP004,440,nback,2
2061,VP004,441,nback,1
2062,VP004,442,nback,1
2063,VP004,443,nback,1
2064,VP004,444,nback,1
2065,VP004,445,nback,1
2066,VP004,446,nback,1
2067,VP004,447,nback,1
2068,VP004,448,nback,1
2069,VP004,449,nback,1
2070,VP004,450,nback,1
2071,VP004,451,nback,1
2072,VP004,452,nback,1
2073,VP004,453,nback,1
2074,VP004,454,nback,1
2075,VP004,455,nback,1
2076,VP004,456,nback,1
2077,VP004,457,nback,1
2078,VP004,458,nback,1
2079,VP004,459,nback,1
2080,VP004,460,nback,1
2081,VP004,461,nback,0
2082,VP004,462,nback,0
2083,VP004,463,nback,0
2084,VP004,464,nback,0
2085,VP004,465,nback,0
2086,VP004,466,nback,0
2087,VP004,467,nback,0
2088,VP004,468,nback,0
2089,VP004,469,nback,0
2090,VP004,470,nback,0
2091,VP004,471,nback,0
2092,VP004,472,nback,0
2093,VP004,473,nback,0
2094,VP004,474,nback,0
2095,VP004,475,nback,0
2096,VP004,476,nback,0
2097,VP004,477,nback,0
2098,VP004,478,nback,0
2099,VP004,479,nback,0
2100,VP004,480,nback,0
2101,VP004,481,nback,1
2102,VP004,482,nback,1
2103,VP004,483,nback,1
2104,VP004,484,nback,1
2105,VP004,485,nback,1
2106,VP004,486,nback,1
2107,VP004,487,nback,1
2108,VP004,488,nback,1
2109,VP004,489,nback,1
2110,VP004,490,nback,1
2111,VP004,491,nback,1
2112,VP004,492,nback,1
2113,VP004,493,nback,1
2114,VP004,494,nback,1
2115,VP004,495,nback,1
2116,VP004,496,nback,1
2117,VP004,497,nback,1
2118,VP004,498,nback,1
2119,VP004,499,nback,1
2120,VP004,500,nback,1
2121,VP004,501,nback,0
2122,VP004,502,nback,0
2123,VP004,503,nback,0
2124,VP004,504,nback,0
2125,VP004,505,nback,0
2126,VP004,506,nback,0
2127,VP004,507,nback,0
2128,VP004,508,nback,0
2129,VP004,509,nback,0
2130,VP004,510,nback,0
2131,VP004,511,nback,0
2132,VP004,512,nback,0
2133,VP004,513,nback,0
2134,VP004,514,nback,0
2135,VP004,515,nback,0
2136,VP004,516,nback,0
2137,VP004,517,nback,0
2138,VP004,518,nback,0
2139,VP004,519,nback,0
2140,VP004,520,nback,0
2141,VP004,521,nback,2
2142,VP004,522,nback,2
2143,VP004,523,nback,2
2144,VP004,524,nback,2
2145,VP004,525,nback,2
2146,VP004,526,nback,2
2147,VP004,527,nback,2
2148,VP004,528,nback,2
2149,VP004,529,nback,2
2150,VP004,530,nback,2
2151,VP004,531,nback,2
2152,VP004,532,nback,2
2153,VP004,533,nback,2
2154,VP004,534,nback,2
2155,VP004,535,nback,2
2156,VP004,536,nback,2
2157,VP004,537,nback,2
2158,VP004,538,nback,2
2159,VP004,539,nback,2
2160,VP004,540,nback,2
2161,VP005,1,nback,2
2162,VP005,2,nback,2
2163,VP005,3,nback,2
2164,VP005,4,nback,2
2165,VP005,5,nback,2
2166,VP005,6,nback,2
2167,VP005,7,nback,2
2168,VP005,8,nback,2
2169,VP005,9,nback,2
2170,VP005,10,nback,2
2171,VP005,11,nback,2
2172,VP005,12,nback,2
2173,VP005,13,nback,2
2174,VP005,14,nback,2
2175,VP005,15,nback,2
2176,VP005,16,nback,2
2177,VP005,17,nback,2
2178,VP005,18,nback,2
2179,VP005,19,nback,2
2180,VP005,20,nback,2
2181,VP005,21,nback,1
2182,VP005,22,nback,1
2183,VP005,23,nback,1
2184,VP005,24,nback,1
2185,VP005,25,nback,1
2186,VP005,26,nback,1
2187,VP005,27,nback,1
2188,VP005,28,nback,1
2189,VP005,29,nback,1
2190,VP005,30,nback,1
2191,VP005,31,nback,1
2192,VP005,32,nback,1
2193,VP005,33,nback,1
2194,VP005,34,nback,1
2195,VP005,35,nback,1
2196,VP005,36,nback,1
2197,VP005,37,nback,1
2198,VP005,38,nback,1
2199,VP005,39,nback,1
2200,VP005,40,nback,1
2201,VP005,41,nback,0
2202,VP005,42,nback,0
2203,VP005,43,nback,0
2204,VP005,44,nback,0
2205,VP005,45,nback,0
2206,VP005,46,nback,0
2207,VP005,47,nback,0
2208,VP005,48,nback,0
2209,VP005,49,nback,0
2210,VP005,50,nback,0
2211,VP005,51,nback,0
2212,VP005,52,nback,0
2213,VP005,53,nback,0
2214,VP005,54,nback,0
2215,VP005,55,nback,0
2216,VP005,56,nback,0
2217,VP005,57,nback,0
2218,VP005,58,nback,0
2219,VP005,59,nback,0
2220,VP005,60,nback,0
2221,VP005,61,nback,1
2222,VP005,62,nback,1
2223,VP005,63,nback,1
2224,VP005,64,nback,1
2225,VP005,65,nback,1
2226,VP005,66,nback,1
2227,VP005,67,nback,1
2228,VP005,68,nback,1
2229,VP005,69,nback,1
2230,VP005,70,nback,1
2231,VP005,71,nback,1
2232,VP005,72,nback,1
2233,VP005,73,nback,1
2234,VP005,74,nback,1
2235,VP005,75,nback,1
2236,VP005,76,nback,1
2237,VP005,77,nback,1
2238,VP005,78,nback,1
2239,VP005,79,nback,1
2240,VP005,80,nback,1
2241,VP005,81,nback,0
2242,VP005,82,nback,0
2243,VP005,83,nback,0
2244,VP005,84,nback,0
2245,VP005,85,nback,0
2246,VP005,86,nback,0
2247,VP005,87,nback,0
2248,VP005,88,nback,0
2249,VP005,89,nback,0
2250,VP005,90,nback,0
2251,VP005,91,nback,0
2252,VP005,92,nback,0
2253,VP005,93,nback,0
2254,VP005,94,nback,0
2255,VP005,95,nback,0
2256,VP005,96,nback,0
2257,VP005,97,nback,0
2258,VP005,98,nback,0
2259,VP005,99,nback,0
2260,VP005,100,nback,0
2261,VP005,101,nback,2
2262,VP005,102,nback,2
2263,VP005,103,nback,2
2264,VP005,104,nback,2
2265,VP005,105,nback,2
2266,VP005,106,nback,2
2267,VP005,107,nback,2
2268,VP005,108,nback,2
2269,VP005,109,nback,2
2270,VP005,110,nback,2
2271,VP005,111,nback,2
2272,VP005,112,nback,2
2273,VP005,113,nback,2
2274,VP005,114,nback,2
2275,VP005,115,nback,2
2276,VP005,116,nback,2
2277,VP005,117,nback,2
2278,VP005,118,nback,2
2279,VP005,119,nback,2
2280,VP005,120,nback,2
2281,VP005,121,nback,0
2282,VP005,122,nback,0
2283,VP005,123,nback,0
2284,VP005,124,nback,0
2285,VP005,125,nback,0
2286,VP005,126,nback,0
2287,VP005,127,nback,0
2288,VP005,128,nback,0
2289,VP005,129,nback,0
2290,VP005,130,nback,0
2291,VP005,131,nback,0
2292,VP005,132,nback,0
2293,VP005,133,nback,0
2294,VP005,134,nback,0
2295,VP005,135,nback,0
2296,VP005,136,nback,0
2297,VP005,137,nback,0
2298,VP005,138,nback,0
2299,VP005,139,nback,0
2300,VP005,140,nback,0
2301,VP005,141,nback,2
2302,VP005,142,nback,2
2303,VP005,143,nback,2
2304,VP005,144,nback,2
2305,VP005,145,nback,2
2306,VP005,146,nback,2
2307,VP005,147,nback,2
2308,VP005,148,nback,2
2309,VP005,149,nback,2
2310,VP005,150,nback,2
2311,VP005,151,nback,2
2312,VP005,152,nback,2
2313,VP005,153,nback,2
2314,VP005,154,nback,2
2315,VP005,155,nback,2
2316,VP005,156,nback,2
2317,VP005,157,nback,2
2318,VP005,158,nback,2
2319,VP005,159,nback,2
2320,VP005,160,nback,2
2321,VP005,161,nback,1
2322,VP005,162,nback,1
2323,VP005,163,nback,1
2324,VP005,164,nback,1
2325,VP005,165,nback,1
2326,VP005,166,nback,1
2327,VP005,167,nback,1
2328,VP005,168,nback,1
2329,VP005,169,nback,1
2330,VP005,170,nback,1
2331,VP005,171,nback,1
2332,VP005,172,nback,1
2333,VP005,173,nback,1
2334,VP005,174,nback,1
2335,VP005,175,nback,1
2336,VP005,176,nback,1
2337,VP005,177,nback,1
2338,VP005,178,nback,1
2339,VP005,179,nback,1
2340,VP005,180,nback,1
2341,VP005,181,nback,1
2342,VP005,182,nback,1
2343,VP005,183,nback,1
2344,VP005,184,nback,1
2345,VP005,185,nback,1
2346,VP005,186,nback,1
2347,VP005,187,nback,1
2348,VP005,188,nback,1
2349,VP005,189,nback,1
2350,VP005,190,nback,1
2351,VP005,191,nback,1
2352,VP005,192,nback,1
2353,VP005,193,nback,1
2354,VP005,194,nback,1
2355,VP005,195,nback,1
2356,VP005,196,nback,1
2357,VP005,197,nback,1
2358,VP005,198,nback,1
2359,VP005,199,nback,1
2360,VP005,200,nback,1
2361,VP005,201,nback,0
2362,VP005,202,nback,0
2363,VP005,203,nback,0
2364,VP005,204,nback,0
2365,VP005,205,nback,0
2366,VP005,206,nback,0
2367,VP005,207,nback,0
2368,VP005,208,nback,0
2369,VP005,209,nback,0
2370,VP005,210,nback,0
2371,VP005,211,nback,0
2372,VP005,212,nback,0
2373,VP005,213,nback,0
2374,VP005,214,nback,0
2375,VP005,215,nback,0
2376,VP005,216,nback,0
2377,VP005,217,nback,0
2378,VP005,218,nback,0
2379,VP005,219,nback,0
2380,VP005,220,nback,0
2381,VP005,221,nback,2
2382,VP005,222,nback,2
2383,VP005,223,nback,2
2384,VP005,224,nback,2
2385,VP005,225,nback,2
2386,VP005,226,nback,2
2387,VP005,227,nback,2
2388,VP005,228,nback,2
2389,VP005,229,nback,2
2390,VP005,230,nback,2
2391,VP005,231,nback,2
2392,VP005,232,nback,2
2393,VP005,233,nback,2
2394,VP005,234,nback,2
2395,VP005,235,nback,2
2396,VP005,236,nback,2
2397,VP005,237,nback,2
2398,VP005,238,nback,2
2399,VP005,239,nback,2
2400,VP005,240,nback,2
2401,VP005,241,nback,0
2402,VP005,242,nback,0
2403,VP005,243,nback,0
2404,VP005,244,nback,0
2405,VP005,245,nback,0
2406,VP005,246,nback,0
2407,VP005,247,nback,0
2408,VP005,248,nback,0
2409,VP005,249,nback,0
2410,VP005,250,nback,0
2411,VP005,251,nback,0
2412,VP005,252,nback,0
2413,VP005,253,nback,0
2414,VP005,254,nback,0
2415,VP005,255,nback,0
2416,VP005,256,nback,0
2417,VP005,257,nback,0
2418,VP005,258,nback,0
2419,VP005,259,nback,0
2420,VP005,260,nback,0
2421,VP005,261,nback,2
2422,VP005,262,nback,2
2423,VP005,263,nback,2
2424,VP005,264,nback,2
2425,VP005,265,nback,2
2426,VP005,266,nback,2
2427,VP005,267,nback,2
2428,VP005,268,nback,2
2429,VP005,269,nback,2
2430,VP005,270,nback,2
2431,VP005,271,nback,2
2432,VP005,272,nback,2
2433,VP005,273,nback,2
2434,VP005,274,nback,2
2435,VP005,275,nback,2
2436,VP005,276,nback,2
2437,VP005,277,nback,2
2438,VP005,278,nback,2
2439,VP005,279,nback,2
2440,VP005,280,nback,2
2441,VP005,281,nback,1
2442,VP005,282,nback,1
2443,VP005,283,nback,1
2444,VP005,284,nback,1
2445,VP005,285,nback,1
2446,VP005,286,nback,1
2447,VP005,287,nback,1
2448,VP005,288,nback,1
2449,VP005,289,nback,1
2450,VP005,290,nback,1
2451,VP005,291,nback,1
2452,VP005,292,nback,1
2453,VP005,293,nback,1
2454,VP005,294,nback,1
2455,VP005,295,nback,1
2456,VP005,296,nback,1
2457,VP005,297,nback,1
2458,VP005,298,nback,1
2459,VP005,299,nback,1
2460,VP005,300,nback,1
2461,VP005,301,nback,2
2462,VP005,302,nback,2
2463,VP005,303,nback,2
2464,VP005,304,nback,2
2465,VP005,305,nback,2
2466,VP005,306,nback,2
2467,VP005,307,nback,2
2468,VP005,308,nback,2
2469,VP005,309,nback,2
2470,VP005,310,nback,2
2471,VP005,311,nback,2
2472,VP005,312,nback,2
2473,VP005,313,nback,2
2474,VP005,314,nback,2
2475,VP005,315,nback,2
2476,VP005,316,nback,2
2477,VP005,317,nback,2
2478,VP005,318,nback,2
2479,VP005,319,nback,2
2480,VP005,320,nback,2
2481,VP005,321,nback,1
2482,VP005,322,nback,1
2483,VP005,323,nback,1
2484,VP005,324,nback,1
2485,VP005,325,nback,1
2486,VP005,326,nback,1
2487,VP005,327,nback,1
2488,VP005,328,nback,1
2489,VP005,329,nback,1
2490,VP005,330,nback,1
2491,VP005,331,nback,1
2492,VP005,332,nback,1
2493,VP005,333,nback,1
2494,VP005,334,nback,1
2495,VP005,335,nback,1
2496,VP005,336,nback,1
2497,VP005,337,nback,1
2498,VP005,338,nback,1
2499,VP005,339,nback,1
2500,VP005,340,nback,1
2501,VP005,341,nback,0
2502,VP005,342,nback,0
2503,VP005,343,nback,0
2504,VP005,344,nback,0
2505,VP005,345,nback,0
2506,VP005,346,nback,0
2507,VP005,347,nback,0
2508,VP005,348,nback,0
2509,VP005,349,nback,0
2510,VP005,350,nback,0
2511,VP005,351,nback,0
2512,VP005,352,nback,0
2513,VP005,353,nback,0
2514,VP005,354,nback,0
2515,VP005,355,nback,0
2516,VP005,356,nback,0
2517,VP005,357,nback,0
2518,VP005,358,nback,0
2519,VP005,359,nback,0
2520,VP005,360,nback,0
2521,VP005,361,nback,0
2522,VP005,362,nback,0
2523,VP005,363,nback,0
2524,VP005,364,nback,0
2525,VP005,365,nback,0
2526,VP005,366,nback,0
2527,VP005,367,nback,0
2528,VP005,368,nback,0
2529,VP005,369,nback,0
2530,VP005,370,nback,0
2531,VP005,371,nback,0
2532,VP005,372,nback,0
2533,VP005,373,nback,0
2534,VP005,374,nback,0
2535,VP005,375,nback,0
2536,VP005,376,nback,0
2537,VP005,377,nback,0
2538,VP005,378,nback,0
2539,VP005,379,nback,0
2540,VP005,380,nback,0
2541,VP005,381,nback,2
2542,VP005,382,nback,2
2543,VP005,383,nback,2
2544,VP005,384,nback,2
2545,VP005,385,nback,2
2546,VP005,386,nback,2
2547,VP005,387,nback,2
2548,VP005,388,nback,2
2549,VP005,389,nback,2
2550,VP005,390,nback,2
2551,VP005,391,nback,2
2552,VP005,392,nback,2
2553,VP005,393,nback,2
2554,VP005,394,nback,2
2555,VP005,395,nback,2
2556,VP005,396,nback,2
2557,VP005,397,nback,2
2558,VP005,398,nback,2
2559,VP005,399,nback,2
2560,VP005,400,nback,2
2561,VP005,401,nback,1
2562,VP005,402,nback,1
2563,VP005,403,nback,1
2564,VP005,404,nback,1
2565,VP005,405,nback,1
2566,VP005,406,nback,1
2567,VP005,407,nback,1
2568,VP005,408,nback,1
2569,VP005,409,nback,1
2570,VP005,410,nback,1
2571,VP005,411,nback,1
2572,VP005,412,nback,1
2573,VP005,413,nback,1
2574,VP005,414,nback,1
2575,VP005,415,nback,1
2576,VP005,416,nback,1
2577,VP005,417,nback,1
2578,VP005,418,nback,1
2579,VP005,419,nback,1
2580,VP005,420,nback,1
2581,VP005,421,nback,2
2582,VP005,422,nback,2
2583,VP005,423,nback,2
2584,VP005,424,nback,2
2585,VP005,425,nback,2
2586,VP005,426,nback,2
2587,VP005,427,nback,2
2588,VP005,428,nback,2
2589,VP005,429,nback,2
2590,VP005,430,nback,2
2591,VP005,431,nback,2
2592,VP005,432,nback,2
2593,VP005,433,nback,2
2594,VP005,434,nback,2
2595,VP005,435,nback,2
2596,VP005,436,nback,2
2597,VP005,437,nback,2
2598,VP005,438,nback,2
2599,VP005,439,nback,2
2600,VP005,440,nback,2
2601,VP005,441,nback,1
2602,VP005,442,nback,1
2603,VP005,443,nback,1
2604,VP005,444,nback,1
2605,VP005,445,nback,1
2606,VP005,446,nback,1
2607,VP005,447,nback,1
2608,VP005,448,nback,1
2609,VP005,449,nback,1
2610,VP005,450,nback,1
2611,VP005,451,nback,1
2612,VP005,452,nback,1
2613,VP005,453,nback,1
2614,VP005,454,nback,1
2615,VP005,455,nback,1
2616,VP005,456,nback,1
2617,VP005,457,nback,1
2618,VP005,458,nback,1
2619,VP005,459,nback,1
2620,VP005,460,nback,1
2621,VP005,461,nback,0
2622,VP005,462,nback,0
2623,VP005,463,nback,0
2624,VP005,464,nback,0
2625,VP005,465,nback,0
2626,VP005,466,nback,0
2627,VP005,467,nback,0
2628,VP005,468,nback,0
2629,VP005,469,nback,0
2630,VP005,470,nback,0
2631,VP005,471,nback,0
2632,VP005,472,nback,0
2633,VP005,473,nback,0
2634,VP005,474,nback,0
2635,VP005,475,nback,0
2636,VP005,476,nback,0
2637,VP005,477,nback,0
2638,VP005,478,nback,0
2639,VP005,479,nback,0
2640,VP005,480,nback,0
2641,VP005,481,nback,1
2642,VP005,482,nback,1
2643,VP005,483,nback,1
2644,VP005,484,nback,1
2645,VP005,485,nback,1
2646,VP005,486,nback,1
2647,VP005,487,nback,1
2648,VP005,488,nback,1
2649,VP005,489,nback,1
2650,VP005,490,nback,1
2651,VP005,491,nback,1
2652,VP005,492,nback,1
2653,VP005,493,nback,1
2654,VP005,494,nback,1
2655,VP005,495,nback,1
2656,VP005,496,nback,1
2657,VP005,497,nback,1
2658,VP005,498,nback,1
2659,VP005,499,nback,1
2660,VP005,500,nback,1
2661,VP005,501,nback,0
2662,VP005,502,nback,0
2663,VP005,503,nback,0
2664,VP005,504,nback,0
2665,VP005,505,nback,0
2666,VP005,506,nback,0
2667,VP005,507,nback,0
2668,VP005,508,nback,0
2669,VP005,509,nback,0
2670,VP005,510,nback,0
2671,VP005,511,nback,0
2672,VP005,512,nback,0
2673,VP005,513,nback,0
2674,VP005,514,nback,0
2675,VP005,515,nback,0
2676,VP005,516,nback,0
2677,VP005,517,nback,0
2678,VP005,518,nback,0
2679,VP005,519,nback,0
2680,VP005,520,nback,0
2681,VP005,521,nback,2
2682,VP005,522,nback,2
2683,VP005,523,nback,2
2684,VP005,524,nback,2
2685,VP005,525,nback,2
2686,VP005,526,nback,2
2687,VP005,527,nback,2
2688,VP005,528,nback,2
2689,VP005,529,nback,2
2690,VP005,530,nback,2
2691,VP005,531,nback,2
2692,VP005,532,nback,2
2693,VP005,533,nback,2
2694,VP005,534,nback,2
2695,VP005,535,nback,2
2696,VP005,536,nback,2
2697,VP005,537,nback,2
2698,VP005,538,nback,2
2699,VP005,539,nback,2
2700,VP005,540,nback,2
2701,VP006,1,nback,2
2702,VP006,2,nback,2
2703,VP006,3,nback,2
2704,VP006,4,nback,2
2705,VP006,5,nback,2
2706,VP006,6,nback,2
2707,VP006,7,nback,2
2708,VP006,8,nback,2
2709,VP006,9,nback,2
2710,VP006,10,nback,2
2711,VP006,11,nback,2
2712,VP006,12,nback,2
2713,VP006,13,nback,2
2714,VP006,14,nback,2
2715,VP006,15,nback,2
2716,VP006,16,nback,2
2717,VP006,17,nback,2
2718,VP006,18,nback,2
2719,VP006,19,nback,2
2720,VP006,20,nback,2
2721,VP006,21,nback,1
2722,VP006,22,nback,1
2723,VP006,23,nback,1
2724,VP006,24,nback,1
2725,VP006,25,nback,1
2726,VP006,26,nback,1
2727,VP006,27,nback,1
2728,VP006,28,nback,1
2729,VP006,29,nback,1
2730,VP006,30,nback,1
2731,VP006,31,nback,1
2732,VP006,32,nback,1
2733,VP006,33,nback,1
2734,VP006,34,nback,1
2735,VP006,35,nback,1
2736,VP006,36,nback,1
2737,VP006,37,nback,1
2738,VP006,38,nback,1
2739,VP006,39,nback,1
2740,VP006,40,nback,1
2741,VP006,41,nback,0
2742,VP006,42,nback,0
2743,VP006,43,nback,0
2744,VP006,44,nback,0
2745,VP006,45,nback,0
2746,VP006,46,nback,0
2747,VP006,47,nback,0
2748,VP006,48,nback,0
2749,VP006,49,nback,0
2750,VP006,50,nback,0
2751,VP006,51,nback,0
2752,VP006,52,nback,0
2753,VP006,53,nback,0
2754,VP006,54,nback,0
2755,VP006,55,nback,0
2756,VP006,56,nback,0
2757,VP006,57,nback,0
2758,VP006,58,nback,0
2759,VP006,59,nback,0
2760,VP006,60,nback,0
2761,VP006,61,nback,1
2762,VP006,62,nback,1
2763,VP006,63,nback,1
2764,VP006,64,nback,1
2765,VP006,65,nback,1
2766,VP006,66,nback,1
2767,VP006,67,nback,1
2768,VP006,68,nback,1
2769,VP006,69,nback,1
2770,VP006,70,nback,1
2771,VP006,71,nback,1
2772,VP006,72,nback,1
2773,VP006,73,nback,1
2774,VP006,74,nback,1
2775,VP006,75,nback,1
2776,VP006,76,nback,1
2777,VP006,77,nback,1
2778,VP006,78,nback,1
2779,VP006,79,nback,1
2780,VP006,80,nback,1
2781,VP006,81,nback,0
2782,VP006,82,nback,0
2783,VP006,83,nback,0
2784,VP006,84,nback,0
2785,VP006,85,nback,0
2786,VP006,86,nback,0
2787,VP006,87,nback,0
2788,VP006,88,nback,0
2789,VP006,89,nback,0
2790,VP006,90,nback,0
2791,VP006,91,nback,0
2792,VP006,92,nback,0
2793,VP006,93,nback,0
2794,VP006,94,nback,0
2795,VP006,95,nback,0
2796,VP006,96,nback,0
2797,VP006,97,nback,0
2798,VP006,98,nback,0
2799,VP006,99,nback,0
2800,VP006,100,nback,0
2801,VP006,101,nback,2
2802,VP006,102,nback,2
2803,VP006,103,nback,2
2804,VP006,104,nback,2
2805,VP006,105,nback,2
2806,VP006,106,nback,2
2807,VP006,107,nback,2
2808,VP006,108,nback,2
2809,VP006,109,nback,2
2810,VP006,110,nback,2
2811,VP006,111,nback,2
2812,VP006,112,nback,2
2813,VP006,113,nback,2
2814,VP006,114,nback,2
2815,VP006,115,nback,2
2816,VP006,116,nback,2
2817,VP006,117,nback,2
2818,VP006,118,nback,2
2819,VP006,119,nback,2
2820,VP006,120,nback,2
2821,VP006,121,nback,0
2822,VP006,122,nback,0
2823,VP006,123,nback,0
2824,VP006,124,nback,0
2825,VP006,125,nback,0
2826,VP006,126,nback,0
2827,VP006,127,nback,0
2828,VP006,128,nback,0
2829,VP006,129,nback,0
2830,VP006,130,nback,0
2831,VP006,131,nback,0
2832,VP006,132,nback,0
2833,VP006,133,nback,0
2834,VP006,134,nback,0
2835,VP006,135,nback,0
2836,VP006,136,nback,0
2837,VP006,137,nback,0
2838,VP006,138,nback,0
2839,VP006,139,nback,0
2840,VP006,140,nback,0
2841,VP006,141,nback,2
2842,VP006,142,nback,2
2843,VP006,143,nback,2
2844,VP006,144,nback,2
2845,VP006,145,nback,2
2846,VP006,146,nback,2
2847,VP006,147,nback,2
2848,VP006,148,nback,2
2849,VP006,149,nback,2
2850,VP006,150,nback,2
2851,VP006,151,nback,2
2852,VP006,152,nback,2
2853,VP006,153,nback,2
2854,VP006,154,nback,2
2855,VP006,155,nback,2
2856,VP006,156,nback,2
2857,VP006,157,nback,2
2858,VP006,158,nback,2
2859,VP006,159,nback,2
2860,VP006,160,nback,2
2861,VP006,161,nback,1
2862,VP006,162,nback,1
2863,VP006,163,nback,1
2864,VP006,164,nback,1
2865,VP006,165,nback,1
2866,VP006,166,nback,1
2867,VP006,167,nback,1
2868,VP006,168,nback,1
2869,VP006,169,nback,1
2870,VP006,170,nback,1
2871,VP006,171,nback,1
2872,VP006,172,nback,1
2873,VP006,173,nback,1
2874,VP006,174,nback,1
2875,VP006,175,nback,1
2876,VP006,176,nback,1
2877,VP006,177,nback,1
2878,VP006,178,nback,1
2879,VP006,179,nback,1
2880,VP006,180,nback,1
2881,VP006,181,nback,1
2882,VP006,182,nback,1
2883,VP006,183,nback,1
2884,VP006,184,nback,1
2885,VP006,185,nback,1
2886,VP006,186,nback,1
2887,VP006,187,nback,1
2888,VP006,188,nback,1
2889,VP006,189,nback,1
2890,VP006,190,nback,1
2891,VP006,191,nback,1
2892,VP006,192,nback,1
2893,VP006,193,nback,1
2894,VP006,194,nback,1
2895,VP006,195,nback,1
2896,VP006,196,nback,1
2897,VP006,197,nback,1
2898,VP006,198,nback,1
2899,VP006,199,nback,1
2900,VP006,200,nback,1
2901,VP006,201,nback,0
2902,VP006,202,nback,0
2903,VP006,203,nback,0
2904,VP006,204,nback,0
2905,VP006,205,nback,0
2906,VP006,206,nback,0
2907,VP006,207,nback,0
2908,VP006,208,nback,0
2909,VP006,209,nback,0
2910,VP006,210,nback,0
2911,VP006,211,nback,0
2912,VP006,212,nback,0
2913,VP006,213,nback,0
2914,VP006,214,nback,0
2915,VP006,215,nback,0
2916,VP006,216,nback,0
2917,VP006,217,nback,0
2918,VP006,218,nback,0
2919,VP006,219,nback,0
2920,VP006,220,nback,0
2921,VP006,221,nback,2
2922,VP006,222,nback,2
2923,VP006,223,nback,2
2924,VP006,224,nback,2
2925,VP006,225,nback,2
2926,VP006,226,nback,2
2927,VP006,227,nback,2
2928,VP006,228,nback,2
2929,VP006,229,nback,2
2930,VP006,230,nback,2
2931,VP006,231,nback,2
2932,VP006,232,nback,2
2933,VP006,233,nback,2
2934,VP006,234,nback,2
2935,VP006,235,nback,2
2936,VP006,236,nback,2
2937,VP006,237,nback,2
2938,VP006,238,nback,2
2939,VP006,239,nback,2
2940,VP006,240,nback,2
2941,VP006,241,nback,0
2942,VP006,242,nback,0
2943,VP006,243,nback,0
2944,VP006,244,nback,0
2945,VP006,245,nback,0
2946,VP006,246,nback,0
2947,VP006,247,nback,0
2948,VP006,248,nback,0
2949,VP006,249,nback,0
2950,VP006,250,nback,0
2951,VP006,251,nback,0
2952,VP006,252,nback,0
2953,VP006,253,nback,0
2954,VP006,254,nback,0
2955,VP006,255,nback,0
2956,VP006,256,nback,0
2957,VP006,257,nback,0
2958,VP006,258,nback,0
2959,VP006,259,nback,0
2960,VP006,260,nback,0
2961,VP006,261,nback,2
2962,VP006,262,nback,2
2963,VP006,263,nback,2
2964,VP006,264,nback,2
2965,VP006,265,nback,2
2966,VP006,266,nback,2
2967,VP006,267,nback,2
2968,VP006,268,nback,2
2969,VP006,269,nback,2
2970,VP006,270,nback,2
2971,VP006,271,nback,2
2972,VP006,272,nback,2
2973,VP006,273,nback,2
2974,VP006,274,nback,2
2975,VP006,275,nback,2
2976,VP006,276,nback,2
2977,VP006,277,nback,2
2978,VP006,278,nback,2
2979,VP006,279,nback,2
2980,VP006,280,nback,2
2981,VP006,281,nback,1
2982,VP006,282,nback,1
2983,VP006,283,nback,1
2984,VP006,284,nback,1
2985,VP006,285,nback,1
2986,VP006,286,nback,1
2987,VP006,287,nback,1
2988,VP006,288,nback,1
2989,VP006,289,nback,1
2990,VP006,290,nback,1
2991,VP006,291,nback,1
2992,VP006,292,nback,1
2993,VP006,293,nback,1
2994,VP006,294,nback,1
2995,VP006,295,nback,1
2996,VP006,296,nback,1
2997,VP006,297,nback,1
2998,VP006,298,nback,1
2999,VP006,299,nback,1
3000,VP006,300,nback,1
3001,VP006,301,nback,2
3002,VP006,302,nback,2
3003,VP006,303,nback,2
3004,VP006,304,nback,2
3005,VP006,305,nback,2
3006,VP006,306,nback,2
3007,VP006,307,nback,2
3008,VP006,308,nback,2
3009,VP006,309,nback,2
3010,VP006,310,nback,2
3011,VP006,311,nback,2
3012,VP006,312,nback,2
3013,VP006,313,nback,2
3014,VP006,314,nback,2
3015,VP006,315,nback,2
3016,VP006,316,nback,2
3017,VP006,317,nback,2
3018,VP006,318,nback,2
3019,VP006,319,nback,2
3020,VP006,320,nback,2
3021,VP006,321,nback,1
3022,VP006,322,nback,1
3023,VP006,323,nback,1
3024,VP006,324,nback,1
3025,VP006,325,nback,1
3026,VP006,326,nback,1
3027,VP006,327,nback,1
3028,VP006,328,nback,1
3029,VP006,329,nback,1
3030,VP006,330,nback,1
3031,VP006,331,nback,1
3032,VP006,332,nback,1
3033,VP006,333,nback,1
3034,VP006,334,nback,1
3035,VP006,335,nback,1
3036,VP006,336,nback,1
3037,VP006,337,nback,1
3038,VP006,338,nback,1
3039,VP006,339,nback,1
3040,VP006,340,nback,1
3041,VP006,341,nback,0
3042,VP006,342,nback,0
3043,VP006,343,nback,0
3044,VP006,344,nback,0
3045,VP006,345,nback,0
3046,VP006,346,nback,0
3047,VP006,347,nback,0
3048,VP006,348,nback,0
3049,VP006,349,nback,0
3050,VP006,350,nback,0
3051,VP006,351,nback,0
3052,VP006,352,nback,0
3053,VP006,353,nback,0
3054,VP006,354,nback,0
3055,VP006,355,nback,0
3056,VP006,356,nback,0
3057,VP006,357,nback,0
3058,VP006,358,nback,0
3059,VP006,359,nback,0
3060,VP006,360,nback,0
3061,VP006,361,nback,0
3062,VP006,362,nback,0
3063,VP006,363,nback,0
3064,VP006,364,nback,0
3065,VP006,365,nback,0
3066,VP006,366,nback,0
3067,VP006,367,nback,0
3068,VP006,368,nback,0
3069,VP006,369,nback,0
3070,VP006,370,nback,0
3071,VP006,371,nback,0
3072,VP006,372,nback,0
3073,VP006,373,nback,0
3074,VP006,374,nback,0
3075,VP006,375,nback,0
3076,VP006,376,nback,0
3077,VP006,377,nback,0
3078,VP006,378,nback,0
3079,VP006,379,nback,0
3080,VP006,380,nback,0
3081,VP006,381,nback,2
3082,VP006,382,nback,2
3083,VP006,383,nback,2
3084,VP006,384,nback,2
3085,VP006,385,nback,2
3086,VP006,386,nback,2
3087,VP006,387,nback,2
3088,VP006,388,nback,2
3089,VP006,389,nback,2
3090,VP006,390,nback,2
3091,VP006,391,nback,2
3092,VP006,392,nback,2
3093,VP006,393,nback,2
3094,VP006,394,nback,2
3095,VP006,395,nback,2
3096,VP006,396,nback,2
3097,VP006,397,nback,2
3098,VP006,398,nback,2
3099,VP006,399,nback,2
3100,VP006,400,nback,2
3101,VP006,401,nback,1
3102,VP006,402,nback,1
3103,VP006,403,nback,1
3104,VP006,404,nback,1
3105,VP006,405,nback,1
3106,VP006,406,nback,1
3107,VP006,407,nback,1
3108,VP006,408,nback,1
3109,VP006,409,nback,1
3110,VP006,410,nback,1
3111,VP006,411,nback,1
3112,VP006,412,nback,1
3113,VP006,413,nback,1
3114,VP006,414,nback,1
3115,VP006,415,nback,1
3116,VP006,416,nback,1
3117,VP006,417,nback,1
3118,VP006,418,nback,1
3119,VP006,419,nback,1
3120,VP006,420,nback,1
3121,VP006,421,nback,2
3122,VP006,422,nback,2
3123,VP006,423,nback,2
3124,VP006,424,nback,2
3125,VP006,425,nback,2
3126,VP006,426,nback,2
3127,VP006,427,nback,2
3128,VP006,428,nback,2
3129,VP006,429,nback,2
3130,VP006,430,nback,2
3131,VP006,431,nback,2
3132,VP006,432,nback,2
3133,VP006,433,nback,2
3134,VP006,434,nback,2
3135,VP006,435,nback,2
3136,VP006,436,nback,2
3137,VP006,437,nback,2
3138,VP006,438,nback,2
3139,VP006,439,nback,2
3140,VP006,440,nback,2
3141,VP006,441,nback,1
3142,VP006,442,nback,1
3143,VP006,443,nback,1
3144,VP006,444,nback,1
3145,VP006,445,nback,1
3146,VP006,446,nback,1
3147,VP006,447,nback,1
3148,VP006,448,nback,1
3149,VP006,449,nback,1
3150,VP006,450,nback,1
3151,VP006,451,nback,1
3152,VP006,452,nback,1
3153,VP006,453,nback,1
3154,VP006,454,nback,1
3155,VP006,455,nback,1
3156,VP006,456,nback,1
3157,VP006,457,nback,1
3158,VP006,458,nback,1
3159,VP006,459,nback,1
3160,VP006,460,nback,1
3161,VP006,461,nback,0
3162,VP006,462,nback,0
3163,VP006,463,nback,0
3164,VP006,464,nback,0
3165,VP006,465,nback,0
3166,VP006,466,nback,0
3167,VP006,467,nback,0
3168,VP006,468,nback,0
3169,VP006,469,nback,0
3170,VP006,470,nback,0
3171,VP006,471,nback,0
3172,VP006,472,nback,0
3173,VP006,473,nback,0
3174,VP006,474,nback,0
3175,VP006,475,nback,0
3176,VP006,476,nback,0
3177,VP006,477,nback,0
3178,VP006,478,nback,0
3179,VP006,479,nback,0
3180,VP006,480,nback,0
3181,VP006,481,nback,1
3182,VP006,482,nback,1
3183,VP006,483,nback,1
3184,VP006,484,nback,1
3185,VP006,485,nback,1
3186,VP006,486,nback,1
3187,VP006,487,nback,1
3188,VP006,488,nback,1
3189,VP006,489,nback,1
3190,VP006,490,nback,1
3191,VP006,491,nback,1
3192,VP006,492,nback,1
3193,VP006,493,nback,1
3194,VP006,494,nback,1
3195,VP006,495,nback,1
3196,VP006,496,nback,1
3197,VP006,497,nback,1
3198,VP006,498,nback,1
3199,VP006,499,nback,1
3200,VP006,500,nback,1
3201,VP006,501,nback,0
3202,VP006,502,nback,0
3203,VP006,503,nback,0
3204,VP006,504,nback,0
3205,VP006,505,nback,0
3206,VP006,506,nback,0
3207,VP006,507,nback,0
3208,VP006,508,nback,0
3209,VP006,509,nback,0
3210,VP006,510,nback,0
3211,VP006,511,nback,0
3212,VP006,512,nback,0
3213,VP006,513,nback,0
3214,VP006,514,nback,0
3215,VP006,515,nback,0
3216,VP006,516,nback,0
3217,VP006,517,nback,0
3218,VP006,518,nback,0
3219,VP006,519,nback,0
3220,VP006,520,nback,0
3221,VP006,521,nback,2
3222,VP006,522,nback,2
3223,VP006,523,nback,2
3224,VP006,524,nback,2
3225,VP006,525,nback,2
3226,VP006,526,nback,2
3227,VP006,527,nback,2
3228,VP006,528,nback,2
3229,VP006,529,nback,2
3230,VP006,530,nback,2
3231,VP006,531,nback,2
3232,VP006,532,nback,2
3233,VP006,533,nback,2
3234,VP006,534,nback,2
3235,VP006,535,nback,2
3236,VP006,536,nback,2
3237,VP006,537,nback,2
3238,VP006,538,nback,2
3239,VP006,539,nback,2
3240,VP006,540,nback,2
3241,VP007,1,nback,2
3242,VP007,2,nback,2
3243,VP007,3,nback,2
3244,VP007,4,nback,2
3245,VP007,5,nback,2
3246,VP007,6,nback,2
3247,VP007,7,nback,2
3248,VP007,8,nback,2
3249,VP007,9,nback,2
3250,VP007,10,nback,2
3251,VP007,11,nback,2
3252,VP007,12,nback,2
3253,VP007,13,nback,2
3254,VP007,14,nback,2
3255,VP007,15,nback,2
3256,VP007,16,nback,2
3257,VP007,17,nback,2
3258,VP007,18,nback,2
3259,VP007,19,nback,2
3260,VP007,20,nback,2
3261,VP007,21,nback,1
3262,VP007,22,nback,1
3263,VP007,23,nback,1
3264,VP007,24,nback,1
3265,VP007,25,nback,1
3266,VP007,26,nback,1
3267,VP007,27,nback,1
3268,VP007,28,nback,1
3269,VP007,29,nback,1
3270,VP007,30,nback,1
3271,VP007,31,nback,1
3272,VP007,32,nback,1
3273,VP007,33,nback,1
3274,VP007,34,nback,1
3275,VP007,35,nback,1
3276,VP007,36,nback,1
3277,VP007,37,nback,1
3278,VP007,38,nback,1
3279,VP007,39,nback,1
3280,VP007,40,nback,1
3281,VP007,41,nback,0
3282,VP007,42,nback,0
3283,VP007,43,nback,0
3284,VP007,44,nback,0
3285,VP007,45,nback,0
3286,VP007,46,nback,0
3287,VP007,47,nback,0
3288,VP007,48,nback,0
3289,VP007,49,nback,0
3290,VP007,50,nback,0
3291,VP007,51,nback,0
3292,VP007,52,nback,0
3293,VP007,53,nback,0
3294,VP007,54,nback,0
3295,VP007,55,nback,0
3296,VP007,56,nback,0
3297,VP007,57,nback,0
3298,VP007,58,nback,0
3299,VP007,59,nback,0
3300,VP007,60,nback,0
3301,VP007,61,nback,1
3302,VP007,62,nback,1
3303,VP007,63,nback,1
3304,VP007,64,nback,1
3305,VP007,65,nback,1
3306,VP007,66,nback,1
3307,VP007,67,nback,1
3308,VP007,68,nback,1
3309,VP007,69,nback,1
3310,VP007,70,nback,1
3311,VP007,71,nback,1
3312,VP007,72,nback,1
3313,VP007,73,nback,1
3314,VP007,74,nback,1
3315,VP007,75,nback,1
3316,VP007,76,nback,1
3317,VP007,77,nback,1
3318,VP007,78,nback,1
3319,VP007,79,nback,1
3320,VP007,80,nback,1
3321,VP007,81,nback,0
3322,VP007,82,nback,0
3323,VP007,83,nback,0
3324,VP007,84,nback,0
3325,VP007,85,nback,0
3326,VP007,86,nback,0
3327,VP007,87,nback,0
3328,VP007,88,nback,0
3329,VP007,89,nback,0
3330,VP007,90,nback,0
3331,VP007,91,nback,0
3332,VP007,92,nback,0
3333,VP007,93,nback,0
3334,VP007,94,nback,0
3335,VP007,95,nback,0
3336,VP007,96,nback,0
3337,VP007,97,nback,0
3338,VP007,98,nback,0
3339,VP007,99,nback,0
3340,VP007,100,nback,0
3341,VP007,101,nback,2
3342,VP007,102,nback,2
3343,VP007,103,nback,2
3344,VP007,104,nback,2
3345,VP007,105,nback,2
3346,VP007,106,nback,2
3347,VP007,107,nback,2
3348,VP007,108,nback,2
3349,VP007,109,nback,2
3350,VP007,110,nback,2
3351,VP007,111,nback,2
3352,VP007,112,nback,2
3353,VP007,113,nback,2
3354,VP007,114,nback,2
3355,VP007,115,nback,2
3356,VP007,116,nback,2
3357,VP007,117,nback,2
3358,VP007,118,nback,2
3359,VP007,119,nback,2
3360,VP007,120,nback,2
3361,VP007,121,nback,0
3362,VP007,122,nback,0
3363,VP007,123,nback,0
3364,VP007,124,nback,0
3365,VP007,125,nback,0
3366,VP007,126,nback,0
3367,VP007,127,nback,0
3368,VP007,128,nback,0
3369,VP007,129,nback,0
3370,VP007,130,nback,0
3371,VP007,131,nback,0
3372,VP007,132,nback,0
3373,VP007,133,nback,0
3374,VP007,134,nback,0
3375,VP007,135,nback,0
3376,VP007,136,nback,0
3377,VP007,137,nback,0
3378,VP007,138,nback,0
3379,VP007,139,nback,0
3380,VP007,140,nback,0
3381,VP007,141,nback,2
3382,VP007,142,nback,2
3383,VP007,143,nback,2
3384,VP007,144,nback,2
3385,VP007,145,nback,2
3386,VP007,146,nback,2
3387,VP007,147,nback,2
3388,VP007,148,nback,2
3389,VP007,149,nback,2
3390,VP007,150,nback,2
3391,VP007,151,nback,2
3392,VP007,152,nback,2
3393,VP007,153,nback,2
3394,VP007,154,nback,2
3395,VP007,155,nback,2
3396,VP007,156,nback,2
3397,VP007,157,nback,2
3398,VP007,158,nback,2
3399,VP007,159,nback,2
3400,VP007,160,nback,2
3401,VP007,161,nback,1
3402,VP007,162,nback,1
3403,VP007,163,nback,1
3404,VP007,164,nback,1
3405,VP007,165,nback,1
3406,VP007,166,nback,1
3407,VP007,167,nback,1
3408,VP007,168,nback,1
3409,VP007,169,nback,1
3410,VP007,170,nback,1
3411,VP007,171,nback,1
3412,VP007,172,nback,1
3413,VP007,173,nback,1
3414,VP007,174,nback,1
3415,VP007,175,nback,1
3416,VP007,176,nback,1
3417,VP007,177,nback,1
3418,VP007,178,nback,1
3419,VP007,179,nback,1
3420,VP007,180,nback,1
3421,VP007,181,nback,1
3422,VP007,182,nback,1
3423,VP007,183,nback,1
3424,VP007,184,nback,1
3425,VP007,185,nback,1
3426,VP007,186,nback,1
3427,VP007,187,nback,1
3428,VP007,188,nback,1
3429,VP007,189,nback,1
3430,VP007,190,nback,1
3431,VP007,191,nback,1
3432,VP007,192,nback,1
3433,VP007,193,nback,1
3434,VP007,194,nback,1
3435,VP007,195,nback,1
3436,VP007,196,nback,1
3437,VP007,197,nback,1
3438,VP007,198,nback,1
3439,VP007,199,nback,1
3440,VP007,200,nback,1
3441,VP007,201,nback,0
3442,VP007,202,nback,0
3443,VP007,203,nback,0
3444,VP007,204,nback,0
3445,VP007,205,nback,0
3446,VP007,206,nback,0
3447,VP007,207,nback,0
3448,VP007,208,nback,0
3449,VP007,209,nback,0
3450,VP007,210,nback,0
3451,VP007,211,nback,0
3452,VP007,212,nback,0
3453,VP007,213,nback,0
3454,VP007,214,nback,0
3455,VP007,215,nback,0
3456,VP007,216,nback,0
3457,VP007,217,nback,0
3458,VP007,218,nback,0
3459,VP007,219,nback,0
3460,VP007,220,nback,0
3461,VP007,221,nback,2
3462,VP007,222,nback,2
3463,VP007,223,nback,2
3464,VP007,224,nback,2
3465,VP007,225,nback,2
3466,VP007,226,nback,2
3467,VP007,227,nback,2
3468,VP007,228,nback,2
3469,VP007,229,nback,2
3470,VP007,230,nback,2
3471,VP007,231,nback,2
3472,VP007,232,nback,2
3473,VP007,233,nback,2
3474,VP007,234,nback,2
3475,VP007,235,nback,2
3476,VP007,236,nback,2
3477,VP007,237,nback,2
3478,VP007,238,nback,2
3479,VP007,239,nback,2
3480,VP007,240,nback,2
3481,VP007,241,nback,0
3482,VP007,242,nback,0
3483,VP007,243,nback,0
3484,VP007,244,nback,0
3485,VP007,245,nback,0
3486,VP007,246,nback,0
3487,VP007,247,nback,0
3488,VP007,248,nback,0
3489,VP007,249,nback,0
3490,VP007,250,nback,0
3491,VP007,251,nback,0
3492,VP007,252,nback,0
3493,VP007,253,nback,0
3494,VP007,254,nback,0
3495,VP007,255,nback,0
3496,VP007,256,nback,0
3497,VP007,257,nback,0
3498,VP007,258,nback,0
3499,VP007,259,nback,0
3500,VP007,260,nback,0
3501,VP007,261,nback,2
3502,VP007,262,nback,2
3503,VP007,263,nback,2
3504,VP007,264,nback,2
3505,VP007,265,nback,2
3506,VP007,266,nback,2
3507,VP007,267,nback,2
3508,VP007,268,nback,2
3509,VP007,269,nback,2
3510,VP007,270,nback,2
3511,VP007,271,nback,2
3512,VP007,272,nback,2
3513,VP007,273,nback,2
3514,VP007,274,nback,2
3515,VP007,275,nback,2
3516,VP007,276,nback,2
3517,VP007,277,nback,2
3518,VP007,278,nback,2
3519,VP007,279,nback,2
3520,VP007,280,nback,2
3521,VP007,281,nback,1
3522,VP007,282,nback,1
3523,VP007,283,nback,1
3524,VP007,284,nback,1
3525,VP007,285,nback,1
3526,VP007,286,nback,1
3527,VP007,287,nback,1
3528,VP007,288,nback,1
3529,VP007,289,nback,1
3530,VP007,290,nback,1
3531,VP007,291,nback,1
3532,VP007,292,nback,1
3533,VP007,293,nback,1
3534,VP007,294,nback,1
3535,VP007,295,nback,1
3536,VP007,296,nback,1
3537,VP007,297,nback,1
3538,VP007,298,nback,1
3539,VP007,299,nback,1
3540,VP007,300,nback,1
3541,VP007,301,nback,2
3542,VP007,302,nback,2
3543,VP007,303,nback,2
3544,VP007,304,nback,2
3545,VP007,305,nback,2
3546,VP007,306,nback,2
3547,VP007,307,nback,2
3548,VP007,308,nback,2
3549,VP007,309,nback,2
3550,VP007,310,nback,2
3551,VP007,311,nback,2
3552,VP007,312,nback,2
3553,VP007,313,nback,2
3554,VP007,314,nback,2
3555,VP007,315,nback,2
3556,VP007,316,nback,2
3557,VP007,317,nback,2
3558,VP007,318,nback,2
3559,VP007,319,nback,2
3560,VP007,320,nback,2
3561,VP007,321,nback,1
3562,VP007,322,nback,1
3563,VP007,323,nback,1
3564,VP007,324,nback,1
3565,VP007,325,nback,1
3566,VP007,326,nback,1
3567,VP007,327,nback,1
3568,VP007,328,nback,1
3569,VP007,329,nback,1
3570,VP007,330,nback,1
3571,VP007,331,nback,1
3572,VP007,332,nback,1
3573,VP007,333,nback,1
3574,VP007,334,nback,1
3575,VP007,335,nback,1
3576,VP007,336,nback,1
3577,VP007,337,nback,1
3578,VP007,338,nback,1
3579,VP007,339,nback,1
3580,VP007,340,nback,1
3581,VP007,341,nback,0
3582,VP007,342,nback,0
3583,VP007,343,nback,0
3584,VP007,344,nback,0
3585,VP007,345,nback,0
3586,VP007,346,nback,0
3587,VP007,347,nback,0
3588,VP007,348,nback,0
3589,VP007,349,nback,0
3590,VP007,350,nback,0
3591,VP007,351,nback,0
3592,VP007,352,nback,0
3593,VP007,353,nback,0
3594,VP007,354,nback,0
3595,VP007,355,nback,0
3596,VP007,356,nback,0
3597,VP007,357,nback,0
3598,VP007,358,nback,0
3599,VP007,359,nback,0
3600,VP007,360,nback,0
3601,VP007,361,nback,0
3602,VP007,362,nback,0
3603,VP007,363,nback,0
3604,VP007,364,nback,0
3605,VP007,365,nback,0
3606,VP007,366,nback,0
3607,VP007,367,nback,0
3608,VP007,368,nback,0
3609,VP007,369,nback,0
3610,VP007,370,nback,0
3611,VP007,371,nback,0
3612,VP007,372,nback,0
3613,VP007,373,nback,0
3614,VP007,374,nback,0
3615,VP007,375,nback,0
3616,VP007,376,nback,0
3617,VP007,377,nback,0
3618,VP007,378,nback,0
3619,VP007,379,nback,0
3620,VP007,380,nback,0
3621,VP007,381,nback,2
3622,VP007,382,nback,2
3623,VP007,383,nback,2
3624,VP007,384,nback,2
3625,VP007,385,nback,2
3626,VP007,386,nback,2
3627,VP007,387,nback,2
3628,VP007,388,nback,2
3629,VP007,389,nback,2
3630,VP007,390,nback,2
3631,VP007,391,nback,2
3632,VP007,392,nback,2
3633,VP007,393,nback,2
3634,VP007,394,nback,2
3635,VP007,395,nback,2
3636,VP007,396,nback,2
3637,VP007,397,nback,2
3638,VP007,398,nback,2
3639,VP007,399,nback,2
3640,VP007,400,nback,2
3641,VP007,401,nback,1
3642,VP007,402,nback,1
3643,VP007,403,nback,1
3644,VP007,404,nback,1
3645,VP007,405,nback,1
3646,VP007,406,nback,1
3647,VP007,407,nback,1
3648,VP007,408,nback,1
3649,VP007,409,nback,1
3650,VP007,410,nback,1
3651,VP007,411,nback,1
3652,VP007,412,nback,1
3653,VP007,413,nback,1
3654,VP007,414,nback,1
3655,VP007,415,nback,1
3656,VP007,416,nback,1
3657,VP007,417,nback,1
3658,VP007,418,nback,1
3659,VP007,419,nback,1
3660,VP007,420,nback,1
3661,VP007,421,nback,2
3662,VP007,422,nback,2
3663,VP007,423,nback,2
3664,VP007,424,nback,2
3665,VP007,425,nback,2
3666,VP007,426,nback,2
3667,VP007,427,nback,2
3668,VP007,428,nback,2
3669,VP007,429,nback,2
3670,VP007,430,nback,2
3671,VP007,431,nback,2
3672,VP007,432,nback,2
3673,VP007,433,nback,2
3674,VP007,434,nback,2
3675,VP007,435,nback,2
3676,VP007,436,nback,2
3677,VP007,437,nback,2
3678,VP007,438,nback,2
3679,VP007,439,nback,2
3680,VP007,440,nback,2
3681,VP007,441,nback,1
3682,VP007,442,nback,1
3683,VP007,443,nback,1
3684,VP007,444,nback,1
3685,VP007,445,nback,1
3686,VP007,446,nback,1
3687,VP007,447,nback,1
3688,VP007,448,nback,1
3689,VP007,449,nback,1
3690,VP007,450,nback,1
3691,VP007,451,nback,1
3692,VP007,452,nback,1
3693,VP007,453,nback,1
3694,VP007,454,nback,1
3695,VP007,455,nback,1
3696,VP007,456,nback,1
3697,VP007,457,nback,1
3698,VP007,458,nback,1
3699,VP007,459,nback,1
3700,VP007,460,nback,1
3701,VP007,461,nback,0
3702,VP007,462,nback,0
3703,VP007,463,nback,0
3704,VP007,464,nback,0
3705,VP007,465,nback,0
3706,VP007,466,nback,0
3707,VP007,467,nback,0
3708,VP007,468,nback,0
3709,VP007,469,nback,0
3710,VP007,470,nback,0
3711,VP007,471,nback,0
3712,VP007,472,nback,0
3713,VP007,473,nback,0
3714,VP007,474,nback,0
3715,VP007,475,nback,0
3716,VP007,476,nback,0
3717,VP007,477,nback,0
3718,VP007,478,nback,0
3719,VP007,479,nback,0
3720,VP007,480,nback,0
3721,VP007,481,nback,1
3722,VP007,482,nback,1
3723,VP007,483,nback,1
3724,VP007,484,nback,1
3725,VP007,485,nback,1
3726,VP007,486,nback,1
3727,VP007,487,nback,1
3728,VP007,488,nback,1
3729,VP007,489,nback,1
3730,VP007,490,nback,1
3731,VP007,491,nback,1
3732,VP007,492,nback,1
3733,VP007,493,nback,1
3734,VP007,494,nback,1
3735,VP007,495,nback,1
3736,VP007,496,nback,1
3737,VP007,497,nback,1
3738,VP007,498,nback,1
3739,VP007,499,nback,1
3740,VP007,500,nback,1
3741,VP007,501,nback,0
3742,VP007,502,nback,0
3743,VP007,503,nback,0
3744,VP007,504,nback,0
3745,VP007,505,nback,0
3746,VP007,506,nback,0
3747,VP007,507,nback,0
3748,VP007,508,nback,0
3749,VP007,509,nback,0
3750,VP007,510,nback,0
3751,VP007,511,nback,0
3752,VP007,512,nback,0
3753,VP007,513,nback,0
3754,VP007,514,nback,0
3755,VP007,515,nback,0
3756,VP007,516,nback,0
3757,VP007,517,nback,0
3758,VP007,518,nback,0
3759,VP007,519,nback,0
3760,VP007,520,nback,0
3761,VP007,521,nback,2
3762,VP007,522,nback,2
3763,VP007,523,nback,2
3764,VP007,524,nback,2
3765,VP007,525,nback,2
3766,VP007,526,nback,2
3767,VP007,527,nback,2
3768,VP007,528,nback,2
3769,VP007,529,nback,2
3770,VP007,530,nback,2
3771,VP007,531,nback,2
3772,VP007,532,nback,2
3773,VP007,533,nback,2
3774,VP007,534,nback,2
3775,VP007,535,nback,2
3776,VP007,536,nback,2
3777,VP007,537,nback,2
3778,VP007,538,nback,2
3779,VP007,539,nback,2
3780,VP007,540,nback,2
3781,VP008,1,nback,2
3782,VP008,2,nback,2
3783,VP008,3,nback,2
3784,VP008,4,nback,2
3785,VP008,5,nback,2
3786,VP008,6,nback,2
3787,VP008,7,nback,2
3788,VP008,8,nback,2
3789,VP008,9,nback,2
3790,VP008,10,nback,2
3791,VP008,11,nback,2
3792,VP008,12,nback,2
3793,VP008,13,nback,2
3794,VP008,14,nback,2
3795,VP008,15,nback,2
3796,VP008,16,nback,2
3797,VP008,17,nback,2
3798,VP008,18,nback,2
3799,VP008,19,nback,2
3800,VP008,20,nback,2
3801,VP008,21,nback,1
3802,VP008,22,nback,1
3803,VP008,23,nback,1
3804,VP008,24,nback,1
3805,VP008,25,nback,1
3806,VP008,26,nback,1
3807,VP008,27,nback,1
3808,VP008,28,nback,1
3809,VP008,29,nback,1
3810,VP008,30,nback,1
3811,VP008,31,nback,1
3812,VP008,32,nback,1
3813,VP008,33,nback,1
3814,VP008,34,nback,1
3815,VP008,35,nback,1
3816,VP008,36,nback,1
3817,VP008,37,nback,1
3818,VP008,38,nback,1
3819,VP008,39,nback,1
3820,VP008,40,nback,1
3821,VP008,41,nback,0
3822,VP008,42,nback,0
3823,VP008,43,nback,0
3824,VP008,44,nback,0
3825,VP008,45,nback,0
3826,VP008,46,nback,0
3827,VP008,47,nback,0
3828,VP008,48,nback,0
3829,VP008,49,nback,0
3830,VP008,50,nback,0
3831,VP008,51,nback,0
3832,VP008,52,nback,0
3833,VP008,53,nback,0
3834,VP008,54,nback,0
3835,VP008,55,nback,0
3836,VP008,56,nback,0
3837,VP008,57,nback,0
3838,VP008,58,nback,0
3839,VP008,59,nback,0
3840,VP008,60,nback,0
3841,VP008,61,nback,1
3842,VP008,62,nback,1
3843,VP008,63,nback,1
3844,VP008,64,nback,1
3845,VP008,65,nback,1
3846,VP008,66,nback,1
3847,VP008,67,nback,1
3848,VP008,68,nback,1
3849,VP008,69,nback,1
3850,VP008,70,nback,1
3851,VP008,71,nback,1
3852,VP008,72,nback,1
3853,VP008,73,nback,1
3854,VP008,74,nback,1
3855,VP008,75,nback,1
3856,VP008,76,nback,1
3857,VP008,77,nback,1
3858,VP008,78,nback,1
3859,VP008,79,nback,1
3860,VP008,80,nback,1
3861,VP008,81,nback,0
3862,VP008,82,nback,0
3863,VP008,83,nback,0
3864,VP008,84,nback,0
3865,VP008,85,nback,0
3866,VP008,86,nback,0
3867,VP008,87,nback,0
3868,VP008,88,nback,0
3869,VP008,89,nback,0
3870,VP008,90,nback,0
3871,VP008,91,nback,0
3872,VP008,92,nback,0
3873,VP008,93,nback,0
3874,VP008,94,nback,0
3875,VP008,95,nback,0
3876,VP008,96,nback,0
3877,VP008,97,nback,0
3878,VP008,98,nback,0
3879,VP008,99,nback,0
3880,VP008,100,nback,0
3881,VP008,101,nback,2
3882,VP008,102,nback,2
3883,VP008,103,nback,2
3884,VP008,104,nback,2
3885,VP008,105,nback,2
3886,VP008,106,nback,2
3887,VP008,107,nback,2
3888,VP008,108,nback,2
3889,VP008,109,nback,2
3890,VP008,110,nback,2
3891,VP008,111,nback,2
3892,VP008,112,nback,2
3893,VP008,113,nback,2
3894,VP008,114,nback,2
3895,VP008,115,nback,2
3896,VP008,116,nback,2
3897,VP008,117,nback,2
3898,VP008,118,nback,2
3899,VP008,119,nback,2
3900,VP008,120,nback,2
3901,VP008,121,nback,0
3902,VP008,122,nback,0
3903,VP008,123,nback,0
3904,VP008,124,nback,0
3905,VP008,125,nback,0
3906,VP008,126,nback,0
3907,VP008,127,nback,0
3908,VP008,128,nback,0
3909,VP008,129,nback,0
3910,VP008,130,nback,0
3911,VP008,131,nback,0
3912,VP008,132,nback,0
3913,VP008,133,nback,0
3914,VP008,134,nback,0
3915,VP008,135,nback,0
3916,VP008,136,nback,0
3917,VP008,137,nback,0
3918,VP008,138,nback,0
3919,VP008,139,nback,0
3920,VP008,140,nback,0
3921,VP008,141,nback,2
3922,VP008,142,nback,2
3923,VP008,143,nback,2
3924,VP008,144,nback,2
3925,VP008,145,nback,2
3926,VP008,146,nback,2
3927,VP008,147,nback,2
3928,VP008,148,nback,2
3929,VP008,149,nback,2
3930,VP008,150,nback,2
3931,VP008,151,nback,2
3932,VP008,152,nback,2
3933,VP008,153,nback,2
3934,VP008,154,nback,2
3935,VP008,155,nback,2
3936,VP008,156,nback,2
3937,VP008,157,nback,2
3938,VP008,158,nback,2
3939,VP008,159,nback,2
3940,VP008,160,nback,2
3941,VP008,161,nback,1
3942,VP008,162,nback,1
3943,VP008,163,nback,1
3944,VP008,164,nback,1
3945,VP008,165,nback,1
3946,VP008,166,nback,1
3947,VP008,167,nback,1
3948,VP008,168,nback,1
3949,VP008,169,nback,1
3950,VP008,170,nback,1
3951,VP008,171,nback,1
3952,VP008,172,nback,1
3953,VP008,173,nback,1
3954,VP008,174,nback,1
3955,VP008,175,nback,1
3956,VP008,176,nback,1
3957,VP008,177,nback,1
3958,VP008,178,nback,1
3959,VP008,179,nback,1
3960,VP008,180,nback,1
3961,VP008,181,nback,1
3962,VP008,182,nback,1
3963,VP008,183,nback,1
3964,VP008,184,nback,1
3965,VP008,185,nback,1
3966,VP008,186,nback,1
3967,VP008,187,nback,1
3968,VP008,188,nback,1
3969,VP008,189,nback,1
3970,VP008,190,nback,1
3971,VP008,191,nback,1
3972,VP008,192,nback,1
3973,VP008,193,nback,1
3974,VP008,194,nback,1
3975,VP008,195,nback,1
3976,VP008,196,nback,1
3977,VP008,197,nback,1
3978,VP008,198,nback,1
3979,VP008,199,nback,1
3980,VP008,200,nback,1
3981,VP008,201,nback,0
3982,VP008,202,nback,0
3983,VP008,203,nback,0
3984,VP008,204,nback,0
3985,VP008,205,nback,0
3986,VP008,206,nback,0
3987,VP008,207,nback,0
3988,VP008,208,nback,0
3989,VP008,209,nback,0
3990,VP008,210,nback,0
3991,VP008,211,nback,0
3992,VP008,212,nback,0
3993,VP008,213,nback,0
3994,VP008,214,nback,0
3995,VP008,215,nback,0
3996,VP008,216,nback,0
3997,VP008,217,nback,0
3998,VP008,218,nback,0
3999,VP008,219,nback,0
4000,VP008,220,nback,0
4001,VP008,221,nback,2
4002,VP008,222,nback,2
4003,VP008,223,nback,2
4004,VP008,224,nback,2
4005,VP008,225,nback,2
4006,VP008,226,nback,2
4007,VP008,227,nback,2
4008,VP008,228,nback,2
4009,VP008,229,nback,2
4010,VP008,230,nback,2
4011,VP008,231,nback,2
4012,VP008,232,nback,2
4013,VP008,233,nback,2
4014,VP008,234,nback,2
4015,VP008,235,nback,2
4016,VP008,236,nback,2
4017,VP008,237,nback,2
4018,VP008,238,nback,2
4019,VP008,239,nback,2
4020,VP008,240,nback,2
4021,VP008,241,nback,0
4022,VP008,242,nback,0
4023,VP008,243,nback,0
4024,VP008,244,nback,0
4025,VP008,245,nback,0
4026,VP008,246,nback,0
4027,VP008,247,nback,0
4028,VP008,248,nback,0
4029,VP008,249,nback,0
4030,VP008,250,nback,0
4031,VP008,251,nback,0
4032,VP008,252,nback,0
4033,VP008,253,nback,0
4034,VP008,254,nback,0
4035,VP008,255,nback,0
4036,VP008,256,nback,0
4037,VP008,257,nback,0
4038,VP008,258,nback,0
4039,VP008,259,nback,0
4040,VP008,260,nback,0
4041,VP008,261,nback,2
4042,VP008,262,nback,2
4043,VP008,263,nback,2
4044,VP008,264,nback,2
4045,VP008,265,nback,2
4046,VP008,266,nback,2
4047,VP008,267,nback,2
4048,VP008,268,nback,2
4049,VP008,269,nback,2
4050,VP008,270,nback,2
4051,VP008,271,nback,2
4052,VP008,272,nback,2
4053,VP008,273,nback,2
4054,VP008,274,nback,2
4055,VP008,275,nback,2
4056,VP008,276,nback,2
4057,VP008,277,nback,2
4058,VP008,278,nback,2
4059,VP008,279,nback,2
4060,VP008,280,nback,2
4061,VP008,281,nback,1
4062,VP008,282,nback,1
4063,VP008,283,nback,1
4064,VP008,284,nback,1
4065,VP008,285,nback,1
4066,VP008,286,nback,1
4067,VP008,287,nback,1
4068,VP008,288,nback,1
4069,VP008,289,nback,1
4070,VP008,290,nback,1
4071,VP008,291,nback,1
4072,VP008,292,nback,1
4073,VP008,293,nback,1
4074,VP008,294,nback,1
4075,VP008,295,nback,1
4076,VP008,296,nback,1
4077,VP008,297,nback,1
4078,VP008,298,nback,1
4079,VP008,299,nback,1
4080,VP008,300,nback,1
4081,VP008,301,nback,2
4082,VP008,302,nback,2
4083,VP008,303,nback,2
4084,VP008,304,nback,2
4085,VP008,305,nback,2
4086,VP008,306,nback,2
4087,VP008,307,nback,2
4088,VP008,308,nback,2
4089,VP008,309,nback,2
4090,VP008,310,nback,2
4091,VP008,311,nback,2
4092,VP008,312,nback,2
4093,VP008,313,nback,2
4094,VP008,314,nback,2
4095,VP008,315,nback,2
4096,VP008,316,nback,2
4097,VP008,317,nback,2
4098,VP008,318,nback,2
4099,VP008,319,nback,2
4100,VP008,320,nback,2
4101,VP008,321,nback,1
4102,VP008,322,nback,1
4103,VP008,323,nback,1
4104,VP008,324,nback,1
4105,VP008,325,nback,1
4106,VP008,326,nback,1
4107,VP008,327,nback,1
4108,VP008,328,nback,1
4109,VP008,329,nback,1
4110,VP008,330,nback,1
4111,VP008,331,nback,1
4112,VP008,332,nback,1
4113,VP008,333,nback,1
4114,VP008,334,nback,1
4115,VP008,335,nback,1
4116,VP008,336,nback,1
4117,VP008,337,nback,1
4118,VP008,338,nback,1
4119,VP008,339,nback,1
4120,VP008,340,nback,1
4121,VP008,341,nback,0
4122,VP008,342,nback,0
4123,VP008,343,nback,0
4124,VP008,344,nback,0
4125,VP008,345,nback,0
4126,VP008,346,nback,0
4127,VP008,347,nback,0
4128,VP008,348,nback,0
4129,VP008,349,nback,0
4130,VP008,350,nback,0
4131,VP008,351,nback,0
4132,VP008,352,nback,0
4133,VP008,353,nback,0
4134,VP008,354,nback,0
4135,VP008,355,nback,0
4136,VP008,356,nback,0
4137,VP008,357,nback,0
4138,VP008,358,nback,0
4139,VP008,359,nback,0
4140,VP008,360,nback,0
4141,VP008,361,nback,0
4142,VP008,362,nback,0
4143,VP008,363,nback,0
4144,VP008,364,nback,0
4145,VP008,365,nback,0
4146,VP008,366,nback,0
4147,VP008,367,nback,0
4148,VP008,368,nback,0
4149,VP008,369,nback,0
4150,VP008,370,nback,0
4151,VP008,371,nback,0
4152,VP008,372,nback,0
4153,VP008,373,nback,0
4154,VP008,374,nback,0
4155,VP008,375,nback,0
4156,VP008,376,nback,0
4157,VP008,377,nback,0
4158,VP008,378,nback,0
4159,VP008,379,nback,0
4160,VP008,380,nback,0
4161,VP008,381,nback,2
4162,VP008,382,nback,2
4163,VP008,383,nback,2
4164,VP008,384,nback,2
4165,VP008,385,nback,2
4166,VP008,386,nback,2
4167,VP008,387,nback,2
4168,VP008,388,nback,2
4169,VP008,389,nback,2
4170,VP008,390,nback,2
4171,VP008,391,nback,2
4172,VP008,392,nback,2
4173,VP008,393,nback,2
4174,VP008,394,nback,2
4175,VP008,395,nback,2
4176,VP008,396,nback,2
4177,VP008,397,nback,2
4178,VP008,398,nback,2
4179,VP008,399,nback,2
4180,VP008,400,nback,2
4181,VP008,401,nback,1
4182,VP008,402,nback,1
4183,VP008,403,nback,1
4184,VP008,404,nback,1
4185,VP008,405,nback,1
4186,VP008,406,nback,1
4187,VP008,407,nback,1
4188,VP008,408,nback,1
4189,VP008,409,nback,1
4190,VP008,410,nback,1
4191,VP008,411,nback,1
4192,VP008,412,nback,1
4193,VP008,413,nback,1
4194,VP008,414,nback,1
4195,VP008,415,nback,1
4196,VP008,416,nback,1
4197,VP008,417,nback,1
4198,VP008,418,nback,1
4199,VP008,419,nback,1
4200,VP008,420,nback,1
4201,VP008,421,nback,2
4202,VP008,422,nback,2
4203,VP008,423,nback,2
4204,VP008,424,nback,2
4205,VP008,425,nback,2
4206,VP008,426,nback,2
4207,VP008,427,nback,2
4208,VP008,428,nback,2
4209,VP008,429,nback,2
4210,VP008,430,nback,2
4211,VP008,431,nback,2
4212,VP008,432,nback,2
4213,VP008,433,nback,2
4214,VP008,434,nback,2
4215,VP008,435,nback,2
4216,VP008,436,nback,2
4217,VP008,437,nback,2
4218,VP008,438,nback,2
4219,VP008,439,nback,2
4220,VP008,440,nback,2
4221,VP008,441,nback,1
4222,VP008,442,nback,1
4223,VP008,443,nback,1
4224,VP008,444,nback,1
4225,VP008,445,nback,1
4226,VP008,446,nback,1
4227,VP008,447,nback,1
4228,VP008,448,nback,1
4229,VP008,449,nback,1
4230,VP008,450,nback,1
4231,VP008,451,nback,1
4232,VP008,452,nback,1
4233,VP008,453,nback,1
4234,VP008,454,nback,1
4235,VP008,455,nback,1
4236,VP008,456,nback,1
4237,VP008,457,nback,1
4238,VP008,458,nback,1
4239,VP008,459,nback,1
4240,VP008,460,nback,1
4241,VP008,461,nback,0
4242,VP008,462,nback,0
4243,VP008,463,nback,0
4244,VP008,464,nback,0
4245,VP008,465,nback,0
4246,VP008,466,nback,0
4247,VP008,467,nback,0
4248,VP008,468,nback,0
4249,VP008,469,nback,0
4250,VP008,470,nback,0
4251,VP008,471,nback,0
4252,VP008,472,nback,0
4253,VP008,473,nback,0
4254,VP008,474,nback,0
4255,VP008,475,nback,0
4256,VP008,476,nback,0
4257,VP008,477,nback,0
4258,VP008,478,nback,0
4259,VP008,479,nback,0
4260,VP008,480,nback,0
4261,VP008,481,nback,1
4262,VP008,482,nback,1
4263,VP008,483,nback,1
4264,VP008,484,nback,1
4265,VP008,485,nback,1
4266,VP008,486,nback,1
4267,VP008,487,nback,1
4268,VP008,488,nback,1
4269,VP008,489,nback,1
4270,VP008,490,nback,1
4271,VP008,491,nback,1
4272,VP008,492,nback,1
4273,VP008,493,nback,1
4274,VP008,494,nback,1
4275,VP008,495,nback,1
4276,VP008,496,nback,1
4277,VP008,497,nback,1
4278,VP008,498,nback,1
4279,VP008,499,nback,1
4280,VP008,500,nback,1
4281,VP008,501,nback,0
4282,VP008,502,nback,0
4283,VP008,503,nback,0
4284,VP008,504,nback,0
4285,VP008,505,nback,0
4286,VP008,506,nback,0
4287,VP008,507,nback,0
4288,VP008,508,nback,0
4289,VP008,509,nback,0
4290,VP008,510,nback,0
4291,VP008,511,nback,0
4292,VP008,512,nback,0
4293,VP008,513,nback,0
4294,VP008,514,nback,0
4295,VP008,515,nback,0
4296,VP008,516,nback,0
4297,VP008,517,nback,0
4298,VP008,518,nback,0
4299,VP008,519,nback,0
4300,VP008,520,nback,0
4301,VP008,521,nback,2
4302,VP008,522,nback,2
4303,VP008,523,nback,2
4304,VP008,524,nback,2
4305,VP008,525,nback,2
4306,VP008,526,nback,2
4307,VP008,527,nback,2
4308,VP008,528,nback,2
4309,VP008,529,nback,2
4310,VP008,530,nback,2
4311,VP008,531,nback,2
4312,VP008,532,nback,2
4313,VP008,533,nback,2
4314,VP008,534,nback,2
4315,VP008,535,nback,2
4316,VP008,536,nback,2
4317,VP008,537,nback,2
4318,VP008,538,nback,2
4319,VP008,539,nback,2
4320,VP008,540,nback,2
4321,VP009,1,nback,2
4322,VP009,2,nback,2
4323,VP009,3,nback,2
4324,VP009,4,nback,2
4325,VP009,5,nback,2
4326,VP009,6,nback,2
4327,VP009,7,nback,2
4328,VP009,8,nback,2
4329,VP009,9,nback,2
4330,VP009,10,nback,2
4331,VP009,11,nback,2
4332,VP009,12,nback,2
4333,VP009,13,nback,2
4334,VP009,14,nback,2
4335,VP009,15,nback,2
4336,VP009,16,nback,2
4337,VP009,17,nback,2
4338,VP009,18,nback,2
4339,VP009,19,nback,2
4340,VP009,20,nback,2
4341,VP009,21,nback,1
4342,VP009,22,nback,1
4343,VP009,23,nback,1
4344,VP009,24,nback,1
4345,VP009,25,nback,1
4346,VP009,26,nback,1
4347,VP009,27,nback,1
4348,VP009,28,nback,1
4349,VP009,29,nback,1
4350,VP009,30,nback,1
4351,VP009,31,nback,1
4352,VP009,32,nback,1
4353,VP009,33,nback,1
4354,VP009,34,nback,1
4355,VP009,35,nback,1
4356,VP009,36,nback,1
4357,VP009,37,nback,1
4358,VP009,38,nback,1
4359,VP009,39,nback,1
4360,VP009,40,nback,1
4361,VP009,41,nback,0
4362,VP009,42,nback,0
4363,VP009,43,nback,0
4364,VP009,44,nback,0
4365,VP009,45,nback,0
4366,VP009,46,nback,0
4367,VP009,47,nback,0
4368,VP009,48,nback,0
4369,VP009,49,nback,0
4370,VP009,50,nback,0
4371,VP009,51,nback,0
4372,VP009,52,nback,0
4373,VP009,53,nback,0
4374,VP009,54,nback,0
4375,VP009,55,nback,0
4376,VP009,56,nback,0
4377,VP009,57,nback,0
4378,VP009,58,nback,0
4379,VP009,59,nback,0
4380,VP009,60,nback,0
4381,VP009,61,nback,1
4382,VP009,62,nback,1
4383,VP009,63,nback,1
4384,VP009,64,nback,1
4385,VP009,65,nback,1
4386,VP009,66,nback,1
4387,VP009,67,nback,1
4388,VP009,68,nback,1
4389,VP009,69,nback,1
4390,VP009,70,nback,1
4391,VP009,71,nback,1
4392,VP009,72,nback,1
4393,VP009,73,nback,1
4394,VP009,74,nback,1
4395,VP009,75,nback,1
4396,VP009,76,nback,1
4397,VP009,77,nback,1
4398,VP009,78,nback,1
4399,VP009,79,nback,1
4400,VP009,80,nback,1
4401,VP009,81,nback,0
4402,VP009,82,nback,0
4403,VP009,83,nback,0
4404,VP009,84,nback,0
4405,VP009,85,nback,0
4406,VP009,86,nback,0
4407,VP009,87,nback,0
4408,VP009,88,nback,0
4409,VP009,89,nback,0
4410,VP009,90,nback,0
4411,VP009,91,nback,0
4412,VP009,92,nback,0
4413,VP009,93,nback,0
4414,VP009,94,nback,0
4415,VP009,95,nback,0
4416,VP009,96,nback,0
4417,VP009,97,nback,0
4418,VP009,98,nback,0
4419,VP009,99,nback,0
4420,VP009,100,nback,0
4421,VP009,101,nback,2
4422,VP009,102,nback,2
4423,VP009,103,nback,2
4424,VP009,104,nback,2
4425,VP009,105,nback,2
4426,VP009,106,nback,2
4427,VP009,107,nback,2
4428,VP009,108,nback,2
4429,VP009,109,nback,2
4430,VP009,110,nback,2
4431,VP009,111,nback,2
4432,VP009,112,nback,2
4433,VP009,113,nback,2
4434,VP009,114,nback,2
4435,VP009,115,nback,2
4436,VP009,116,nback,2
4437,VP009,117,nback,2
4438,VP009,118,nback,2
4439,VP009,119,nback,2
4440,VP009,120,nback,2
4441,VP009,121,nback,0
4442,VP009,122,nback,0
4443,VP009,123,nback,0
4444,VP009,124,nback,0
4445,VP009,125,nback,0
4446,VP009,126,nback,0
4447,VP009,127,nback,0
4448,VP009,128,nback,0
4449,VP009,129,nback,0
4450,VP009,130,nback,0
4451,VP009,131,nback,0
4452,VP009,132,nback,0
4453,VP009,133,nback,0
4454,VP009,134,nback,0
4455,VP009,135,nback,0
4456,VP009,136,nback,0
4457,VP009,137,nback,0
4458,VP009,138,nback,0
4459,VP009,139,nback,0
4460,VP009,140,nback,0
4461,VP009,141,nback,2
4462,VP009,142,nback,2
4463,VP009,143,nback,2
4464,VP009,144,nback,2
4465,VP009,145,nback,2
4466,VP009,146,nback,2
4467,VP009,147,nback,2
4468,VP009,148,nback,2
4469,VP009,149,nback,2
4470,VP009,150,nback,2
4471,VP009,151,nback,2
4472,VP009,152,nback,2
4473,VP009,153,nback,2
4474,VP009,154,nback,2
4475,VP009,155,nback,2
4476,VP009,156,nback,2
4477,VP009,157,nback,2
4478,VP009,158,nback,2
4479,VP009,159,nback,2
4480,VP009,160,nback,2
4481,VP009,161,nback,1
4482,VP009,162,nback,1
4483,VP009,163,nback,1
4484,VP009,164,nback,1
4485,VP009,165,nback,1
4486,VP009,166,nback,1
4487,VP009,167,nback,1
4488,VP009,168,nback,1
4489,VP009,169,nback,1
4490,VP009,170,nback,1
4491,VP009,171,nback,1
4492,VP009,172,nback,1
4493,VP009,173,nback,1
4494,VP009,174,nback,1
4495,VP009,175,nback,1
4496,VP009,176,nback,1
4497,VP009,177,nback,1
4498,VP009,178,nback,1
4499,VP009,179,nback,1
4500,VP009,180,nback,1
4501,VP009,181,nback,1
4502,VP009,182,nback,1
4503,VP009,183,nback,1
4504,VP009,184,nback,1
4505,VP009,185,nback,1
4506,VP009,186,nback,1
4507,VP009,187,nback,1
4508,VP009,188,nback,1
4509,VP009,189,nback,1
4510,VP009,190,nback,1
4511,VP009,191,nback,1
4512,VP009,192,nback,1
4513,VP009,193,nback,1
4514,VP009,194,nback,1
4515,VP009,195,nback,1
4516,VP009,196,nback,1
4517,VP009,197,nback,1
4518,VP009,198,nback,1
4519,VP009,199,nback,1
4520,VP009,200,nback,1
4521,VP009,201,nback,0
4522,VP009,202,nback,0
4523,VP009,203,nback,0
4524,VP009,204,nback,0
4525,VP009,205,nback,0
4526,VP009,206,nback,0
4527,VP009,207,nback,0
4528,VP009,208,nback,0
4529,VP009,209,nback,0
4530,VP009,210,nback,0
4531,VP009,211,nback,0
4532,VP009,212,nback,0
4533,VP009,213,nback,0
4534,VP009,214,nback,0
4535,VP009,215,nback,0
4536,VP009,216,nback,0
4537,VP009,217,nback,0
4538,VP009,218,nback,0
4539,VP009,219,nback,0
4540,VP009,220,nback,0
4541,VP009,221,nback,2
4542,VP009,222,nback,2
4543,VP009,223,nback,2
4544,VP009,224,nback,2
4545,VP009,225,nback,2
4546,VP009,226,nback,2
4547,VP009,227,nback,2
4548,VP009,228,nback,2
4549,VP009,229,nback,2
4550,VP009,230,nback,2
4551,VP009,231,nback,2
4552,VP009,232,nback,2
4553,VP009,233,nback,2
4554,VP009,234,nback,2
4555,VP009,235,nback,2
4556,VP009,236,nback,2
4557,VP009,237,nback,2
4558,VP009,238,nback,2
4559,VP009,239,nback,2
4560,VP009,240,nback,2
4561,VP009,241,nback,0
4562,VP009,242,nback,0
4563,VP009,243,nback,0
4564,VP009,244,nback,0
4565,VP009,245,nback,0
4566,VP009,246,nback,0
4567,VP009,247,nback,0
4568,VP009,248,nback,0
4569,VP009,249,nback,0
4570,VP009,250,nback,0
4571,VP009,251,nback,0
4572,VP009,252,nback,0
4573,VP009,253,nback,0
4574,VP009,254,nback,0
4575,VP009,255,nback,0
4576,VP009,256,nback,0
4577,VP009,257,nback,0
4578,VP009,258,nback,0
4579,VP009,259,nback,0
4580,VP009,260,nback,0
4581,VP009,261,nback,2
4582,VP009,262,nback,2
4583,VP009,263,nback,2
4584,VP009,264,nback,2
4585,VP009,265,nback,2
4586,VP009,266,nback,2
4587,VP009,267,nback,2
4588,VP009,268,nback,2
4589,VP009,269,nback,2
4590,VP009,270,nback,2
4591,VP009,271,nback,2
4592,VP009,272,nback,2
4593,VP009,273,nback,2
4594,VP009,274,nback,2
4595,VP009,275,nback,2
4596,VP009,276,nback,2
4597,VP009,277,nback,2
4598,VP009,278,nback,2
4599,VP009,279,nback,2
4600,VP009,280,nback,2
4601,VP009,281,nback,1
4602,VP009,282,nback,1
4603,VP009,283,nback,1
4604,VP009,284,nback,1
4605,VP009,285,nback,1
4606,VP009,286,nback,1
4607,VP009,287,nback,1
4608,VP009,288,nback,1
4609,VP009,289,nback,1
4610,VP009,290,nback,1
4611,VP009,291,nback,1
4612,VP009,292,nback,1
4613,VP009,293,nback,1
4614,VP009,294,nback,1
4615,VP009,295,nback,1
4616,VP009,296,nback,1
4617,VP009,297,nback,1
4618,VP009,298,nback,1
4619,VP009,299,nback,1
4620,VP009,300,nback,1
4621,VP009,301,nback,2
4622,VP009,302,nback,2
4623,VP009,303,nback,2
4624,VP009,304,nback,2
4625,VP009,305,nback,2
4626,VP009,306,nback,2
4627,VP009,307,nback,2
4628,VP009,308,nback,2
4629,VP009,309,nback,2
4630,VP009,310,nback,2
4631,VP009,311,nback,2
4632,VP009,312,nback,2
4633,VP009,313,nback,2
4634,VP009,314,nback,2
4635,VP009,315,nback,2
4636,VP009,316,nback,2
4637,VP009,317,nback,2
4638,VP009,318,nback,2
4639,VP009,319,nback,2
4640,VP009,320,nback,2
4641,VP009,321,nback,1
4642,VP009,322,nback,1
4643,VP009,323,nback,1
4644,VP009,324,nback,1
4645,VP009,325,nback,1
4646,VP009,326,nback,1
4647,VP009,327,nback,1
4648,VP009,328,nback,1
4649,VP009,329,nback,1
4650,VP009,330,nback,1
4651,VP009,331,nback,1
4652,VP009,332,nback,1
4653,VP009,333,nback,1
4654,VP009,334,nback,1
4655,VP009,335,nback,1
4656,VP009,336,nback,1
4657,VP009,337,nback,1
4658,VP009,338,nback,1
4659,VP009,339,nback,1
4660,VP009,340,nback,1
4661,VP009,341,nback,0
4662,VP009,342,nback,0
4663,VP009,343,nback,0
4664,VP009,344,nback,0
4665,VP009,345,nback,0
4666,VP009,346,nback,0
4667,VP009,347,nback,0
4668,VP009,348,nback,0
4669,VP009,349,nback,0
4670,VP009,350,nback,0
4671,VP009,351,nback,0
4672,VP009,352,nback,0
4673,VP009,353,nback,0
4674,VP009,354,nback,0
4675,VP009,355,nback,0
4676,VP009,356,nback,0
4677,VP009,357,nback,0
4678,VP009,358,nback,0
4679,VP009,359,nback,0
4680,VP009,360,nback,0
4681,VP009,361,nback,0
4682,VP009,362,nback,0
4683,VP009,363,nback,0
4684,VP009,364,nback,0
4685,VP009,365,nback,0
4686,VP009,366,nback,0
4687,VP009,367,nback,0
4688,VP009,368,nback,0
4689,VP009,369,nback,0
4690,VP009,370,nback,0
4691,VP009,371,nback,0
4692,VP009,372,nback,0
4693,VP009,373,nback,0
4694,VP009,374,nback,0
4695,VP009,375,nback,0
4696,VP009,376,nback,0
4697,VP009,377,nback,0
4698,VP009,378,nback,0
4699,VP009,379,nback,0
4700,VP009,380,nback,0
4701,VP009,381,nback,2
4702,VP009,382,nback,2
4703,VP009,383,nback,2
4704,VP009,384,nback,2
4705,VP009,385,nback,2
4706,VP009,386,nback,2
4707,VP009,387,nback,2
4708,VP009,388,nback,2
4709,VP009,389,nback,2
4710,VP009,390,nback,2
4711,VP009,391,nback,2
4712,VP009,392,nback,2
4713,VP009,393,nback,2
4714,VP009,394,nback,2
4715,VP009,395,nback,2
4716,VP009,396,nback,2
4717,VP009,397,nback,2
4718,VP009,398,nback,2
4719,VP009,399,nback,2
4720,VP009,400,nback,2
4721,VP009,401,nback,1
4722,VP009,402,nback,1
4723,VP009,403,nback,1
4724,VP009,404,nback,1
4725,VP009,405,nback,1
4726,VP009,406,nback,1
4727,VP009,407,nback,1
4728,VP009,408,nback,1
4729,VP009,409,nback,1
4730,VP009,410,nback,1
4731,VP009,411,nback,1
4732,VP009,412,nback,1
4733,VP009,413,nback,1
4734,VP009,414,nback,1
4735,VP009,415,nback,1
4736,VP009,416,nback,1
4737,VP009,417,nback,1
4738,VP009,418,nback,1
4739,VP009,419,nback,1
4740,VP009,420,nback,1
4741,VP009,421,nback,2
4742,VP009,422,nback,2
4743,VP009,423,nback,2
4744,VP009,424,nback,2
4745,VP009,425,nback,2
4746,VP009,426,nback,2
4747,VP009,427,nback,2
4748,VP009,428,nback,2
4749,VP009,429,nback,2
4750,VP009,430,nback,2
4751,VP009,431,nback,2
4752,VP009,432,nback,2
4753,VP009,433,nback,2
4754,VP009,434,nback,2
4755,VP009,435,nback,2
4756,VP009,436,nback,2
4757,VP009,437,nback,2
4758,VP009,438,nback,2
4759,VP009,439,nback,2
4760,VP009,440,nback,2
4761,VP009,441,nback,1
4762,VP009,442,nback,1
4763,VP009,443,nback,1
4764,VP009,444,nback,1
4765,VP009,445,nback,1
4766,VP009,446,nback,1
4767,VP009,447,nback,1
4768,VP009,448,nback,1
4769,VP009,449,nback,1
4770,VP009,450,nback,1
4771,VP009,451,nback,1
4772,VP009,452,nback,1
4773,VP009,453,nback,1
4774,VP009,454,nback,1
4775,VP009,455,nback,1
4776,VP009,456,nback,1
4777,VP009,457,nback,1
4778,VP009,458,nback,1
4779,VP009,459,nback,1
4780,VP009,460,nback,1
4781,VP009,461,nback,0
4782,VP009,462,nback,0
4783,VP009,463,nback,0
4784,VP009,464,nback,0
4785,VP009,465,nback,0
4786,VP009,466,nback,0
4787,VP009,467,nback,0
4788,VP009,468,nback,0
4789,VP009,469,nback,0
4790,VP009,470,nback,0
4791,VP009,471,nback,0
4792,VP009,472,nback,0
4793,VP009,473,nback,0
4794,VP009,474,nback,0
4795,VP009,475,nback,0
4796,VP009,476,nback,0
4797,VP009,477,nback,0
4798,VP009,478,nback,0
4799,VP009,479,nback,0
4800,VP009,480,nback,0
4801,VP009,481,nback,1
4802,VP009,482,nback,1
4803,VP009,483,nback,1
4804,VP009,484,nback,1
4805,VP009,485,nback,1
4806,VP009,486,nback,1
4807,VP009,487,nback,1
4808,VP009,488,nback,1
4809,VP009,489,nback,1
4810,VP009,490,nback,1
4811,VP009,491,nback,1
4812,VP009,492,nback,1
4813,VP009,493,nback,1
4814,VP009,494,nback,1
4815,VP009,495,nback,1
4816,VP009,496,nback,1
4817,VP009,497,nback,1
4818,VP009,498,nback,1
4819,VP009,499,nback,1
4820,VP009,500,nback,1
4821,VP009,501,nback,0
4822,VP009,502,nback,0
4823,VP009,503,nback,0
4824,VP009,504,nback,0
4825,VP009,505,nback,0
4826,VP009,506,nback,0
4827,VP009,507,nback,0
4828,VP009,508,nback,0
4829,VP009,509,nback,0
4830,VP009,510,nback,0
4831,VP009,511,nback,0
4832,VP009,512,nback,0
4833,VP009,513,nback,0
4834,VP009,514,nback,0
4835,VP009,515,nback,0
4836,VP009,516,nback,0
4837,VP009,517,nback,0
4838,VP009,518,nback,0
4839,VP009,519,nback,0
4840,VP009,520,nback,0
4841,VP009,521,nback,2
4842,VP009,522,nback,2
4843,VP009,523,nback,2
4844,VP009,524,nback,2
4845,VP009,525,nback,2
4846,VP009,526,nback,2
4847,VP009,527,nback,2
4848,VP009,528,nback,2
4849,VP009,529,nback,2
4850,VP009,530,nback,2
4851,VP009,531,nback,2
4852,VP009,532,nback,2
4853,VP009,533,nback,2
4854,VP009,534,nback,2
4855,VP009,535,nback,2
4856,VP009,536,nback,2
4857,VP009,537,nback,2
4858,VP009,538,nback,2
4859,VP009,539,nback,2
4860,VP009,540,nback,2
4861,VP010,1,nback,2
4862,VP010,2,nback,2
4863,VP010,3,nback,2
4864,VP010,4,nback,2
4865,VP010,5,nback,2
4866,VP010,6,nback,2
4867,VP010,7,nback,2
4868,VP010,8,nback,2
4869,VP010,9,nback,2
4870,VP010,10,nback,2
4871,VP010,11,nback,2
4872,VP010,12,nback,2
4873,VP010,13,nback,2
4874,VP010,14,nback,2
4875,VP010,15,nback,2
4876,VP010,16,nback,2
4877,VP010,17,nback,2
4878,VP010,18,nback,2
4879,VP010,19,nback,2
4880,VP010,20,nback,2
4881,VP010,21,nback,1
4882,VP010,22,nback,1
4883,VP010,23,nback,1
4884,VP010,24,nback,1
4885,VP010,25,nback,1
4886,VP010,26,nback,1
4887,VP010,27,nback,1
4888,VP010,28,nback,1
4889,VP010,29,nback,1
4890,VP010,30,nback,1
4891,VP010,31,nback,1
4892,VP010,32,nback,1
4893,VP010,33,nback,1
4894,VP010,34,nback,1
4895,VP010,35,nback,1
4896,VP010,36,nback,1
4897,VP010,37,nback,1
4898,VP010,38,nback,1
4899,VP010,39,nback,1
4900,VP010,40,nback,1
4901,VP010,41,nback,0
4902,VP010,42,nback,0
4903,VP010,43,nback,0
4904,VP010,44,nback,0
4905,VP010,45,nback,0
4906,VP010,46,nback,0
4907,VP010,47,nback,0
4908,VP010,48,nback,0
4909,VP010,49,nback,0
4910,VP010,50,nback,0
4911,VP010,51,nback,0
4912,VP010,52,nback,0
4913,VP010,53,nback,0
4914,VP010,54,nback,0
4915,VP010,55,nback,0
4916,VP010,56,nback,0
4917,VP010,57,nback,0
4918,VP010,58,nback,0
4919,VP010,59,nback,0
4920,VP010,60,nback,0
4921,VP010,61,nback,1
4922,VP010,62,nback,1
4923,VP010,63,nback,1
4924,VP010,64,nback,1
4925,VP010,65,nback,1
4926,VP010,66,nback,1
4927,VP010,67,nback,1
4928,VP010,68,nback,1
4929,VP010,69,nback,1
4930,VP010,70,nback,1
4931,VP010,71,nback,1
4932,VP010,72,nback,1
4933,VP010,73,nback,1
4934,VP010,74,nback,1
4935,VP010,75,nback,1
4936,VP010,76,nback,1
4937,VP010,77,nback,1
4938,VP010,78,nback,1
4939,VP010,79,nback,1
4940,VP010,80,nback,1
4941,VP010,81,nback,0
4942,VP010,82,nback,0
4943,VP010,83,nback,0
4944,VP010,84,nback,0
4945,VP010,85,nback,0
4946,VP010,86,nback,0
4947,VP010,87,nback,0
4948,VP010,88,nback,0
4949,VP010,89,nback,0
4950,VP010,90,nback,0
4951,VP010,91,nback,0
4952,VP010,92,nback,0
4953,VP010,93,nback,0
4954,VP010,94,nback,0
4955,VP010,95,nback,0
4956,VP010,96,nback,0
4957,VP010,97,nback,0
4958,VP010,98,nback,0
4959,VP010,99,nback,0
4960,VP010,100,nback,0
4961,VP010,101,nback,2
4962,VP010,102,nback,2
4963,VP010,103,nback,2
4964,VP010,104,nback,2
4965,VP010,105,nback,2
4966,VP010,106,nback,2
4967,VP010,107,nback,2
4968,VP010,108,nback,2
4969,VP010,109,nback,2
4970,VP010,110,nback,2
4971,VP010,111,nback,2
4972,VP010,112,nback,2
4973,VP010,113,nback,2
4974,VP010,114,nback,2
4975,VP010,115,nback,2
4976,VP010,116,nback,2
4977,VP010,117,nback,2
4978,VP010,118,nback,2
4979,VP010,119,nback,2
4980,VP010,120,nback,2
4981,VP010,121,nback,0
4982,VP010,122,nback,0
4983,VP010,123,nback,0
4984,VP010,124,nback,0
4985,VP010,125,nback,0
4986,VP010,126,nback,0
4987,VP010,127,nback,0
4988,VP010,128,nback,0
4989,VP010,129,nback,0
4990,VP010,130,nback,0
4991,VP010,131,nback,0
4992,VP010,132,nback,0
4993,VP010,133,nback,0
4994,VP010,134,nback,0
4995,VP010,135,nback,0
4996,VP010,136,nback,0
4997,VP010,137,nback,0
4998,VP010,138,nback,0
4999,VP010,139,nback,0
5000,VP010,140,nback,0
5001,VP010,141,nback,2
5002,VP010,142,nback,2
5003,VP010,143,nback,2
5004,VP010,144,nback,2
5005,VP010,145,nback,2
5006,VP010,146,nback,2
5007,VP010,147,nback,2
5008,VP010,148,nback,2
5009,VP010,149,nback,2
5010,VP010,150,nback,2
5011,VP010,151,nback,2
5012,VP010,152,nback,2
5013,VP010,153,nback,2
5014,VP010,154,nback,2
5015,VP010,155,nback,2
5016,VP010,156,nback,2
5017,VP010,157,nback,2
5018,VP010,158,nback,2
5019,VP010,159,nback,2
5020,VP010,160,nback,2
5021,VP010,161,nback,1
5022,VP010,162,nback,1
5023,VP010,163,nback,1
5024,VP010,164,nback,1
5025,VP010,165,nback,1
5026,VP010,166,nback,1
5027,VP010,167,nback,1
5028,VP010,168,nback,1
5029,VP010,169,nback,1
5030,VP010,170,nback,1
5031,VP010,171,nback,1
5032,VP010,172,nback,1
5033,VP010,173,nback,1
5034,VP010,174,nback,1
5035,VP010,175,nback,1
5036,VP010,176,nback,1
5037,VP010,177,nback,1
5038,VP010,178,nback,1
5039,VP010,179,nback,1
5040,VP010,180,nback,1
5041,VP010,181,nback,1
5042,VP010,182,nback,1
5043,VP010,183,nback,1
5044,VP010,184,nback,1
5045,VP010,185,nback,1
5046,VP010,186,nback,1
5047,VP010,187,nback,1
5048,VP010,188,nback,1
5049,VP010,189,nback,1
5050,VP010,190,nback,1
5051,VP010,191,nback,1
5052,VP010,192,nback,1
5053,VP010,193,nback,1
5054,VP010,194,nback,1
5055,VP010,195,nback,1
5056,VP010,196,nback,1
5057,VP010,197,nback,1
5058,VP010,198,nback,1
5059,VP010,199,nback,1
5060,VP010,200,nback,1
5061,VP010,201,nback,0
5062,VP010,202,nback,0
5063,VP010,203,nback,0
5064,VP010,204,nback,0
5065,VP010,205,nback,0
5066,VP010,206,nback,0
5067,VP010,207,nback,0
5068,VP010,208,nback,0
5069,VP010,209,nback,0
5070,VP010,210,nback,0
5071,VP010,211,nback,0
5072,VP010,212,nback,0
5073,VP010,213,nback,0
5074,VP010,214,nback,0
5075,VP010,215,nback,0
5076,VP010,216,nback,0
5077,VP010,217,nback,0
5078,VP010,218,nback,0
5079,VP010,219,nback,0
5080,VP010,220,nback,0
5081,VP010,221,nback,2
5082,VP010,222,nback,2
5083,VP010,223,nback,2
5084,VP010,224,nback,2
5085,VP010,225,nback,2
5086,VP010,226,nback,2
5087,VP010,227,nback,2
5088,VP010,228,nback,2
5089,VP010,229,nback,2
5090,VP010,230,nback,2
5091,VP010,231,nback,2
5092,VP010,232,nback,2
5093,VP010,233,nback,2
5094,VP010,234,nback,2
5095,VP010,235,nback,2
5096,VP010,236,nback,2
5097,VP010,237,nback,2
5098,VP010,238,nback,2
5099,VP010,239,nback,2
5100,VP010,240,nback,2
5101,VP010,241,nback,0
5102,VP010,242,nback,0
5103,VP010,243,nback,0
5104,VP010,244,nback,0
5105,VP010,245,nback,0
5106,VP010,246,nback,0
5107,VP010,247,nback,0
5108,VP010,248,nback,0
5109,VP010,249,nback,0
5110,VP010,250,nback,0
5111,VP010,251,nback,0
5112,VP010,252,nback,0
5113,VP010,253,nback,0
5114,VP010,254,nback,0
5115,VP010,255,nback,0
5116,VP010,256,nback,0
5117,VP010,257,nback,0
5118,VP010,258,nback,0
5119,VP010,259,nback,0
5120,VP010,260,nback,0
5121,VP010,261,nback,2
5122,VP010,262,nback,2
5123,VP010,263,nback,2
5124,VP010,264,nback,2
5125,VP010,265,nback,2
5126,VP010,266,nback,2
5127,VP010,267,nback,2
5128,VP010,268,nback,2
5129,VP010,269,nback,2
5130,VP010,270,nback,2
5131,VP010,271,nback,2
5132,VP010,272,nback,2
5133,VP010,273,nback,2
5134,VP010,274,nback,2
5135,VP010,275,nback,2
5136,VP010,276,nback,2
5137,VP010,277,nback,2
5138,VP010,278,nback,2
5139,VP010,279,nback,2
5140,VP010,280,nback,2
5141,VP010,281,nback,1
5142,VP010,282,nback,1
5143,VP010,283,nback,1
5144,VP010,284,nback,1
5145,VP010,285,nback,1
5146,VP010,286,nback,1
5147,VP010,287,nback,1
5148,VP010,288,nback,1
5149,VP010,289,nback,1
5150,VP010,290,nback,1
5151,VP010,291,nback,1
5152,VP010,292,nback,1
5153,VP010,293,nback,1
5154,VP010,294,nback,1
5155,VP010,295,nback,1
5156,VP010,296,nback,1
5157,VP010,297,nback,1
5158,VP010,298,nback,1
5159,VP010,299,nback,1
5160,VP010,300,nback,1
5161,VP010,301,nback,2
5162,VP010,302,nback,2
5163,VP010,303,nback,2
5164,VP010,304,nback,2
5165,VP010,305,nback,2
5166,VP010,306,nback,2
5167,VP010,307,nback,2
5168,VP010,308,nback,2
5169,VP010,309,nback,2
5170,VP010,310,nback,2
5171,VP010,311,nback,2
5172,VP010,312,nback,2
5173,VP010,313,nback,2
5174,VP010,314,nback,2
5175,VP010,315,nback,2
5176,VP010,316,nback,2
5177,VP010,317,nback,2
5178,VP010,318,nback,2
5179,VP010,319,nback,2
5180,VP010,320,nback,2
5181,VP010,321,nback,1
5182,VP010,322,nback,1
5183,VP010,323,nback,1
5184,VP010,324,nback,1
5185,VP010,325,nback,1
5186,VP010,326,nback,1
5187,VP010,327,nback,1
5188,VP010,328,nback,1
5189,VP010,329,nback,1
5190,VP010,330,nback,1
5191,VP010,331,nback,1
5192,VP010,332,nback,1
5193,VP010,333,nback,1
5194,VP010,334,nback,1
5195,VP010,335,nback,1
5196,VP010,336,nback,1
5197,VP010,337,nback,1
5198,VP010,338,nback,1
5199,VP010,339,nback,1
5200,VP010,340,nback,1
5201,VP010,341,nback,0
5202,VP010,342,nback,0
5203,VP010,343,nback,0
5204,VP010,344,nback,0
5205,VP010,345,nback,0
5206,VP010,346,nback,0
5207,VP010,347,nback,0
5208,VP010,348,nback,0
5209,VP010,349,nback,0
5210,VP010,350,nback,0
5211,VP010,351,nback,0
5212,VP010,352,nback,0
5213,VP010,353,nback,0
5214,VP010,354,nback,0
5215,VP010,355,nback,0
5216,VP010,356,nback,0
5217,VP010,357,nback,0
5218,VP010,358,nback,0
5219,VP010,359,nback,0
5220,VP010,360,nback,0
5221,VP010,361,nback,0
5222,VP010,362,nback,0
5223,VP010,363,nback,0
5224,VP010,364,nback,0
5225,VP010,365,nback,0
5226,VP010,366,nback,0
5227,VP010,367,nback,0
5228,VP010,368,nback,0
5229,VP010,369,nback,0
5230,VP010,370,nback,0
5231,VP010,371,nback,0
5232,VP010,372,nback,0
5233,VP010,373,nback,0
5234,VP010,374,nback,0
5235,VP010,375,nback,0
5236,VP010,376,nback,0
5237,VP010,377,nback,0
5238,VP010,378,nback,0
5239,VP010,379,nback,0
5240,VP010,380,nback,0
5241,VP010,381,nback,2
5242,VP010,382,nback,2
5243,VP010,383,nback,2
5244,VP010,384,nback,2
5245,VP010,385,nback,2
5246,VP010,386,nback,2
5247,VP010,387,nback,2
5248,VP010,388,nback,2
5249,VP010,389,nback,2
5250,VP010,390,nback,2
5251,VP010,391,nback,2
5252,VP010,392,nback,2
5253,VP010,393,nback,2
5254,VP010,394,nback,2
5255,VP010,395,nback,2
5256,VP010,396,nback,2
5257,VP010,397,nback,2
5258,VP010,398,nback,2
5259,VP010,399,nback,2
5260,VP010,400,nback,2
5261,VP010,401,nback,1
5262,VP010,402,nback,1
5263,VP010,403,nback,1
5264,VP010,404,nback,1
5265,VP010,405,nback,1
5266,VP010,406,nback,1
5267,VP010,407,nback,1
5268,VP010,408,nback,1
5269,VP010,409,nback,1
5270,VP010,410,nback,1
5271,VP010,411,nback,1
5272,VP010,412,nback,1
5273,VP010,413,nback,1
5274,VP010,414,nback,1
5275,VP010,415,nback,1
5276,VP010,416,nback,1
5277,VP010,417,nback,1
5278,VP010,418,nback,1
5279,VP010,419,nback,1
5280,VP010,420,nback,1
5281,VP010,421,nback,2
5282,VP010,422,nback,2
5283,VP010,423,nback,2
5284,VP010,424,nback,2
5285,VP010,425,nback,2
5286,VP010,426,nback,2
5287,VP010,427,nback,2
5288,VP010,428,nback,2
5289,VP010,429,nback,2
5290,VP010,430,nback,2
5291,VP010,431,nback,2
5292,VP010,432,nback,2
5293,VP010,433,nback,2
5294,VP010,434,nback,2
5295,VP010,435,nback,2
5296,VP010,436,nback,2
5297,VP010,437,nback,2
5298,VP010,438,nback,2
5299,VP010,439,nback,2
5300,VP010,440,nback,2
5301,VP010,441,nback,1
5302,VP010,442,nback,1
5303,VP010,443,nback,1
5304,VP010,444,nback,1
5305,VP010,445,nback,1
5306,VP010,446,nback,1
5307,VP010,447,nback,1
5308,VP010,448,nback,1
5309,VP010,449,nback,1
5310,VP010,450,nback,1
5311,VP010,451,nback,1
5312,VP010,452,nback,1
5313,VP010,453,nback,1
5314,VP010,454,nback,1
5315,VP010,455,nback,1
5316,VP010,456,nback,1
5317,VP010,457,nback,1
5318,VP010,458,nback,1
5319,VP010,459,nback,1
5320,VP010,460,nback,1
5321,VP010,461,nback,0
5322,VP010,462,nback,0
5323,VP010,463,nback,0
5324,VP010,464,nback,0
5325,VP010,465,nback,0
5326,VP010,466,nback,0
5327,VP010,467,nback,0
5328,VP010,468,nback,0
5329,VP010,469,nback,0
5330,VP010,470,nback,0
5331,VP010,471,nback,0
5332,VP010,472,nback,0
5333,VP010,473,nback,0
5334,VP010,474,nback,0
5335,VP010,475,nback,0
5336,VP010,476,nback,0
5337,VP010,477,nback,0
5338,VP010,478,nback,0
5339,VP010,479,nback,0
5340,VP010,480,nback,0
5341,VP010,481,nback,1
5342,VP010,482,nback,1
5343,VP010,483,nback,1
5344,VP010,484,nback,1
5345,VP010,485,nback,1
5346,VP010,486,nback,1
5347,VP010,487,nback,1
5348,VP010,488,nback,1
5349,VP010,489,nback,1
5350,VP010,490,nback,1
5351,VP010,491,nback,1
5352,VP010,492,nback,1
5353,VP010,493,nback,1
5354,VP010,494,nback,1
5355,VP010,495,nback,1
5356,VP010,496,nback,1
5357,VP010,497,nback,1
5358,VP010,498,nback,1
5359,VP010,499,nback,1
5360,VP010,500,nback,1
5361,VP010,501,nback,0
5362,VP010,502,nback,0
5363,VP010,503,nback,0
5364,VP010,504,nback,0
5365,VP010,505,nback,0
5366,VP010,506,nback,0
5367,VP010,507,nback,0
5368,VP010,508,nback,0
5369,VP010,509,nback,0
5370,VP010,510,nback,0
5371,VP010,511,nback,0
5372,VP010,512,nback,0
5373,VP010,513,nback,0
5374,VP010,514,nback,0
5375,VP010,515,nback,0
5376,VP010,516,nback,0
5377,VP010,517,nback,0
5378,VP010,518,nback,0
5379,VP010,519,nback,0
5380,VP010,520,nback,0
5381,VP010,521,nback,2
5382,VP010,522,nback,2
5383,VP010,523,nback,2
5384,VP010,524,nback,2
5385,VP010,525,nback,2
5386,VP010,526,nback,2
5387,VP010,527,nback,2
5388,VP010,528,nback,2
5389,VP010,529,nback,2
5390,VP010,530,nback,2
5391,VP010,531,nback,2
5392,VP010,532,nback,2
5393,VP010,533,nback,2
5394,VP010,534,nback,2
5395,VP010,535,nback,2
5396,VP010,536,nback,2
5397,VP010,537,nback,2
5398,VP010,538,nback,2
5399,VP010,539,nback,2
5400,VP010,540,nback,2
5401,VP011,1,nback,2
5402,VP011,2,nback,2
5403,VP011,3,nback,2
5404,VP011,4,nback,2
5405,VP011,5,nback,2
5406,VP011,6,nback,2
5407,VP011,7,nback,2
5408,VP011,8,nback,2
5409,VP011,9,nback,2
5410,VP011,10,nback,2
5411,VP011,11,nback,2
5412,VP011,12,nback,2
5413,VP011,13,nback,2
5414,VP011,14,nback,2
5415,VP011,15,nback,2
5416,VP011,16,nback,2
5417,VP011,17,nback,2
5418,VP011,18,nback,2
5419,VP011,19,nback,2
5420,VP011,20,nback,2
5421,VP011,21,nback,1
5422,VP011,22,nback,1
5423,VP011,23,nback,1
5424,VP011,24,nback,1
5425,VP011,25,nback,1
5426,VP011,26,nback,1
5427,VP011,27,nback,1
5428,VP011,28,nback,1
5429,VP011,29,nback,1
5430,VP011,30,nback,1
5431,VP011,31,nback,1
5432,VP011,32,nback,1
5433,VP011,33,nback,1
5434,VP011,34,nback,1
5435,VP011,35,nback,1
5436,VP011,36,nback,1
5437,VP011,37,nback,1
5438,VP011,38,nback,1
5439,VP011,39,nback,1
5440,VP011,40,nback,1
5441,VP011,41,nback,0
5442,VP011,42,nback,0
5443,VP011,43,nback,0
5444,VP011,44,nback,0
5445,VP011,45,nback,0
5446,VP011,46,nback,0
5447,VP011,47,nback,0
5448,VP011,48,nback,0
5449,VP011,49,nback,0
5450,VP011,50,nback,0
5451,VP011,51,nback,0
5452,VP011,52,nback,0
5453,VP011,53,nback,0
5454,VP011,54,nback,0
5455,VP011,55,nback,0
5456,VP011,56,nback,0
5457,VP011,57,nback,0
5458,VP011,58,nback,0
5459,VP011,59,nback,0
5460,VP011,60,nback,0
5461,VP011,61,nback,1
5462,VP011,62,nback,1
5463,VP011,63,nback,1
5464,VP011,64,nback,1
5465,VP011,65,nback,1
5466,VP011,66,nback,1
5467,VP011,67,nback,1
5468,VP011,68,nback,1
5469,VP011,69,nback,1
5470,VP011,70,nback,1
5471,VP011,71,nback,1
5472,VP011,72,nback,1
5473,VP011,73,nback,1
5474,VP011,74,nback,1
5475,VP011,75,nback,1
5476,VP011,76,nback,1
5477,VP011,77,nback,1
5478,VP011,78,nback,1
5479,VP011,79,nback,1
5480,VP011,80,nback,1
5481,VP011,81,nback,0
5482,VP011,82,nback,0
5483,VP011,83,nback,0
5484,VP011,84,nback,0
5485,VP011,85,nback,0
5486,VP011,86,nback,0
5487,VP011,87,nback,0
5488,VP011,88,nback,0
5489,VP011,89,nback,0
5490,VP011,90,nback,0
5491,VP011,91,nback,0
5492,VP011,92,nback,0
5493,VP011,93,nback,0
5494,VP011,94,nback,0
5495,VP011,95,nback,0
5496,VP011,96,nback,0
5497,VP011,97,nback,0
5498,VP011,98,nback,0
5499,VP011,99,nback,0
5500,VP011,100,nback,0
5501,VP011,101,nback,2
5502,VP011,102,nback,2
5503,VP011,103,nback,2
5504,VP011,104,nback,2
5505,VP011,105,nback,2
5506,VP011,106,nback,2
5507,VP011,107,nback,2
5508,VP011,108,nback,2
5509,VP011,109,nback,2
5510,VP011,110,nback,2
5511,VP011,111,nback,2
5512,VP011,112,nback,2
5513,VP011,113,nback,2
5514,VP011,114,nback,2
5515,VP011,115,nback,2
5516,VP011,116,nback,2
5517,VP011,117,nback,2
5518,VP011,118,nback,2
5519,VP011,119,nback,2
5520,VP011,120,nback,2
5521,VP011,121,nback,0
5522,VP011,122,nback,0
5523,VP011,123,nback,0
5524,VP011,124,nback,0
5525,VP011,125,nback,0
5526,VP011,126,nback,0
5527,VP011,127,nback,0
5528,VP011,128,nback,0
5529,VP011,129,nback,0
5530,VP011,130,nback,0
5531,VP011,131,nback,0
5532,VP011,132,nback,0
5533,VP011,133,nback,0
5534,VP011,134,nback,0
5535,VP011,135,nback,0
5536,VP011,136,nback,0
5537,VP011,137,nback,0
5538,VP011,138,nback,0
5539,VP011,139,nback,0
5540,VP011,140,nback,0
5541,VP011,141,nback,2
5542,VP011,142,nback,2
5543,VP011,143,nback,2
5544,VP011,144,nback,2
5545,VP011,145,nback,2
5546,VP011,146,nback,2
5547,VP011,147,nback,2
5548,VP011,148,nback,2
5549,VP011,149,nback,2
5550,VP011,150,nback,2
5551,VP011,151,nback,2
5552,VP011,152,nback,2
5553,VP011,153,nback,2
5554,VP011,154,nback,2
5555,VP011,155,nback,2
5556,VP011,156,nback,2
5557,VP011,157,nback,2
5558,VP011,158,nback,2
5559,VP011,159,nback,2
5560,VP011,160,nback,2
5561,VP011,161,nback,1
5562,VP011,162,nback,1
5563,VP011,163,nback,1
5564,VP011,164,nback,1
5565,VP011,165,nback,1
5566,VP011,166,nback,1
5567,VP011,167,nback,1
5568,VP011,168,nback,1
5569,VP011,169,nback,1
5570,VP011,170,nback,1
5571,VP011,171,nback,1
5572,VP011,172,nback,1
5573,VP011,173,nback,1
5574,VP011,174,nback,1
5575,VP011,175,nback,1
5576,VP011,176,nback,1
5577,VP011,177,nback,1
5578,VP011,178,nback,1
5579,VP011,179,nback,1
5580,VP011,180,nback,1
5581,VP011,181,nback,1
5582,VP011,182,nback,1
5583,VP011,183,nback,1
5584,VP011,184,nback,1
5585,VP011,185,nback,1
5586,VP011,186,nback,1
5587,VP011,187,nback,1
5588,VP011,188,nback,1
5589,VP011,189,nback,1
5590,VP011,190,nback,1
5591,VP011,191,nback,1
5592,VP011,192,nback,1
5593,VP011,193,nback,1
5594,VP011,194,nback,1
5595,VP011,195,nback,1
5596,VP011,196,nback,1
5597,VP011,197,nback,1
5598,VP011,198,nback,1
5599,VP011,199,nback,1
5600,VP011,200,nback,1
5601,VP011,201,nback,0
5602,VP011,202,nback,0
5603,VP011,203,nback,0
5604,VP011,204,nback,0
5605,VP011,205,nback,0
5606,VP011,206,nback,0
5607,VP011,207,nback,0
5608,VP011,208,nback,0
5609,VP011,209,nback,0
5610,VP011,210,nback,0
5611,VP011,211,nback,0
5612,VP011,212,nback,0
5613,VP011,213,nback,0
5614,VP011,214,nback,0
5615,VP011,215,nback,0
5616,VP011,216,nback,0
5617,VP011,217,nback,0
5618,VP011,218,nback,0
5619,VP011,219,nback,0
5620,VP011,220,nback,0
5621,VP011,221,nback,2
5622,VP011,222,nback,2
5623,VP011,223,nback,2
5624,VP011,224,nback,2
5625,VP011,225,nback,2
5626,VP011,226,nback,2
5627,VP011,227,nback,2
5628,VP011,228,nback,2
5629,VP011,229,nback,2
5630,VP011,230,nback,2
5631,VP011,231,nback,2
5632,VP011,232,nback,2
5633,VP011,233,nback,2
5634,VP011,234,nback,2
5635,VP011,235,nback,2
5636,VP011,236,nback,2
5637,VP011,237,nback,2
5638,VP011,238,nback,2
5639,VP011,239,nback,2
5640,VP011,240,nback,2
5641,VP011,241,nback,0
5642,VP011,242,nback,0
5643,VP011,243,nback,0
5644,VP011,244,nback,0
5645,VP011,245,nback,0
5646,VP011,246,nback,0
5647,VP011,247,nback,0
5648,VP011,248,nback,0
5649,VP011,249,nback,0
5650,VP011,250,nback,0
5651,VP011,251,nback,0
5652,VP011,252,nback,0
5653,VP011,253,nback,0
5654,VP011,254,nback,0
5655,VP011,255,nback,0
5656,VP011,256,nback,0
5657,VP011,257,nback,0
5658,VP011,258,nback,0
5659,VP011,259,nback,0
5660,VP011,260,nback,0
5661,VP011,261,nback,2
5662,VP011,262,nback,2
5663,VP011,263,nback,2
5664,VP011,264,nback,2
5665,VP011,265,nback,2
5666,VP011,266,nback,2
5667,VP011,267,nback,2
5668,VP011,268,nback,2
5669,VP011,269,nback,2
5670,VP011,270,nback,2
5671,VP011,271,nback,2
5672,VP011,272,nback,2
5673,VP011,273,nback,2
5674,VP011,274,nback,2
5675,VP011,275,nback,2
5676,VP011,276,nback,2
5677,VP011,277,nback,2
5678,VP011,278,nback,2
5679,VP011,279,nback,2
5680,VP011,280,nback,2
5681,VP011,281,nback,1
5682,VP011,282,nback,1
5683,VP011,283,nback,1
5684,VP011,284,nback,1
5685,VP011,285,nback,1
5686,VP011,286,nback,1
5687,VP011,287,nback,1
5688,VP011,288,nback,1
5689,VP011,289,nback,1
5690,VP011,290,nback,1
5691,VP011,291,nback,1
5692,VP011,292,nback,1
5693,VP011,293,nback,1
5694,VP011,294,nback,1
5695,VP011,295,nback,1
5696,VP011,296,nback,1
5697,VP011,297,nback,1
5698,VP011,298,nback,1
5699,VP011,299,nback,1
5700,VP011,300,nback,1
5701,VP011,301,nback,2
5702,VP011,302,nback,2
5703,VP011,303,nback,2
5704,VP011,304,nback,2
5705,VP011,305,nback,2
5706,VP011,306,nback,2
5707,VP011,307,nback,2
5708,VP011,308,nback,2
5709,VP011,309,nback,2
5710,VP011,310,nback,2
5711,VP011,311,nback,2
5712,VP011,312,nback,2
5713,VP011,313,nback,2
5714,VP011,314,nback,2
5715,VP011,315,nback,2
5716,VP011,316,nback,2
5717,VP011,317,nback,2
5718,VP011,318,nback,2
5719,VP011,319,nback,2
5720,VP011,320,nback,2
5721,VP011,321,nback,1
5722,VP011,322,nback,1
5723,VP011,323,nback,1
5724,VP011,324,nback,1
5725,VP011,325,nback,1
5726,VP011,326,nback,1
5727,VP011,327,nback,1
5728,VP011,328,nback,1
5729,VP011,329,nback,1
5730,VP011,330,nback,1
5731,VP011,331,nback,1
5732,VP011,332,nback,1
5733,VP011,333,nback,1
5734,VP011,334,nback,1
5735,VP011,335,nback,1
5736,VP011,336,nback,1
5737,VP011,337,nback,1
5738,VP011,338,nback,1
5739,VP011,339,nback,1
5740,VP011,340,nback,1
5741,VP011,341,nback,0
5742,VP011,342,nback,0
5743,VP011,343,nback,0
5744,VP011,344,nback,0
5745,VP011,345,nback,0
5746,VP011,346,nback,0
5747,VP011,347,nback,0
5748,VP011,348,nback,0
5749,VP011,349,nback,0
5750,VP011,350,nback,0
5751,VP011,351,nback,0
5752,VP011,352,nback,0
5753,VP011,353,nback,0
5754,VP011,354,nback,0
5755,VP011,355,nback,0
5756,VP011,356,nback,0
5757,VP011,357,nback,0
5758,VP011,358,nback,0
5759,VP011,359,nback,0
5760,VP011,360,nback,0
5761,VP011,361,nback,0
5762,VP011,362,nback,0
5763,VP011,363,nback,0
5764,VP011,364,nback,0
5765,VP011,365,nback,0
5766,VP011,366,nback,0
5767,VP011,367,nback,0
5768,VP011,368,nback,0
5769,VP011,369,nback,0
5770,VP011,370,nback,0
5771,VP011,371,nback,0
5772,VP011,372,nback,0
5773,VP011,373,nback,0
5774,VP011,374,nback,0
5775,VP011,375,nback,0
5776,VP011,376,nback,0
5777,VP011,377,nback,0
5778,VP011,378,nback,0
5779,VP011,379,nback,0
5780,VP011,380,nback,0
5781,VP011,381,nback,2
5782,VP011,382,nback,2
5783,VP011,383,nback,2
5784,VP011,384,nback,2
5785,VP011,385,nback,2
5786,VP011,386,nback,2
5787,VP011,387,nback,2
5788,VP011,388,nback,2
5789,VP011,389,nback,2
5790,VP011,390,nback,2
5791,VP011,391,nback,2
5792,VP011,392,nback,2
5793,VP011,393,nback,2
5794,VP011,394,nback,2
5795,VP011,395,nback,2
5796,VP011,396,nback,2
5797,VP011,397,nback,2
5798,VP011,398,nback,2
5799,VP011,399,nback,2
5800,VP011,400,nback,2
5801,VP011,401,nback,1
5802,VP011,402,nback,1
5803,VP011,403,nback,1
5804,VP011,404,nback,1
5805,VP011,405,nback,1
5806,VP011,406,nback,1
5807,VP011,407,nback,1
5808,VP011,408,nback,1
5809,VP011,409,nback,1
5810,VP011,410,nback,1
5811,VP011,411,nback,1
5812,VP011,412,nback,1
5813,VP011,413,nback,1
5814,VP011,414,nback,1
5815,VP011,415,nback,1
5816,VP011,416,nback,1
5817,VP011,417,nback,1
5818,VP011,418,nback,1
5819,VP011,419,nback,1
5820,VP011,420,nback,1
5821,VP011,421,nback,2
5822,VP011,422,nback,2
5823,VP011,423,nback,2
5824,VP011,424,nback,2
5825,VP011,425,nback,2
5826,VP011,426,nback,2
5827,VP011,427,nback,2
5828,VP011,428,nback,2
5829,VP011,429,nback,2
5830,VP011,430,nback,2
5831,VP011,431,nback,2
5832,VP011,432,nback,2
5833,VP011,433,nback,2
5834,VP011,434,nback,2
5835,VP011,435,nback,2
5836,VP011,436,nback,2
5837,VP011,437,nback,2
5838,VP011,438,nback,2
5839,VP011,439,nback,2
5840,VP011,440,nback,2
5841,VP011,441,nback,1
5842,VP011,442,nback,1
5843,VP011,443,nback,1
5844,VP011,444,nback,1
5845,VP011,445,nback,1
5846,VP011,446,nback,1
5847,VP011,447,nback,1
5848,VP011,448,nback,1
5849,VP011,449,nback,1
5850,VP011,450,nback,1
5851,VP011,451,nback,1
5852,VP011,452,nback,1
5853,VP011,453,nback,1
5854,VP011,454,nback,1
5855,VP011,455,nback,1
5856,VP011,456,nback,1
5857,VP011,457,nback,1
5858,VP011,458,nback,1
5859,VP011,459,nback,1
5860,VP011,460,nback,1
5861,VP011,461,nback,0
5862,VP011,462,nback,0
5863,VP011,463,nback,0
5864,VP011,464,nback,0
5865,VP011,465,nback,0
5866,VP011,466,nback,0
5867,VP011,467,nback,0
5868,VP011,468,nback,0
5869,VP011,469,nback,0
5870,VP011,470,nback,0
5871,VP011,471,nback,0
5872,VP011,472,nback,0
5873,VP011,473,nback,0
5874,VP011,474,nback,0
5875,VP011,475,nback,0
5876,VP011,476,nback,0
5877,VP011,477,nback,0
5878,VP011,478,nback,0
5879,VP011,479,nback,0
5880,VP011,480,nback,0
5881,VP011,481,nback,1
5882,VP011,482,nback,1
5883,VP011,483,nback,1
5884,VP011,484,nback,1
5885,VP011,485,nback,1
5886,VP011,486,nback,1
5887,VP011,487,nback,1
5888,VP011,488,nback,1
5889,VP011,489,nback,1
5890,VP011,490,nback,1
5891,VP011,491,nback,1
5892,VP011,492,nback,1
5893,VP011,493,nback,1
5894,VP011,494,nback,1
5895,VP011,495,nback,1
5896,VP011,496,nback,1
5897,VP011,497,nback,1
5898,VP011,498,nback,1
5899,VP011,499,nback,1
5900,VP011,500,nback,1
5901,VP011,501,nback,0
5902,VP011,502,nback,0
5903,VP011,503,nback,0
5904,VP011,504,nback,0
5905,VP011,505,nback,0
5906,VP011,506,nback,0
5907,VP011,507,nback,0
5908,VP011,508,nback,0
5909,VP011,509,nback,0
5910,VP011,510,nback,0
5911,VP011,511,nback,0
5912,VP011,512,nback,0
5913,VP011,513,nback,0
5914,VP011,514,nback,0
5915,VP011,515,nback,0
5916,VP011,516,nback,0
5917,VP011,517,nback,0
5918,VP011,518,nback,0
5919,VP011,519,nback,0
5920,VP011,520,nback,0
5921,VP011,521,nback,2
5922,VP011,522,nback,2
5923,VP011,523,nback,2
5924,VP011,524,nback,2
5925,VP011,525,nback,2
5926,VP011,526,nback,2
5927,VP011,527,nback,2
5928,VP011,528,nback,2
5929,VP011,529,nback,2
5930,VP011,530,nback,2
5931,VP011,531,nback,2
5932,VP011,532,nback,2
5933,VP011,533,nback,2
5934,VP011,534,nback,2
5935,VP011,535,nback,2
5936,VP011,536,nback,2
5937,VP011,537,nback,2
5938,VP011,538,nback,2
5939,VP011,539,nback,2
5940,VP011,540,nback,2
5941,VP012,1,nback,2
5942,VP012,2,nback,2
5943,VP012,3,nback,2
5944,VP012,4,nback,2
5945,VP012,5,nback,2
5946,VP012,6,nback,2
5947,VP012,7,nback,2
5948,VP012,8,nback,2
5949,VP012,9,nback,2
5950,VP012,10,nback,2
5951,VP012,11,nback,2
5952,VP012,12,nback,2
5953,VP012,13,nback,2
5954,VP012,14,nback,2
5955,VP012,15,nback,2
5956,VP012,16,nback,2
5957,VP012,17,nback,2
5958,VP012,18,nback,2
5959,VP012,19,nback,2
5960,VP012,20,nback,2
5961,VP012,21,nback,1
5962,VP012,22,nback,1
5963,VP012,23,nback,1
5964,VP012,24,nback,1
5965,VP012,25,nback,1
5966,VP012,26,nback,1
5967,VP012,27,nback,1
5968,VP012,28,nback,1
5969,VP012,29,nback,1
5970,VP012,30,nback,1
5971,VP012,31,nback,1
5972,VP012,32,nback,1
5973,VP012,33,nback,1
5974,VP012,34,nback,1
5975,VP012,35,nback,1
5976,VP012,36,nback,1
5977,VP012,37,nback,1
5978,VP012,38,nback,1
5979,VP012,39,nback,1
5980,VP012,40,nback,1
5981,VP012,41,nback,0
5982,VP012,42,nback,0
5983,VP012,43,nback,0
5984,VP012,44,nback,0
5985,VP012,45,nback,0
5986,VP012,46,nback,0
5987,VP012,47,nback,0
5988,VP012,48,nback,0
5989,VP012,49,nback,0
5990,VP012,50,nback,0
5991,VP012,51,nback,0
5992,VP012,52,nback,0
5993,VP012,53,nback,0
5994,VP012,54,nback,0
5995,VP012,55,nback,0
5996,VP012,56,nback,0
5997,VP012,57,nback,0
5998,VP012,58,nback,0
5999,VP012,59,nback,0
6000,VP012,60,nback,0
6001,VP012,61,nback,1
6002,VP012,62,nback,1
6003,VP012,63,nback,1
6004,VP012,64,nback,1
6005,VP012,65,nback,1
6006,VP012,66,nback,1
6007,VP012,67,nback,1
6008,VP012,68,nback,1
6009,VP012,69,nback,1
6010,VP012,70,nback,1
6011,VP012,71,nback,1
6012,VP012,72,nback,1
6013,VP012,73,nback,1
6014,VP012,74,nback,1
6015,VP012,75,nback,1
6016,VP012,76,nback,1
6017,VP012,77,nback,1
6018,VP012,78,nback,1
6019,VP012,79,nback,1
6020,VP012,80,nback,1
6021,VP012,81,nback,0
6022,VP012,82,nback,0
6023,VP012,83,nback,0
6024,VP012,84,nback,0
6025,VP012,85,nback,0
6026,VP012,86,nback,0
6027,VP012,87,nback,0
6028,VP012,88,nback,0
6029,VP012,89,nback,0
6030,VP012,90,nback,0
6031,VP012,91,nback,0
6032,VP012,92,nback,0
6033,VP012,93,nback,0
6034,VP012,94,nback,0
6035,VP012,95,nback,0
6036,VP012,96,nback,0
6037,VP012,97,nback,0
6038,VP012,98,nback,0
6039,VP012,99,nback,0
6040,VP012,100,nback,0
6041,VP012,101,nback,2
6042,VP012,102,nback,2
6043,VP012,103,nback,2
6044,VP012,104,nback,2
6045,VP012,105,nback,2
6046,VP012,106,nback,2
6047,VP012,107,nback,2
6048,VP012,108,nback,2
6049,VP012,109,nback,2
6050,VP012,110,nback,2
6051,VP012,111,nback,2
6052,VP012,112,nback,2
6053,VP012,113,nback,2
6054,VP012,114,nback,2
6055,VP012,115,nback,2
6056,VP012,116,nback,2
6057,VP012,117,nback,2
6058,VP012,118,nback,2
6059,VP012,119,nback,2
6060,VP012,120,nback,2
6061,VP012,121,nback,0
6062,VP012,122,nback,0
6063,VP012,123,nback,0
6064,VP012,124,nback,0
6065,VP012,125,nback,0
6066,VP012,126,nback,0
6067,VP012,127,nback,0
6068,VP012,128,nback,0
6069,VP012,129,nback,0
6070,VP012,130,nback,0
6071,VP012,131,nback,0
6072,VP012,132,nback,0
6073,VP012,133,nback,0
6074,VP012,134,nback,0
6075,VP012,135,nback,0
6076,VP012,136,nback,0
6077,VP012,137,nback,0
6078,VP012,138,nback,0
6079,VP012,139,nback,0
6080,VP012,140,nback,0
6081,VP012,141,nback,2
6082,VP012,142,nback,2
6083,VP012,143,nback,2
6084,VP012,144,nback,2
6085,VP012,145,nback,2
6086,VP012,146,nback,2
6087,VP012,147,nback,2
6088,VP012,148,nback,2
6089,VP012,149,nback,2
6090,VP012,150,nback,2
6091,VP012,151,nback,2
6092,VP012,152,nback,2
6093,VP012,153,nback,2
6094,VP012,154,nback,2
6095,VP012,155,nback,2
6096,VP012,156,nback,2
6097,VP012,157,nback,2
6098,VP012,158,nback,2
6099,VP012,159,nback,2
6100,VP012,160,nback,2
6101,VP012,161,nback,1
6102,VP012,162,nback,1
6103,VP012,163,nback,1
6104,VP012,164,nback,1
6105,VP012,165,nback,1
6106,VP012,166,nback,1
6107,VP012,167,nback,1
6108,VP012,168,nback,1
6109,VP012,169,nback,1
6110,VP012,170,nback,1
6111,VP012,171,nback,1
6112,VP012,172,nback,1
6113,VP012,173,nback,1
6114,VP012,174,nback,1
6115,VP012,175,nback,1
6116,VP012,176,nback,1
6117,VP012,177,nback,1
6118,VP012,178,nback,1
6119,VP012,179,nback,1
6120,VP012,180,nback,1
6121,VP012,181,nback,1
6122,VP012,182,nback,1
6123,VP012,183,nback,1
6124,VP012,184,nback,1
6125,VP012,185,nback,1
6126,VP012,186,nback,1
6127,VP012,187,nback,1
6128,VP012,188,nback,1
6129,VP012,189,nback,1
6130,VP012,190,nback,1
6131,VP012,191,nback,1
6132,VP012,192,nback,1
6133,VP012,193,nback,1
6134,VP012,194,nback,1
6135,VP012,195,nback,1
6136,VP012,196,nback,1
6137,VP012,197,nback,1
6138,VP012,198,nback,1
6139,VP012,199,nback,1
6140,VP012,200,nback,1
6141,VP012,201,nback,0
6142,VP012,202,nback,0
6143,VP012,203,nback,0
6144,VP012,204,nback,0
6145,VP012,205,nback,0
6146,VP012,206,nback,0
6147,VP012,207,nback,0
6148,VP012,208,nback,0
6149,VP012,209,nback,0
6150,VP012,210,nback,0
6151,VP012,211,nback,0
6152,VP012,212,nback,0
6153,VP012,213,nback,0
6154,VP012,214,nback,0
6155,VP012,215,nback,0
6156,VP012,216,nback,0
6157,VP012,217,nback,0
6158,VP012,218,nback,0
6159,VP012,219,nback,0
6160,VP012,220,nback,0
6161,VP012,221,nback,2
6162,VP012,222,nback,2
6163,VP012,223,nback,2
6164,VP012,224,nback,2
6165,VP012,225,nback,2
6166,VP012,226,nback,2
6167,VP012,227,nback,2
6168,VP012,228,nback,2
6169,VP012,229,nback,2
6170,VP012,230,nback,2
6171,VP012,231,nback,2
6172,VP012,232,nback,2
6173,VP012,233,nback,2
6174,VP012,234,nback,2
6175,VP012,235,nback,2
6176,VP012,236,nback,2
6177,VP012,237,nback,2
6178,VP012,238,nback,2
6179,VP012,239,nback,2
6180,VP012,240,nback,2
6181,VP012,241,nback,0
6182,VP012,242,nback,0
6183,VP012,243,nback,0
6184,VP012,244,nback,0
6185,VP012,245,nback,0
6186,VP012,246,nback,0
6187,VP012,247,nback,0
6188,VP012,248,nback,0
6189,VP012,249,nback,0
6190,VP012,250,nback,0
6191,VP012,251,nback,0
6192,VP012,252,nback,0
6193,VP012,253,nback,0
6194,VP012,254,nback,0
6195,VP012,255,nback,0
6196,VP012,256,nback,0
6197,VP012,257,nback,0
6198,VP012,258,nback,0
6199,VP012,259,nback,0
6200,VP012,260,nback,0
6201,VP012,261,nback,2
6202,VP012,262,nback,2
6203,VP012,263,nback,2
6204,VP012,264,nback,2
6205,VP012,265,nback,2
6206,VP012,266,nback,2
6207,VP012,267,nback,2
6208,VP012,268,nback,2
6209,VP012,269,nback,2
6210,VP012,270,nback,2
6211,VP012,271,nback,2
6212,VP012,272,nback,2
6213,VP012,273,nback,2
6214,VP012,274,nback,2
6215,VP012,275,nback,2
6216,VP012,276,nback,2
6217,VP012,277,nback,2
6218,VP012,278,nback,2
6219,VP012,279,nback,2
6220,VP012,280,nback,2
6221,VP012,281,nback,1
6222,VP012,282,nback,1
6223,VP012,283,nback,1
6224,VP012,284,nback,1
6225,VP012,285,nback,1
6226,VP012,286,nback,1
6227,VP012,287,nback,1
6228,VP012,288,nback,1
6229,VP012,289,nback,1
6230,VP012,290,nback,1
6231,VP012,291,nback,1
6232,VP012,292,nback,1
6233,VP012,293,nback,1
6234,VP012,294,nback,1
6235,VP012,295,nback,1
6236,VP012,296,nback,1
6237,VP012,297,nback,1
6238,VP012,298,nback,1
6239,VP012,299,nback,1
6240,VP012,300,nback,1
6241,VP012,301,nback,2
6242,VP012,302,nback,2
6243,VP012,303,nback,2
6244,VP012,304,nback,2
6245,VP012,305,nback,2
6246,VP012,306,nback,2
6247,VP012,307,nback,2
6248,VP012,308,nback,2
6249,VP012,309,nback,2
6250,VP012,310,nback,2
6251,VP012,311,nback,2
6252,VP012,312,nback,2
6253,VP012,313,nback,2
6254,VP012,314,nback,2
6255,VP012,315,nback,2
6256,VP012,316,nback,2
6257,VP012,317,nback,2
6258,VP012,318,nback,2
6259,VP012,319,nback,2
6260,VP012,320,nback,2
6261,VP012,321,nback,1
6262,VP012,322,nback,1
6263,VP012,323,nback,1
6264,VP012,324,nback,1
6265,VP012,325,nback,1
6266,VP012,326,nback,1
6267,VP012,327,nback,1
6268,VP012,328,nback,1
6269,VP012,329,nback,1
6270,VP012,330,nback,1
6271,VP012,331,nback,1
6272,VP012,332,nback,1
6273,VP012,333,nback,1
6274,VP012,334,nback,1
6275,VP012,335,nback,1
6276,VP012,336,nback,1
6277,VP012,337,nback,1
6278,VP012,338,nback,1
6279,VP012,339,nback,1
6280,VP012,340,nback,1
6281,VP012,341,nback,0
6282,VP012,342,nback,0
6283,VP012,343,nback,0
6284,VP012,344,nback,0
6285,VP012,345,nback,0
6286,VP012,346,nback,0
6287,VP012,347,nback,0
6288,VP012,348,nback,0
6289,VP012,349,nback,0
6290,VP012,350,nback,0
6291,VP012,351,nback,0
6292,VP012,352,nback,0
6293,VP012,353,nback,0
6294,VP012,354,nback,0
6295,VP012,355,nback,0
6296,VP012,356,nback,0
6297,VP012,357,nback,0
6298,VP012,358,nback,0
6299,VP012,359,nback,0
6300,VP012,360,nback,0
6301,VP012,361,nback,0
6302,VP012,362,nback,0
6303,VP012,363,nback,0
6304,VP012,364,nback,0
6305,VP012,365,nback,0
6306,VP012,366,nback,0
6307,VP012,367,nback,0
6308,VP012,368,nback,0
6309,VP012,369,nback,0
6310,VP012,370,nback,0
6311,VP012,371,nback,0
6312,VP012,372,nback,0
6313,VP012,373,nback,0
6314,VP012,374,nback,0
6315,VP012,375,nback,0
6316,VP012,376,nback,0
6317,VP012,377,nback,0
6318,VP012,378,nback,0
6319,VP012,379,nback,0
6320,VP012,380,nback,0
6321,VP012,381,nback,2
6322,VP012,382,nback,2
6323,VP012,383,nback,2
6324,VP012,384,nback,2
6325,VP012,385,nback,2
6326,VP012,386,nback,2
6327,VP012,387,nback,2
6328,VP012,388,nback,2
6329,VP012,389,nback,2
6330,VP012,390,nback,2
6331,VP012,391,nback,2
6332,VP012,392,nback,2
6333,VP012,393,nback,2
6334,VP012,394,nback,2
6335,VP012,395,nback,2
6336,VP012,396,nback,2
6337,VP012,397,nback,2
6338,VP012,398,nback,2
6339,VP012,399,nback,2
6340,VP012,400,nback,2
6341,VP012,401,nback,1
6342,VP012,402,nback,1
6343,VP012,403,nback,1
6344,VP012,404,nback,1
6345,VP012,405,nback,1
6346,VP012,406,nback,1
6347,VP012,407,nback,1
6348,VP012,408,nback,1
6349,VP012,409,nback,1
6350,VP012,410,nback,1
6351,VP012,411,nback,1
6352,VP012,412,nback,1
6353,VP012,413,nback,1
6354,VP012,414,nback,1
6355,VP012,415,nback,1
6356,VP012,416,nback,1
6357,VP012,417,nback,1
6358,VP012,418,nback,1
6359,VP012,419,nback,1
6360,VP012,420,nback,1
6361,VP012,421,nback,2
6362,VP012,422,nback,2
6363,VP012,423,nback,2
6364,VP012,424,nback,2
6365,VP012,425,nback,2
6366,VP012,426,nback,2
6367,VP012,427,nback,2
6368,VP012,428,nback,2
6369,VP012,429,nback,2
6370,VP012,430,nback,2
6371,VP012,431,nback,2
6372,VP012,432,nback,2
6373,VP012,433,nback,2
6374,VP012,434,nback,2
6375,VP012,435,nback,2
6376,VP012,436,nback,2
6377,VP012,437,nback,2
6378,VP012,438,nback,2
6379,VP012,439,nback,2
6380,VP012,440,nback,2
6381,VP012,441,nback,1
6382,VP012,442,nback,1
6383,VP012,443,nback,1
6384,VP012,444,nback,1
6385,VP012,445,nback,1
6386,VP012,446,nback,1
6387,VP012,447,nback,1
6388,VP012,448,nback,1
6389,VP012,449,nback,1
6390,VP012,450,nback,1
6391,VP012,451,nback,1
6392,VP012,452,nback,1
6393,VP012,453,nback,1
6394,VP012,454,nback,1
6395,VP012,455,nback,1
6396,VP012,456,nback,1
6397,VP012,457,nback,1
6398,VP012,458,nback,1
6399,VP012,459,nback,1
6400,VP012,460,nback,1
6401,VP012,461,nback,0
6402,VP012,462,nback,0
6403,VP012,463,nback,0
6404,VP012,464,nback,0
6405,VP012,465,nback,0
6406,VP012,466,nback,0
6407,VP012,467,nback,0
6408,VP012,468,nback,0
6409,VP012,469,nback,0
6410,VP012,470,nback,0
6411,VP012,471,nback,0
6412,VP012,472,nback,0
6413,VP012,473,nback,0
6414,VP012,474,nback,0
6415,VP012,475,nback,0
6416,VP012,476,nback,0
6417,VP012,477,nback,0
6418,VP012,478,nback,0
6419,VP012,479,nback,0
6420,VP012,480,nback,0
6421,VP012,481,nback,1
6422,VP012,482,nback,1
6423,VP012,483,nback,1
6424,VP012,484,nback,1
6425,VP012,485,nback,1
6426,VP012,486,nback,1
6427,VP012,487,nback,1
6428,VP012,488,nback,1
6429,VP012,489,nback,1
6430,VP012,490,nback,1
6431,VP012,491,nback,1
6432,VP012,492,nback,1
6433,VP012,493,nback,1
6434,VP012,494,nback,1
6435,VP012,495,nback,1
6436,VP012,496,nback,1
6437,VP012,497,nback,1
6438,VP012,498,nback,1
6439,VP012,499,nback,1
6440,VP012,500,nback,1
6441,VP012,501,nback,0
6442,VP012,502,nback,0
6443,VP012,503,nback,0
6444,VP012,504,nback,0
6445,VP012,505,nback,0
6446,VP012,506,nback,0
6447,VP012,507,nback,0
6448,VP012,508,nback,0
6449,VP012,509,nback,0
6450,VP012,510,nback,0
6451,VP012,511,nback,0
6452,VP012,512,nback,0
6453,VP012,513,nback,0
6454,VP012,514,nback,0
6455,VP012,515,nback,0
6456,VP012,516,nback,0
6457,VP012,517,nback,0
6458,VP012,518,nback,0
6459,VP012,519,nback,0
6460,VP012,520,nback,0
6461,VP012,521,nback,2
6462,VP012,522,nback,2
6463,VP012,523,nback,2
6464,VP012,524,nback,2
6465,VP012,525,nback,2
6466,VP012,526,nback,2
6467,VP012,527,nback,2
6468,VP012,528,nback,2
6469,VP012,529,nback,2
6470,VP012,530,nback,2
6471,VP012,531,nback,2
6472,VP012,532,nback,2
6473,VP012,533,nback,2
6474,VP012,534,nback,2
6475,VP012,535,nback,2
6476,VP012,536,nback,2
6477,VP012,537,nback,2
6478,VP012,538,nback,2
6479,VP012,539,nback,2
6480,VP012,540,nback,2
6481,VP013,1,nback,2
6482,VP013,2,nback,2
6483,VP013,3,nback,2
6484,VP013,4,nback,2
6485,VP013,5,nback,2
6486,VP013,6,nback,2
6487,VP013,7,nback,2
6488,VP013,8,nback,2
6489,VP013,9,nback,2
6490,VP013,10,nback,2
6491,VP013,11,nback,2
6492,VP013,12,nback,2
6493,VP013,13,nback,2
6494,VP013,14,nback,2
6495,VP013,15,nback,2
6496,VP013,16,nback,2
6497,VP013,17,nback,2
6498,VP013,18,nback,2
6499,VP013,19,nback,2
6500,VP013,20,nback,2
6501,VP013,21,nback,1
6502,VP013,22,nback,1
6503,VP013,23,nback,1
6504,VP013,24,nback,1
6505,VP013,25,nback,1
6506,VP013,26,nback,1
6507,VP013,27,nback,1
6508,VP013,28,nback,1
6509,VP013,29,nback,1
6510,VP013,30,nback,1
6511,VP013,31,nback,1
6512,VP013,32,nback,1
6513,VP013,33,nback,1
6514,VP013,34,nback,1
6515,VP013,35,nback,1
6516,VP013,36,nback,1
6517,VP013,37,nback,1
6518,VP013,38,nback,1
6519,VP013,39,nback,1
6520,VP013,40,nback,1
6521,VP013,41,nback,0
6522,VP013,42,nback,0
6523,VP013,43,nback,0
6524,VP013,44,nback,0
6525,VP013,45,nback,0
6526,VP013,46,nback,0
6527,VP013,47,nback,0
6528,VP013,48,nback,0
6529,VP013,49,nback,0
6530,VP013,50,nback,0
6531,VP013,51,nback,0
6532,VP013,52,nback,0
6533,VP013,53,nback,0
6534,VP013,54,nback,0
6535,VP013,55,nback,0
6536,VP013,56,nback,0
6537,VP013,57,nback,0
6538,VP013,58,nback,0
6539,VP013,59,nback,0
6540,VP013,60,nback,0
6541,VP013,61,nback,1
6542,VP013,62,nback,1
6543,VP013,63,nback,1
6544,VP013,64,nback,1
6545,VP013,65,nback,1
6546,VP013,66,nback,1
6547,VP013,67,nback,1
6548,VP013,68,nback,1
6549,VP013,69,nback,1
6550,VP013,70,nback,1
6551,VP013,71,nback,1
6552,VP013,72,nback,1
6553,VP013,73,nback,1
6554,VP013,74,nback,1
6555,VP013,75,nback,1
6556,VP013,76,nback,1
6557,VP013,77,nback,1
6558,VP013,78,nback,1
6559,VP013,79,nback,1
6560,VP013,80,nback,1
6561,VP013,81,nback,0
6562,VP013,82,nback,0
6563,VP013,83,nback,0
6564,VP013,84,nback,0
6565,VP013,85,nback,0
6566,VP013,86,nback,0
6567,VP013,87,nback,0
6568,VP013,88,nback,0
6569,VP013,89,nback,0
6570,VP013,90,nback,0
6571,VP013,91,nback,0
6572,VP013,92,nback,0
6573,VP013,93,nback,0
6574,VP013,94,nback,0
6575,VP013,95,nback,0
6576,VP013,96,nback,0
6577,VP013,97,nback,0
6578,VP013,98,nback,0
6579,VP013,99,nback,0
6580,VP013,100,nback,0
6581,VP013,101,nback,2
6582,VP013,102,nback,2
6583,VP013,103,nback,2
6584,VP013,104,nback,2
6585,VP013,105,nback,2
6586,VP013,106,nback,2
6587,VP013,107,nback,2
6588,VP013,108,nback,2
6589,VP013,109,nback,2
6590,VP013,110,nback,2
6591,VP013,111,nback,2
6592,VP013,112,nback,2
6593,VP013,113,nback,2
6594,VP013,114,nback,2
6595,VP013,115,nback,2
6596,VP013,116,nback,2
6597,VP013,117,nback,2
6598,VP013,118,nback,2
6599,VP013,119,nback,2
6600,VP013,120,nback,2
6601,VP013,121,nback,0
6602,VP013,122,nback,0
6603,VP013,123,nback,0
6604,VP013,124,nback,0
6605,VP013,125,nback,0
6606,VP013,126,nback,0
6607,VP013,127,nback,0
6608,VP013,128,nback,0
6609,VP013,129,nback,0
6610,VP013,130,nback,0
6611,VP013,131,nback,0
6612,VP013,132,nback,0
6613,VP013,133,nback,0
6614,VP013,134,nback,0
6615,VP013,135,nback,0
6616,VP013,136,nback,0
6617,VP013,137,nback,0
6618,VP013,138,nback,0
6619,VP013,139,nback,0
6620,VP013,140,nback,0
6621,VP013,141,nback,2
6622,VP013,142,nback,2
6623,VP013,143,nback,2
6624,VP013,144,nback,2
6625,VP013,145,nback,2
6626,VP013,146,nback,2
6627,VP013,147,nback,2
6628,VP013,148,nback,2
6629,VP013,149,nback,2
6630,VP013,150,nback,2
6631,VP013,151,nback,2
6632,VP013,152,nback,2
6633,VP013,153,nback,2
6634,VP013,154,nback,2
6635,VP013,155,nback,2
6636,VP013,156,nback,2
6637,VP013,157,nback,2
6638,VP013,158,nback,2
6639,VP013,159,nback,2
6640,VP013,160,nback,2
6641,VP013,161,nback,1
6642,VP013,162,nback,1
6643,VP013,163,nback,1
6644,VP013,164,nback,1
6645,VP013,165,nback,1
6646,VP013,166,nback,1
6647,VP013,167,nback,1
6648,VP013,168,nback,1
6649,VP013,169,nback,1
6650,VP013,170,nback,1
6651,VP013,171,nback,1
6652,VP013,172,nback,1
6653,VP013,173,nback,1
6654,VP013,174,nback,1
6655,VP013,175,nback,1
6656,VP013,176,nback,1
6657,VP013,177,nback,1
6658,VP013,178,nback,1
6659,VP013,179,nback,1
6660,VP013,180,nback,1
6661,VP013,181,nback,1
6662,VP013,182,nback,1
6663,VP013,183,nback,1
6664,VP013,184,nback,1
6665,VP013,185,nback,1
6666,VP013,186,nback,1
6667,VP013,187,nback,1
6668,VP013,188,nback,1
6669,VP013,189,nback,1
6670,VP013,190,nback,1
6671,VP013,191,nback,1
6672,VP013,192,nback,1
6673,VP013,193,nback,1
6674,VP013,194,nback,1
6675,VP013,195,nback,1
6676,VP013,196,nback,1
6677,VP013,197,nback,1
6678,VP013,198,nback,1
6679,VP013,199,nback,1
6680,VP013,200,nback,1
6681,VP013,201,nback,0
6682,VP013,202,nback,0
6683,VP013,203,nback,0
6684,VP013,204,nback,0
6685,VP013,205,nback,0
6686,VP013,206,nback,0
6687,VP013,207,nback,0
6688,VP013,208,nback,0
6689,VP013,209,nback,0
6690,VP013,210,nback,0
6691,VP013,211,nback,0
6692,VP013,212,nback,0
6693,VP013,213,nback,0
6694,VP013,214,nback,0
6695,VP013,215,nback,0
6696,VP013,216,nback,0
6697,VP013,217,nback,0
6698,VP013,218,nback,0
6699,VP013,219,nback,0
6700,VP013,220,nback,0
6701,VP013,221,nback,2
6702,VP013,222,nback,2
6703,VP013,223,nback,2
6704,VP013,224,nback,2
6705,VP013,225,nback,2
6706,VP013,226,nback,2
6707,VP013,227,nback,2
6708,VP013,228,nback,2
6709,VP013,229,nback,2
6710,VP013,230,nback,2
6711,VP013,231,nback,2
6712,VP013,232,nback,2
6713,VP013,233,nback,2
6714,VP013,234,nback,2
6715,VP013,235,nback,2
6716,VP013,236,nback,2
6717,VP013,237,nback,2
6718,VP013,238,nback,2
6719,VP013,239,nback,2
6720,VP013,240,nback,2
6721,VP013,241,nback,0
6722,VP013,242,nback,0
6723,VP013,243,nback,0
6724,VP013,244,nback,0
6725,VP013,245,nback,0
6726,VP013,246,nback,0
6727,VP013,247,nback,0
6728,VP013,248,nback,0
6729,VP013,249,nback,0
6730,VP013,250,nback,0
6731,VP013,251,nback,0
6732,VP013,252,nback,0
6733,VP013,253,nback,0
6734,VP013,254,nback,0
6735,VP013,255,nback,0
6736,VP013,256,nback,0
6737,VP013,257,nback,0
6738,VP013,258,nback,0
6739,VP013,259,nback,0
6740,VP013,260,nback,0
6741,VP013,261,nback,2
6742,VP013,262,nback,2
6743,VP013,263,nback,2
6744,VP013,264,nback,2
6745,VP013,265,nback,2
6746,VP013,266,nback,2
6747,VP013,267,nback,2
6748,VP013,268,nback,2
6749,VP013,269,nback,2
6750,VP013,270,nback,2
6751,VP013,271,nback,2
6752,VP013,272,nback,2
6753,VP013,273,nback,2
6754,VP013,274,nback,2
6755,VP013,275,nback,2
6756,VP013,276,nback,2
6757,VP013,277,nback,2
6758,VP013,278,nback,2
6759,VP013,279,nback,2
6760,VP013,280,nback,2
6761,VP013,281,nback,1
6762,VP013,282,nback,1
6763,VP013,283,nback,1
6764,VP013,284,nback,1
6765,VP013,285,nback,1
6766,VP013,286,nback,1
6767,VP013,287,nback,1
6768,VP013,288,nback,1
6769,VP013,289,nback,1
6770,VP013,290,nback,1
6771,VP013,291,nback,1
6772,VP013,292,nback,1
6773,VP013,293,nback,1
6774,VP013,294,nback,1
6775,VP013,295,nback,1
6776,VP013,296,nback,1
6777,VP013,297,nback,1
6778,VP013,298,nback,1
6779,VP013,299,nback,1
6780,VP013,300,nback,1
6781,VP013,301,nback,2
6782,VP013,302,nback,2
6783,VP013,303,nback,2
6784,VP013,304,nback,2
6785,VP013,305,nback,2
6786,VP013,306,nback,2
6787,VP013,307,nback,2
6788,VP013,308,nback,2
6789,VP013,309,nback,2
6790,VP013,310,nback,2
6791,VP013,311,nback,2
6792,VP013,312,nback,2
6793,VP013,313,nback,2
6794,VP013,314,nback,2
6795,VP013,315,nback,2
6796,VP013,316,nback,2
6797,VP013,317,nback,2
6798,VP013,318,nback,2
6799,VP013,319,nback,2
6800,VP013,320,nback,2
6801,VP013,321,nback,1
6802,VP013,322,nback,1
6803,VP013,323,nback,1
6804,VP013,324,nback,1
6805,VP013,325,nback,1
6806,VP013,326,nback,1
6807,VP013,327,nback,1
6808,VP013,328,nback,1
6809,VP013,329,nback,1
6810,VP013,330,nback,1
6811,VP013,331,nback,1
6812,VP013,332,nback,1
6813,VP013,333,nback,1
6814,VP013,334,nback,1
6815,VP013,335,nback,1
6816,VP013,336,nback,1
6817,VP013,337,nback,1
6818,VP013,338,nback,1
6819,VP013,339,nback,1
6820,VP013,340,nback,1
6821,VP013,341,nback,0
6822,VP013,342,nback,0
6823,VP013,343,nback,0
6824,VP013,344,nback,0
6825,VP013,345,nback,0
6826,VP013,346,nback,0
6827,VP013,347,nback,0
6828,VP013,348,nback,0
6829,VP013,349,nback,0
6830,VP013,350,nback,0
6831,VP013,351,nback,0
6832,VP013,352,nback,0
6833,VP013,353,nback,0
6834,VP013,354,nback,0
6835,VP013,355,nback,0
6836,VP013,356,nback,0
6837,VP013,357,nback,0
6838,VP013,358,nback,0
6839,VP013,359,nback,0
6840,VP013,360,nback,0
6841,VP013,361,nback,0
6842,VP013,362,nback,0
6843,VP013,363,nback,0
6844,VP013,364,nback,0
6845,VP013,365,nback,0
6846,VP013,366,nback,0
6847,VP013,367,nback,0
6848,VP013,368,nback,0
6849,VP013,369,nback,0
6850,VP013,370,nback,0
6851,VP013,371,nback,0
6852,VP013,372,nback,0
6853,VP013,373,nback,0
6854,VP013,374,nback,0
6855,VP013,375,nback,0
6856,VP013,376,nback,0
6857,VP013,377,nback,0
6858,VP013,378,nback,0
6859,VP013,379,nback,0
6860,VP013,380,nback,0
6861,VP013,381,nback,2
6862,VP013,382,nback,2
6863,VP013,383,nback,2
6864,VP013,384,nback,2
6865,VP013,385,nback,2
6866,VP013,386,nback,2
6867,VP013,387,nback,2
6868,VP013,388,nback,2
6869,VP013,389,nback,2
6870,VP013,390,nback,2
6871,VP013,391,nback,2
6872,VP013,392,nback,2
6873,VP013,393,nback,2
6874,VP013,394,nback,2
6875,VP013,395,nback,2
6876,VP013,396,nback,2
6877,VP013,397,nback,2
6878,VP013,398,nback,2
6879,VP013,399,nback,2
6880,VP013,400,nback,2
6881,VP013,401,nback,1
6882,VP013,402,nback,1
6883,VP013,403,nback,1
6884,VP013,404,nback,1
6885,VP013,405,nback,1
6886,VP013,406,nback,1
6887,VP013,407,nback,1
6888,VP013,408,nback,1
6889,VP013,409,nback,1
6890,VP013,410,nback,1
6891,VP013,411,nback,1
6892,VP013,412,nback,1
6893,VP013,413,nback,1
6894,VP013,414,nback,1
6895,VP013,415,nback,1
6896,VP013,416,nback,1
6897,VP013,417,nback,1
6898,VP013,418,nback,1
6899,VP013,419,nback,1
6900,VP013,420,nback,1
6901,VP013,421,nback,2
6902,VP013,422,nback,2
6903,VP013,423,nback,2
6904,VP013,424,nback,2
6905,VP013,425,nback,2
6906,VP013,426,nback,2
6907,VP013,427,nback,2
6908,VP013,428,nback,2
6909,VP013,429,nback,2
6910,VP013,430,nback,2
6911,VP013,431,nback,2
6912,VP013,432,nback,2
6913,VP013,433,nback,2
6914,VP013,434,nback,2
6915,VP013,435,nback,2
6916,VP013,436,nback,2
6917,VP013,437,nback,2
6918,VP013,438,nback,2
6919,VP013,439,nback,2
6920,VP013,440,nback,2
6921,VP013,441,nback,1
6922,VP013,442,nback,1
6923,VP013,443,nback,1
6924,VP013,444,nback,1
6925,VP013,445,nback,1
6926,VP013,446,nback,1
6927,VP013,447,nback,1
6928,VP013,448,nback,1
6929,VP013,449,nback,1
6930,VP013,450,nback,1
6931,VP013,451,nback,1
6932,VP013,452,nback,1
6933,VP013,453,nback,1
6934,VP013,454,nback,1
6935,VP013,455,nback,1
6936,VP013,456,nback,1
6937,VP013,457,nback,1
6938,VP013,458,nback,1
6939,VP013,459,nback,1
6940,VP013,460,nback,1
6941,VP013,461,nback,0
6942,VP013,462,nback,0
6943,VP013,463,nback,0
6944,VP013,464,nback,0
6945,VP013,465,nback,0
6946,VP013,466,nback,0
6947,VP013,467,nback,0
6948,VP013,468,nback,0
6949,VP013,469,nback,0
6950,VP013,470,nback,0
6951,VP013,471,nback,0
6952,VP013,472,nback,0
6953,VP013,473,nback,0
6954,VP013,474,nback,0
6955,VP013,475,nback,0
6956,VP013,476,nback,0
6957,VP013,477,nback,0
6958,VP013,478,nback,0
6959,VP013,479,nback,0
6960,VP013,480,nback,0
6961,VP013,481,nback,1
6962,VP013,482,nback,1
6963,VP013,483,nback,1
6964,VP013,484,nback,1
6965,VP013,485,nback,1
6966,VP013,486,nback,1
6967,VP013,487,nback,1
6968,VP013,488,nback,1
6969,VP013,489,nback,1
6970,VP013,490,nback,1
6971,VP013,491,nback,1
6972,VP013,492,nback,1
6973,VP013,493,nback,1
6974,VP013,494,nback,1
6975,VP013,495,nback,1
6976,VP013,496,nback,1
6977,VP013,497,nback,1
6978,VP013,498,nback,1
6979,VP013,499,nback,1
6980,VP013,500,nback,1
6981,VP013,501,nback,0
6982,VP013,502,nback,0
6983,VP013,503,nback,0
6984,VP013,504,nback,0
6985,VP013,505,nback,0
6986,VP013,506,nback,0
6987,VP013,507,nback,0
6988,VP013,508,nback,0
6989,VP013,509,nback,0
6990,VP013,510,nback,0
6991,VP013,511,nback,0
6992,VP013,512,nback,0
6993,VP013,513,nback,0
6994,VP013,514,nback,0
6995,VP013,515,nback,0
6996,VP013,516,nback,0
6997,VP013,517,nback,0
6998,VP013,518,nback,0
6999,VP013,519,nback,0
7000,VP013,520,nback,0
7001,VP013,521,nback,2
7002,VP013,522,nback,2
7003,VP013,523,nback,2
7004,VP013,524,nback,2
7005,VP013,525,nback,2
7006,VP013,526,nback,2
7007,VP013,527,nback,2
7008,VP013,528,nback,2
7009,VP013,529,nback,2
7010,VP013,530,nback,2
7011,VP013,531,nback,2
7012,VP013,532,nback,2
7013,VP013,533,nback,2
7014,VP013,534,nback,2
7015,VP013,535,nback,2
7016,VP013,536,nback,2
7017,VP013,537,nback,2
7018,VP013,538,nback,2
7019,VP013,539,nback,2
7020,VP013,540,nback,2
7021,VP014,1,nback,2
7022,VP014,2,nback,2
7023,VP014,3,nback,2
7024,VP014,4,nback,2
7025,VP014,5,nback,2
7026,VP014,6,nback,2
7027,VP014,7,nback,2
7028,VP014,8,nback,2
7029,VP014,9,nback,2
7030,VP014,10,nback,2
7031,VP014,11,nback,2
7032,VP014,12,nback,2
7033,VP014,13,nback,2
7034,VP014,14,nback,2
7035,VP014,15,nback,2
7036,VP014,16,nback,2
7037,VP014,17,nback,2
7038,VP014,18,nback,2
7039,VP014,19,nback,2
7040,VP014,20,nback,2
7041,VP014,21,nback,1
7042,VP014,22,nback,1
7043,VP014,23,nback,1
7044,VP014,24,nback,1
7045,VP014,25,nback,1
7046,VP014,26,nback,1
7047,VP014,27,nback,1
7048,VP014,28,nback,1
7049,VP014,29,nback,1
7050,VP014,30,nback,1
7051,VP014,31,nback,1
7052,VP014,32,nback,1
7053,VP014,33,nback,1
7054,VP014,34,nback,1
7055,VP014,35,nback,1
7056,VP014,36,nback,1
7057,VP014,37,nback,1
7058,VP014,38,nback,1
7059,VP014,39,nback,1
7060,VP014,40,nback,1
7061,VP014,41,nback,0
7062,VP014,42,nback,0
7063,VP014,43,nback,0
7064,VP014,44,nback,0
7065,VP014,45,nback,0
7066,VP014,46,nback,0
7067,VP014,47,nback,0
7068,VP014,48,nback,0
7069,VP014,49,nback,0
7070,VP014,50,nback,0
7071,VP014,51,nback,0
7072,VP014,52,nback,0
7073,VP014,53,nback,0
7074,VP014,54,nback,0
7075,VP014,55,nback,0
7076,VP014,56,nback,0
7077,VP014,57,nback,0
7078,VP014,58,nback,0
7079,VP014,59,nback,0
7080,VP014,60,nback,0
7081,VP014,61,nback,1
7082,VP014,62,nback,1
7083,VP014,63,nback,1
7084,VP014,64,nback,1
7085,VP014,65,nback,1
7086,VP014,66,nback,1
7087,VP014,67,nback,1
7088,VP014,68,nback,1
7089,VP014,69,nback,1
7090,VP014,70,nback,1
7091,VP014,71,nback,1
7092,VP014,72,nback,1
7093,VP014,73,nback,1
7094,VP014,74,nback,1
7095,VP014,75,nback,1
7096,VP014,76,nback,1
7097,VP014,77,nback,1
7098,VP014,78,nback,1
7099,VP014,79,nback,1
7100,VP014,80,nback,1
7101,VP014,81,nback,0
7102,VP014,82,nback,0
7103,VP014,83,nback,0
7104,VP014,84,nback,0
7105,VP014,85,nback,0
7106,VP014,86,nback,0
7107,VP014,87,nback,0
7108,VP014,88,nback,0
7109,VP014,89,nback,0
7110,VP014,90,nback,0
7111,VP014,91,nback,0
7112,VP014,92,nback,0
7113,VP014,93,nback,0
7114,VP014,94,nback,0
7115,VP014,95,nback,0
7116,VP014,96,nback,0
7117,VP014,97,nback,0
7118,VP014,98,nback,0
7119,VP014,99,nback,0
7120,VP014,100,nback,0
7121,VP014,101,nback,2
7122,VP014,102,nback,2
7123,VP014,103,nback,2
7124,VP014,104,nback,2
7125,VP014,105,nback,2
7126,VP014,106,nback,2
7127,VP014,107,nback,2
7128,VP014,108,nback,2
7129,VP014,109,nback,2
7130,VP014,110,nback,2
7131,VP014,111,nback,2
7132,VP014,112,nback,2
7133,VP014,113,nback,2
7134,VP014,114,nback,2
7135,VP014,115,nback,2
7136,VP014,116,nback,2
7137,VP014,117,nback,2
7138,VP014,118,nback,2
7139,VP014,119,nback,2
7140,VP014,120,nback,2
7141,VP014,121,nback,0
7142,VP014,122,nback,0
7143,VP014,123,nback,0
7144,VP014,124,nback,0
7145,VP014,125,nback,0
7146,VP014,126,nback,0
7147,VP014,127,nback,0
7148,VP014,128,nback,0
7149,VP014,129,nback,0
7150,VP014,130,nback,0
7151,VP014,131,nback,0
7152,VP014,132,nback,0
7153,VP014,133,nback,0
7154,VP014,134,nback,0
7155,VP014,135,nback,0
7156,VP014,136,nback,0
7157,VP014,137,nback,0
7158,VP014,138,nback,0
7159,VP014,139,nback,0
7160,VP014,140,nback,0
7161,VP014,141,nback,2
7162,VP014,142,nback,2
7163,VP014,143,nback,2
7164,VP014,144,nback,2
7165,VP014,145,nback,2
7166,VP014,146,nback,2
7167,VP014,147,nback,2
7168,VP014,148,nback,2
7169,VP014,149,nback,2
7170,VP014,150,nback,2
7171,VP014,151,nback,2
7172,VP014,152,nback,2
7173,VP014,153,nback,2
7174,VP014,154,nback,2
7175,VP014,155,nback,2
7176,VP014,156,nback,2
7177,VP014,157,nback,2
7178,VP014,158,nback,2
7179,VP014,159,nback,2
7180,VP014,160,nback,2
7181,VP014,161,nback,1
7182,VP014,162,nback,1
7183,VP014,163,nback,1
7184,VP014,164,nback,1
7185,VP014,165,nback,1
7186,VP014,166,nback,1
7187,VP014,167,nback,1
7188,VP014,168,nback,1
7189,VP014,169,nback,1
7190,VP014,170,nback,1
7191,VP014,171,nback,1
7192,VP014,172,nback,1
7193,VP014,173,nback,1
7194,VP014,174,nback,1
7195,VP014,175,nback,1
7196,VP014,176,nback,1
7197,VP014,177,nback,1
7198,VP014,178,nback,1
7199,VP014,179,nback,1
7200,VP014,180,nback,1
7201,VP014,181,nback,1
7202,VP014,182,nback,1
7203,VP014,183,nback,1
7204,VP014,184,nback,1
7205,VP014,185,nback,1
7206,VP014,186,nback,1
7207,VP014,187,nback,1
7208,VP014,188,nback,1
7209,VP014,189,nback,1
7210,VP014,190,nback,1
7211,VP014,191,nback,1
7212,VP014,192,nback,1
7213,VP014,193,nback,1
7214,VP014,194,nback,1
7215,VP014,195,nback,1
7216,VP014,196,nback,1
7217,VP014,197,nback,1
7218,VP014,198,nback,1
7219,VP014,199,nback,1
7220,VP014,200,nback,1
7221,VP014,201,nback,0
7222,VP014,202,nback,0
7223,VP014,203,nback,0
7224,VP014,204,nback,0
7225,VP014,205,nback,0
7226,VP014,206,nback,0
7227,VP014,207,nback,0
7228,VP014,208,nback,0
7229,VP014,209,nback,0
7230,VP014,210,nback,0
7231,VP014,211,nback,0
7232,VP014,212,nback,0
7233,VP014,213,nback,0
7234,VP014,214,nback,0
7235,VP014,215,nback,0
7236,VP014,216,nback,0
7237,VP014,217,nback,0
7238,VP014,218,nback,0
7239,VP014,219,nback,0
7240,VP014,220,nback,0
7241,VP014,221,nback,2
7242,VP014,222,nback,2
7243,VP014,223,nback,2
7244,VP014,224,nback,2
7245,VP014,225,nback,2
7246,VP014,226,nback,2
7247,VP014,227,nback,2
7248,VP014,228,nback,2
7249,VP014,229,nback,2
7250,VP014,230,nback,2
7251,VP014,231,nback,2
7252,VP014,232,nback,2
7253,VP014,233,nback,2
7254,VP014,234,nback,2
7255,VP014,235,nback,2
7256,VP014,236,nback,2
7257,VP014,237,nback,2
7258,VP014,238,nback,2
7259,VP014,239,nback,2
7260,VP014,240,nback,2
7261,VP014,241,nback,0
7262,VP014,242,nback,0
7263,VP014,243,nback,0
7264,VP014,244,nback,0
7265,VP014,245,nback,0
7266,VP014,246,nback,0
7267,VP014,247,nback,0
7268,VP014,248,nback,0
7269,VP014,249,nback,0
7270,VP014,250,nback,0
7271,VP014,251,nback,0
7272,VP014,252,nback,0
7273,VP014,253,nback,0
7274,VP014,254,nback,0
7275,VP014,255,nback,0
7276,VP014,256,nback,0
7277,VP014,257,nback,0
7278,VP014,258,nback,0
7279,VP014,259,nback,0
7280,VP014,260,nback,0
7281,VP014,261,nback,2
7282,VP014,262,nback,2
7283,VP014,263,nback,2
7284,VP014,264,nback,2
7285,VP014,265,nback,2
7286,VP014,266,nback,2
7287,VP014,267,nback,2
7288,VP014,268,nback,2
7289,VP014,269,nback,2
7290,VP014,270,nback,2
7291,VP014,271,nback,2
7292,VP014,272,nback,2
7293,VP014,273,nback,2
7294,VP014,274,nback,2
7295,VP014,275,nback,2
7296,VP014,276,nback,2
7297,VP014,277,nback,2
7298,VP014,278,nback,2
7299,VP014,279,nback,2
7300,VP014,280,nback,2
7301,VP014,281,nback,1
7302,VP014,282,nback,1
7303,VP014,283,nback,1
7304,VP014,284,nback,1
7305,VP014,285,nback,1
7306,VP014,286,nback,1
7307,VP014,287,nback,1
7308,VP014,288,nback,1
7309,VP014,289,nback,1
7310,VP014,290,nback,1
7311,VP014,291,nback,1
7312,VP014,292,nback,1
7313,VP014,293,nback,1
7314,VP014,294,nback,1
7315,VP014,295,nback,1
7316,VP014,296,nback,1
7317,VP014,297,nback,1
7318,VP014,298,nback,1
7319,VP014,299,nback,1
7320,VP014,300,nback,1
7321,VP014,301,nback,2
7322,VP014,302,nback,2
7323,VP014,303,nback,2
7324,VP014,304,nback,2
7325,VP014,305,nback,2
7326,VP014,306,nback,2
7327,VP014,307,nback,2
7328,VP014,308,nback,2
7329,VP014,309,nback,2
7330,VP014,310,nback,2
7331,VP014,311,nback,2
7332,VP014,312,nback,2
7333,VP014,313,nback,2
7334,VP014,314,nback,2
7335,VP014,315,nback,2
7336,VP014,316,nback,2
7337,VP014,317,nback,2
7338,VP014,318,nback,2
7339,VP014,319,nback,2
7340,VP014,320,nback,2
7341,VP014,321,nback,1
7342,VP014,322,nback,1
7343,VP014,323,nback,1
7344,VP014,324,nback,1
7345,VP014,325,nback,1
7346,VP014,326,nback,1
7347,VP014,327,nback,1
7348,VP014,328,nback,1
7349,VP014,329,nback,1
7350,VP014,330,nback,1
7351,VP014,331,nback,1
7352,VP014,332,nback,1
7353,VP014,333,nback,1
7354,VP014,334,nback,1
7355,VP014,335,nback,1
7356,VP014,336,nback,1
7357,VP014,337,nback,1
7358,VP014,338,nback,1
7359,VP014,339,nback,1
7360,VP014,340,nback,1
7361,VP014,341,nback,0
7362,VP014,342,nback,0
7363,VP014,343,nback,0
7364,VP014,344,nback,0
7365,VP014,345,nback,0
7366,VP014,346,nback,0
7367,VP014,347,nback,0
7368,VP014,348,nback,0
7369,VP014,349,nback,0
7370,VP014,350,nback,0
7371,VP014,351,nback,0
7372,VP014,352,nback,0
7373,VP014,353,nback,0
7374,VP014,354,nback,0
7375,VP014,355,nback,0
7376,VP014,356,nback,0
7377,VP014,357,nback,0
7378,VP014,358,nback,0
7379,VP014,359,nback,0
7380,VP014,360,nback,0
7381,VP014,361,nback,0
7382,VP014,362,nback,0
7383,VP014,363,nback,0
7384,VP014,364,nback,0
7385,VP014,365,nback,0
7386,VP014,366,nback,0
7387,VP014,367,nback,0
7388,VP014,368,nback,0
7389,VP014,369,nback,0
7390,VP014,370,nback,0
7391,VP014,371,nback,0
7392,VP014,372,nback,0
7393,VP014,373,nback,0
7394,VP014,374,nback,0
7395,VP014,375,nback,0
7396,VP014,376,nback,0
7397,VP014,377,nback,0
7398,VP014,378,nback,0
7399,VP014,379,nback,0
7400,VP014,380,nback,0
7401,VP014,381,nback,2
7402,VP014,382,nback,2
7403,VP014,383,nback,2
7404,VP014,384,nback,2
7405,VP014,385,nback,2
7406,VP014,386,nback,2
7407,VP014,387,nback,2
7408,VP014,388,nback,2
7409,VP014,389,nback,2
7410,VP014,390,nback,2
7411,VP014,391,nback,2
7412,VP014,392,nback,2
7413,VP014,393,nback,2
7414,VP014,394,nback,2
7415,VP014,395,nback,2
7416,VP014,396,nback,2
7417,VP014,397,nback,2
7418,VP014,398,nback,2
7419,VP014,399,nback,2
7420,VP014,400,nback,2
7421,VP014,401,nback,1
7422,VP014,402,nback,1
7423,VP014,403,nback,1
7424,VP014,404,nback,1
7425,VP014,405,nback,1
7426,VP014,406,nback,1
7427,VP014,407,nback,1
7428,VP014,408,nback,1
7429,VP014,409,nback,1
7430,VP014,410,nback,1
7431,VP014,411,nback,1
7432,VP014,412,nback,1
7433,VP014,413,nback,1
7434,VP014,414,nback,1
7435,VP014,415,nback,1
7436,VP014,416,nback,1
7437,VP014,417,nback,1
7438,VP014,418,nback,1
7439,VP014,419,nback,1
7440,VP014,420,nback,1
7441,VP014,421,nback,2
7442,VP014,422,nback,2
7443,VP014,423,nback,2
7444,VP014,424,nback,2
7445,VP014,425,nback,2
7446,VP014,426,nback,2
7447,VP014,427,nback,2
7448,VP014,428,nback,2
7449,VP014,429,nback,2
7450,VP014,430,nback,2
7451,VP014,431,nback,2
7452,VP014,432,nback,2
7453,VP014,433,nback,2
7454,VP014,434,nback,2
7455,VP014,435,nback,2
7456,VP014,436,nback,2
7457,VP014,437,nback,2
7458,VP014,438,nback,2
7459,VP014,439,nback,2
7460,VP014,440,nback,2
7461,VP014,441,nback,1
7462,VP014,442,nback,1
7463,VP014,443,nback,1
7464,VP014,444,nback,1
7465,VP014,445,nback,1
7466,VP014,446,nback,1
7467,VP014,447,nback,1
7468,VP014,448,nback,1
7469,VP014,449,nback,1
7470,VP014,450,nback,1
7471,VP014,451,nback,1
7472,VP014,452,nback,1
7473,VP014,453,nback,1
7474,VP014,454,nback,1
7475,VP014,455,nback,1
7476,VP014,456,nback,1
7477,VP014,457,nback,1
7478,VP014,458,nback,1
7479,VP014,459,nback,1
7480,VP014,460,nback,1
7481,VP014,461,nback,0
7482,VP014,462,nback,0
7483,VP014,463,nback,0
7484,VP014,464,nback,0
7485,VP014,465,nback,0
7486,VP014,466,nback,0
7487,VP014,467,nback,0
7488,VP014,468,nback,0
7489,VP014,469,nback,0
7490,VP014,470,nback,0
7491,VP014,471,nback,0
7492,VP014,472,nback,0
7493,VP014,473,nback,0
7494,VP014,474,nback,0
7495,VP014,475,nback,0
7496,VP014,476,nback,0
7497,VP014,477,nback,0
7498,VP014,478,nback,0
7499,VP014,479,nback,0
7500,VP014,480,nback,0
7501,VP014,481,nback,1
7502,VP014,482,nback,1
7503,VP014,483,nback,1
7504,VP014,484,nback,1
7505,VP014,485,nback,1
7506,VP014,486,nback,1
7507,VP014,487,nback,1
7508,VP014,488,nback,1
7509,VP014,489,nback,1
7510,VP014,490,nback,1
7511,VP014,491,nback,1
7512,VP014,492,nback,1
7513,VP014,493,nback,1
7514,VP014,494,nback,1
7515,VP014,495,nback,1
7516,VP014,496,nback,1
7517,VP014,497,nback,1
7518,VP014,498,nback,1
7519,VP014,499,nback,1
7520,VP014,500,nback,1
7521,VP014,501,nback,0
7522,VP014,502,nback,0
7523,VP014,503,nback,0
7524,VP014,504,nback,0
7525,VP014,505,nback,0
7526,VP014,506,nback,0
7527,VP014,507,nback,0
7528,VP014,508,nback,0
7529,VP014,509,nback,0
7530,VP014,510,nback,0
7531,VP014,511,nback,0
7532,VP014,512,nback,0
7533,VP014,513,nback,0
7534,VP014,514,nback,0
7535,VP014,515,nback,0
7536,VP014,516,nback,0
7537,VP014,517,nback,0
7538,VP014,518,nback,0
7539,VP014,519,nback,0
7540,VP014,520,nback,0
7541,VP014,521,nback,2
7542,VP014,522,nback,2
7543,VP014,523,nback,2
7544,VP014,524,nback,2
7545,VP014,525,nback,2
7546,VP014,526,nback,2
7547,VP014,527,nback,2
7548,VP014,528,nback,2
7549,VP014,529,nback,2
7550,VP014,530,nback,2
7551,VP014,531,nback,2
7552,VP014,532,nback,2
7553,VP014,533,nback,2
7554,VP014,534,nback,2
7555,VP014,535,nback,2
7556,VP014,536,nback,2
7557,VP014,537,nback,2
7558,VP014,538,nback,2
7559,VP014,539,nback,2
7560,VP014,540,nback,2
7561,VP015,1,nback,2
7562,VP015,2,nback,2
7563,VP015,3,nback,2
7564,VP015,4,nback,2
7565,VP015,5,nback,2
7566,VP015,6,nback,2
7567,VP015,7,nback,2
7568,VP015,8,nback,2
7569,VP015,9,nback,2
7570,VP015,10,nback,2
7571,VP015,11,nback,2
7572,VP015,12,nback,2
7573,VP015,13,nback,2
7574,VP015,14,nback,2
7575,VP015,15,nback,2
7576,VP015,16,nback,2
7577,VP015,17,nback,2
7578,VP015,18,nback,2
7579,VP015,19,nback,2
7580,VP015,20,nback,2
7581,VP015,21,nback,1
7582,VP015,22,nback,1
7583,VP015,23,nback,1
7584,VP015,24,nback,1
7585,VP015,25,nback,1
7586,VP015,26,nback,1
7587,VP015,27,nback,1
7588,VP015,28,nback,1
7589,VP015,29,nback,1
7590,VP015,30,nback,1
7591,VP015,31,nback,1
7592,VP015,32,nback,1
7593,VP015,33,nback,1
7594,VP015,34,nback,1
7595,VP015,35,nback,1
7596,VP015,36,nback,1
7597,VP015,37,nback,1
7598,VP015,38,nback,1
7599,VP015,39,nback,1
7600,VP015,40,nback,1
7601,VP015,41,nback,0
7602,VP015,42,nback,0
7603,VP015,43,nback,0
7604,VP015,44,nback,0
7605,VP015,45,nback,0
7606,VP015,46,nback,0
7607,VP015,47,nback,0
7608,VP015,48,nback,0
7609,VP015,49,nback,0
7610,VP015,50,nback,0
7611,VP015,51,nback,0
7612,VP015,52,nback,0
7613,VP015,53,nback,0
7614,VP015,54,nback,0
7615,VP015,55,nback,0
7616,VP015,56,nback,0
7617,VP015,57,nback,0
7618,VP015,58,nback,0
7619,VP015,59,nback,0
7620,VP015,60,nback,0
7621,VP015,61,nback,1
7622,VP015,62,nback,1
7623,VP015,63,nback,1
7624,VP015,64,nback,1
7625,VP015,65,nback,1
7626,VP015,66,nback,1
7627,VP015,67,nback,1
7628,VP015,68,nback,1
7629,VP015,69,nback,1
7630,VP015,70,nback,1
7631,VP015,71,nback,1
7632,VP015,72,nback,1
7633,VP015,73,nback,1
7634,VP015,74,nback,1
7635,VP015,75,nback,1
7636,VP015,76,nback,1
7637,VP015,77,nback,1
7638,VP015,78,nback,1
7639,VP015,79,nback,1
7640,VP015,80,nback,1
7641,VP015,81,nback,0
7642,VP015,82,nback,0
7643,VP015,83,nback,0
7644,VP015,84,nback,0
7645,VP015,85,nback,0
7646,VP015,86,nback,0
7647,VP015,87,nback,0
7648,VP015,88,nback,0
7649,VP015,89,nback,0
7650,VP015,90,nback,0
7651,VP015,91,nback,0
7652,VP015,92,nback,0
7653,VP015,93,nback,0
7654,VP015,94,nback,0
7655,VP015,95,nback,0
7656,VP015,96,nback,0
7657,VP015,97,nback,0
7658,VP015,98,nback,0
7659,VP015,99,nback,0
7660,VP015,100,nback,0
7661,VP015,101,nback,2
7662,VP015,102,nback,2
7663,VP015,103,nback,2
7664,VP015,104,nback,2
7665,VP015,105,nback,2
7666,VP015,106,nback,2
7667,VP015,107,nback,2
7668,VP015,108,nback,2
7669,VP015,109,nback,2
7670,VP015,110,nback,2
7671,VP015,111,nback,2
7672,VP015,112,nback,2
7673,VP015,113,nback,2
7674,VP015,114,nback,2
7675,VP015,115,nback,2
7676,VP015,116,nback,2
7677,VP015,117,nback,2
7678,VP015,118,nback,2
7679,VP015,119,nback,2
7680,VP015,120,nback,2
7681,VP015,121,nback,0
7682,VP015,122,nback,0
7683,VP015,123,nback,0
7684,VP015,124,nback,0
7685,VP015,125,nback,0
7686,VP015,126,nback,0
7687,VP015,127,nback,0
7688,VP015,128,nback,0
7689,VP015,129,nback,0
7690,VP015,130,nback,0
7691,VP015,131,nback,0
7692,VP015,132,nback,0
7693,VP015,133,nback,0
7694,VP015,134,nback,0
7695,VP015,135,nback,0
7696,VP015,136,nback,0
7697,VP015,137,nback,0
7698,VP015,138,nback,0
7699,VP015,139,nback,0
7700,VP015,140,nback,0
7701,VP015,141,nback,2
7702,VP015,142,nback,2
7703,VP015,143,nback,2
7704,VP015,144,nback,2
7705,VP015,145,nback,2
7706,VP015,146,nback,2
7707,VP015,147,nback,2
7708,VP015,148,nback,2
7709,VP015,149,nback,2
7710,VP015,150,nback,2
7711,VP015,151,nback,2
7712,VP015,152,nback,2
7713,VP015,153,nback,2
7714,VP015,154,nback,2
7715,VP015,155,nback,2
7716,VP015,156,nback,2
7717,VP015,157,nback,2
7718,VP015,158,nback,2
7719,VP015,159,nback,2
7720,VP015,160,nback,2
7721,VP015,161,nback,1
7722,VP015,162,nback,1
7723,VP015,163,nback,1
7724,VP015,164,nback,1
7725,VP015,165,nback,1
7726,VP015,166,nback,1
7727,VP015,167,nback,1
7728,VP015,168,nback,1
7729,VP015,169,nback,1
7730,VP015,170,nback,1
7731,VP015,171,nback,1
7732,VP015,172,nback,1
7733,VP015,173,nback,1
7734,VP015,174,nback,1
7735,VP015,175,nback,1
7736,VP015,176,nback,1
7737,VP015,177,nback,1
7738,VP015,178,nback,1
7739,VP015,179,nback,1
7740,VP015,180,nback,1
7741,VP015,181,nback,1
7742,VP015,182,nback,1
7743,VP015,183,nback,1
7744,VP015,184,nback,1
7745,VP015,185,nback,1
7746,VP015,186,nback,1
7747,VP015,187,nback,1
7748,VP015,188,nback,1
7749,VP015,189,nback,1
7750,VP015,190,nback,1
7751,VP015,191,nback,1
7752,VP015,192,nback,1
7753,VP015,193,nback,1
7754,VP015,194,nback,1
7755,VP015,195,nback,1
7756,VP015,196,nback,1
7757,VP015,197,nback,1
7758,VP015,198,nback,1
7759,VP015,199,nback,1
7760,VP015,200,nback,1
7761,VP015,201,nback,0
7762,VP015,202,nback,0
7763,VP015,203,nback,0
7764,VP015,204,nback,0
7765,VP015,205,nback,0
7766,VP015,206,nback,0
7767,VP015,207,nback,0
7768,VP015,208,nback,0
7769,VP015,209,nback,0
7770,VP015,210,nback,0
7771,VP015,211,nback,0
7772,VP015,212,nback,0
7773,VP015,213,nback,0
7774,VP015,214,nback,0
7775,VP015,215,nback,0
7776,VP015,216,nback,0
7777,VP015,217,nback,0
7778,VP015,218,nback,0
7779,VP015,219,nback,0
7780,VP015,220,nback,0
7781,VP015,221,nback,2
7782,VP015,222,nback,2
7783,VP015,223,nback,2
7784,VP015,224,nback,2
7785,VP015,225,nback,2
7786,VP015,226,nback,2
7787,VP015,227,nback,2
7788,VP015,228,nback,2
7789,VP015,229,nback,2
7790,VP015,230,nback,2
7791,VP015,231,nback,2
7792,VP015,232,nback,2
7793,VP015,233,nback,2
7794,VP015,234,nback,2
7795,VP015,235,nback,2
7796,VP015,236,nback,2
7797,VP015,237,nback,2
7798,VP015,238,nback,2
7799,VP015,239,nback,2
7800,VP015,240,nback,2
7801,VP015,241,nback,0
7802,VP015,242,nback,0
7803,VP015,243,nback,0
7804,VP015,244,nback,0
7805,VP015,245,nback,0
7806,VP015,246,nback,0
7807,VP015,247,nback,0
7808,VP015,248,nback,0
7809,VP015,249,nback,0
7810,VP015,250,nback,0
7811,VP015,251,nback,0
7812,VP015,252,nback,0
7813,VP015,253,nback,0
7814,VP015,254,nback,0
7815,VP015,255,nback,0
7816,VP015,256,nback,0
7817,VP015,257,nback,0
7818,VP015,258,nback,0
7819,VP015,259,nback,0
7820,VP015,260,nback,0
7821,VP015,261,nback,2
7822,VP015,262,nback,2
7823,VP015,263,nback,2
7824,VP015,264,nback,2
7825,VP015,265,nback,2
7826,VP015,266,nback,2
7827,VP015,267,nback,2
7828,VP015,268,nback,2
7829,VP015,269,nback,2
7830,VP015,270,nback,2
7831,VP015,271,nback,2
7832,VP015,272,nback,2
7833,VP015,273,nback,2
7834,VP015,274,nback,2
7835,VP015,275,nback,2
7836,VP015,276,nback,2
7837,VP015,277,nback,2
7838,VP015,278,nback,2
7839,VP015,279,nback,2
7840,VP015,280,nback,2
7841,VP015,281,nback,1
7842,VP015,282,nback,1
7843,VP015,283,nback,1
7844,VP015,284,nback,1
7845,VP015,285,nback,1
7846,VP015,286,nback,1
7847,VP015,287,nback,1
7848,VP015,288,nback,1
7849,VP015,289,nback,1
7850,VP015,290,nback,1
7851,VP015,291,nback,1
7852,VP015,292,nback,1
7853,VP015,293,nback,1
7854,VP015,294,nback,1
7855,VP015,295,nback,1
7856,VP015,296,nback,1
7857,VP015,297,nback,1
7858,VP015,298,nback,1
7859,VP015,299,nback,1
7860,VP015,300,nback,1
7861,VP015,301,nback,2
7862,VP015,302,nback,2
7863,VP015,303,nback,2
7864,VP015,304,nback,2
7865,VP015,305,nback,2
7866,VP015,306,nback,2
7867,VP015,307,nback,2
7868,VP015,308,nback,2
7869,VP015,309,nback,2
7870,VP015,310,nback,2
7871,VP015,311,nback,2
7872,VP015,312,nback,2
7873,VP015,313,nback,2
7874,VP015,314,nback,2
7875,VP015,315,nback,2
7876,VP015,316,nback,2
7877,VP015,317,nback,2
7878,VP015,318,nback,2
7879,VP015,319,nback,2
7880,VP015,320,nback,2
7881,VP015,321,nback,1
7882,VP015,322,nback,1
7883,VP015,323,nback,1
7884,VP015,324,nback,1
7885,VP015,325,nback,1
7886,VP015,326,nback,1
7887,VP015,327,nback,1
7888,VP015,328,nback,1
7889,VP015,329,nback,1
7890,VP015,330,nback,1
7891,VP015,331,nback,1
7892,VP015,332,nback,1
7893,VP015,333,nback,1
7894,VP015,334,nback,1
7895,VP015,335,nback,1
7896,VP015,336,nback,1
7897,VP015,337,nback,1
7898,VP015,338,nback,1
7899,VP015,339,nback,1
7900,VP015,340,nback,1
7901,VP015,341,nback,0
7902,VP015,342,nback,0
7903,VP015,343,nback,0
7904,VP015,344,nback,0
7905,VP015,345,nback,0
7906,VP015,346,nback,0
7907,VP015,347,nback,0
7908,VP015,348,nback,0
7909,VP015,349,nback,0
7910,VP015,350,nback,0
7911,VP015,351,nback,0
7912,VP015,352,nback,0
7913,VP015,353,nback,0
7914,VP015,354,nback,0
7915,VP015,355,nback,0
7916,VP015,356,nback,0
7917,VP015,357,nback,0
7918,VP015,358,nback,0
7919,VP015,359,nback,0
7920,VP015,360,nback,0
7921,VP015,361,nback,0
7922,VP015,362,nback,0
7923,VP015,363,nback,0
7924,VP015,364,nback,0
7925,VP015,365,nback,0
7926,VP015,366,nback,0
7927,VP015,367,nback,0
7928,VP015,368,nback,0
7929,VP015,369,nback,0
7930,VP015,370,nback,0
7931,VP015,371,nback,0
7932,VP015,372,nback,0
7933,VP015,373,nback,0
7934,VP015,374,nback,0
7935,VP015,375,nback,0
7936,VP015,376,nback,0
7937,VP015,377,nback,0
7938,VP015,378,nback,0
7939,VP015,379,nback,0
7940,VP015,380,nback,0
7941,VP015,381,nback,2
7942,VP015,382,nback,2
7943,VP015,383,nback,2
7944,VP015,384,nback,2
7945,VP015,385,nback,2
7946,VP015,386,nback,2
7947,VP015,387,nback,2
7948,VP015,388,nback,2
7949,VP015,389,nback,2
7950,VP015,390,nback,2
7951,VP015,391,nback,2
7952,VP015,392,nback,2
7953,VP015,393,nback,2
7954,VP015,394,nback,2
7955,VP015,395,nback,2
7956,VP015,396,nback,2
7957,VP015,397,nback,2
7958,VP015,398,nback,2
7959,VP015,399,nback,2
7960,VP015,400,nback,2
7961,VP015,401,nback,1
7962,VP015,402,nback,1
7963,VP015,403,nback,1
7964,VP015,404,nback,1
7965,VP015,405,nback,1
7966,VP015,406,nback,1
7967,VP015,407,nback,1
7968,VP015,408,nback,1
7969,VP015,409,nback,1
7970,VP015,410,nback,1
7971,VP015,411,nback,1
7972,VP015,412,nback,1
7973,VP015,413,nback,1
7974,VP015,414,nback,1
7975,VP015,415,nback,1
7976,VP015,416,nback,1
7977,VP015,417,nback,1
7978,VP015,418,nback,1
7979,VP015,419,nback,1
7980,VP015,420,nback,1
7981,VP015,421,nback,2
7982,VP015,422,nback,2
7983,VP015,423,nback,2
7984,VP015,424,nback,2
7985,VP015,425,nback,2
7986,VP015,426,nback,2
7987,VP015,427,nback,2
7988,VP015,428,nback,2
7989,VP015,429,nback,2
7990,VP015,430,nback,2
7991,VP015,431,nback,2
7992,VP015,432,nback,2
7993,VP015,433,nback,2
7994,VP015,434,nback,2
7995,VP015,435,nback,2
7996,VP015,436,nback,2
7997,VP015,437,nback,2
7998,VP015,438,nback,2
7999,VP015,439,nback,2
8000,VP015,440,nback,2
8001,VP015,441,nback,1
8002,VP015,442,nback,1
8003,VP015,443,nback,1
8004,VP015,444,nback,1
8005,VP015,445,nback,1
8006,VP015,446,nback,1
8007,VP015,447,nback,1
8008,VP015,448,nback,1
8009,VP015,449,nback,1
8010,VP015,450,nback,1
8011,VP015,451,nback,1
8012,VP015,452,nback,1
8013,VP015,453,nback,1
8014,VP015,454,nback,1
8015,VP015,455,nback,1
8016,VP015,456,nback,1
8017,VP015,457,nback,1
8018,VP015,458,nback,1
8019,VP015,459,nback,1
8020,VP015,460,nback,1
8021,VP015,461,nback,0
8022,VP015,462,nback,0
8023,VP015,463,nback,0
8024,VP015,464,nback,0
8025,VP015,465,nback,0
8026,VP015,466,nback,0
8027,VP015,467,nback,0
8028,VP015,468,nback,0
8029,VP015,469,nback,0
8030,VP015,470,nback,0
8031,VP015,471,nback,0
8032,VP015,472,nback,0
8033,VP015,473,nback,0
8034,VP015,474,nback,0
8035,VP015,475,nback,0
8036,VP015,476,nback,0
8037,VP015,477,nback,0
8038,VP015,478,nback,0
8039,VP015,479,nback,0
8040,VP015,480,nback,0
8041,VP015,481,nback,1
8042,VP015,482,nback,1
8043,VP015,483,nback,1
8044,VP015,484,nback,1
8045,VP015,485,nback,1
8046,VP015,486,nback,1
8047,VP015,487,nback,1
8048,VP015,488,nback,1
8049,VP015,489,nback,1
8050,VP015,490,nback,1
8051,VP015,491,nback,1
8052,VP015,492,nback,1
8053,VP015,493,nback,1
8054,VP015,494,nback,1
8055,VP015,495,nback,1
8056,VP015,496,nback,1
8057,VP015,497,nback,1
8058,VP015,498,nback,1
8059,VP015,499,nback,1
8060,VP015,500,nback,1
8061,VP015,501,nback,0
8062,VP015,502,nback,0
8063,VP015,503,nback,0
8064,VP015,504,nback,0
8065,VP015,505,nback,0
8066,VP015,506,nback,0
8067,VP015,507,nback,0
8068,VP015,508,nback,0
8069,VP015,509,nback,0
8070,VP015,510,nback,0
8071,VP015,511,nback,0
8072,VP015,512,nback,0
8073,VP015,513,nback,0
8074,VP015,514,nback,0
8075,VP015,515,nback,0
8076,VP015,516,nback,0
8077,VP015,517,nback,0
8078,VP015,518,nback,0
8079,VP015,519,nback,0
8080,VP015,520,nback,0
8081,VP015,521,nback,2
8082,VP015,522,nback,2
8083,VP015,523,nback,2
8084,VP015,524,nback,2
8085,VP015,525,nback,2
8086,VP015,526,nback,2
8087,VP015,527,nback,2
8088,VP015,528,nback,2
8089,VP015,529,nback,2
8090,VP015,530,nback,2
8091,VP015,531,nback,2
8092,VP015,532,nback,2
8093,VP015,533,nback,2
8094,VP015,534,nback,2
8095,VP015,535,nback,2
8096,VP015,536,nback,2
8097,VP015,537,nback,2
8098,VP015,538,nback,2
8099,VP015,539,nback,2
8100,VP015,540,nback,2
8101,VP016,1,nback,2
8102,VP016,2,nback,2
8103,VP016,3,nback,2
8104,VP016,4,nback,2
8105,VP016,5,nback,2
8106,VP016,6,nback,2
8107,VP016,7,nback,2
8108,VP016,8,nback,2
8109,VP016,9,nback,2
8110,VP016,10,nback,2
8111,VP016,11,nback,2
8112,VP016,12,nback,2
8113,VP016,13,nback,2
8114,VP016,14,nback,2
8115,VP016,15,nback,2
8116,VP016,16,nback,2
8117,VP016,17,nback,2
8118,VP016,18,nback,2
8119,VP016,19,nback,2
8120,VP016,20,nback,2
8121,VP016,21,nback,1
8122,VP016,22,nback,1
8123,VP016,23,nback,1
8124,VP016,24,nback,1
8125,VP016,25,nback,1
8126,VP016,26,nback,1
8127,VP016,27,nback,1
8128,VP016,28,nback,1
8129,VP016,29,nback,1
8130,VP016,30,nback,1
8131,VP016,31,nback,1
8132,VP016,32,nback,1
8133,VP016,33,nback,1
8134,VP016,34,nback,1
8135,VP016,35,nback,1
8136,VP016,36,nback,1
8137,VP016,37,nback,1
8138,VP016,38,nback,1
8139,VP016,39,nback,1
8140,VP016,40,nback,1
8141,VP016,41,nback,0
8142,VP016,42,nback,0
8143,VP016,43,nback,0
8144,VP016,44,nback,0
8145,VP016,45,nback,0
8146,VP016,46,nback,0
8147,VP016,47,nback,0
8148,VP016,48,nback,0
8149,VP016,49,nback,0
8150,VP016,50,nback,0
8151,VP016,51,nback,0
8152,VP016,52,nback,0
8153,VP016,53,nback,0
8154,VP016,54,nback,0
8155,VP016,55,nback,0
8156,VP016,56,nback,0
8157,VP016,57,nback,0
8158,VP016,58,nback,0
8159,VP016,59,nback,0
8160,VP016,60,nback,0
8161,VP016,61,nback,1
8162,VP016,62,nback,1
8163,VP016,63,nback,1
8164,VP016,64,nback,1
8165,VP016,65,nback,1
8166,VP016,66,nback,1
8167,VP016,67,nback,1
8168,VP016,68,nback,1
8169,VP016,69,nback,1
8170,VP016,70,nback,1
8171,VP016,71,nback,1
8172,VP016,72,nback,1
8173,VP016,73,nback,1
8174,VP016,74,nback,1
8175,VP016,75,nback,1
8176,VP016,76,nback,1
8177,VP016,77,nback,1
8178,VP016,78,nback,1
8179,VP016,79,nback,1
8180,VP016,80,nback,1
8181,VP016,81,nback,0
8182,VP016,82,nback,0
8183,VP016,83,nback,0
8184,VP016,84,nback,0
8185,VP016,85,nback,0
8186,VP016,86,nback,0
8187,VP016,87,nback,0
8188,VP016,88,nback,0
8189,VP016,89,nback,0
8190,VP016,90,nback,0
8191,VP016,91,nback,0
8192,VP016,92,nback,0
8193,VP016,93,nback,0
8194,VP016,94,nback,0
8195,VP016,95,nback,0
8196,VP016,96,nback,0
8197,VP016,97,nback,0
8198,VP016,98,nback,0
8199,VP016,99,nback,0
8200,VP016,100,nback,0
8201,VP016,101,nback,2
8202,VP016,102,nback,2
8203,VP016,103,nback,2
8204,VP016,104,nback,2
8205,VP016,105,nback,2
8206,VP016,106,nback,2
8207,VP016,107,nback,2
8208,VP016,108,nback,2
8209,VP016,109,nback,2
8210,VP016,110,nback,2
8211,VP016,111,nback,2
8212,VP016,112,nback,2
8213,VP016,113,nback,2
8214,VP016,114,nback,2
8215,VP016,115,nback,2
8216,VP016,116,nback,2
8217,VP016,117,nback,2
8218,VP016,118,nback,2
8219,VP016,119,nback,2
8220,VP016,120,nback,2
8221,VP016,121,nback,0
8222,VP016,122,nback,0
8223,VP016,123,nback,0
8224,VP016,124,nback,0
8225,VP016,125,nback,0
8226,VP016,126,nback,0
8227,VP016,127,nback,0
8228,VP016,128,nback,0
8229,VP016,129,nback,0
8230,VP016,130,nback,0
8231,VP016,131,nback,0
8232,VP016,132,nback,0
8233,VP016,133,nback,0
8234,VP016,134,nback,0
8235,VP016,135,nback,0
8236,VP016,136,nback,0
8237,VP016,137,nback,0
8238,VP016,138,nback,0
8239,VP016,139,nback,0
8240,VP016,140,nback,0
8241,VP016,141,nback,2
8242,VP016,142,nback,2
8243,VP016,143,nback,2
8244,VP016,144,nback,2
8245,VP016,145,nback,2
8246,VP016,146,nback,2
8247,VP016,147,nback,2
8248,VP016,148,nback,2
8249,VP016,149,nback,2
8250,VP016,150,nback,2
8251,VP016,151,nback,2
8252,VP016,152,nback,2
8253,VP016,153,nback,2
8254,VP016,154,nback,2
8255,VP016,155,nback,2
8256,VP016,156,nback,2
8257,VP016,157,nback,2
8258,VP016,158,nback,2
8259,VP016,159,nback,2
8260,VP016,160,nback,2
8261,VP016,161,nback,1
8262,VP016,162,nback,1
8263,VP016,163,nback,1
8264,VP016,164,nback,1
8265,VP016,165,nback,1
8266,VP016,166,nback,1
8267,VP016,167,nback,1
8268,VP016,168,nback,1
8269,VP016,169,nback,1
8270,VP016,170,nback,1
8271,VP016,171,nback,1
8272,VP016,172,nback,1
8273,VP016,173,nback,1
8274,VP016,174,nback,1
8275,VP016,175,nback,1
8276,VP016,176,nback,1
8277,VP016,177,nback,1
8278,VP016,178,nback,1
8279,VP016,179,nback,1
8280,VP016,180,nback,1
8281,VP016,181,nback,1
8282,VP016,182,nback,1
8283,VP016,183,nback,1
8284,VP016,184,nback,1
8285,VP016,185,nback,1
8286,VP016,186,nback,1
8287,VP016,187,nback,1
8288,VP016,188,nback,1
8289,VP016,189,nback,1
8290,VP016,190,nback,1
8291,VP016,191,nback,1
8292,VP016,192,nback,1
8293,VP016,193,nback,1
8294,VP016,194,nback,1
8295,VP016,195,nback,1
8296,VP016,196,nback,1
8297,VP016,197,nback,1
8298,VP016,198,nback,1
8299,VP016,199,nback,1
8300,VP016,200,nback,1
8301,VP016,201,nback,0
8302,VP016,202,nback,0
8303,VP016,203,nback,0
8304,VP016,204,nback,0
8305,VP016,205,nback,0
8306,VP016,206,nback,0
8307,VP016,207,nback,0
8308,VP016,208,nback,0
8309,VP016,209,nback,0
8310,VP016,210,nback,0
8311,VP016,211,nback,0
8312,VP016,212,nback,0
8313,VP016,213,nback,0
8314,VP016,214,nback,0
8315,VP016,215,nback,0
8316,VP016,216,nback,0
8317,VP016,217,nback,0
8318,VP016,218,nback,0
8319,VP016,219,nback,0
8320,VP016,220,nback,0
8321,VP016,221,nback,2
8322,VP016,222,nback,2
8323,VP016,223,nback,2
8324,VP016,224,nback,2
8325,VP016,225,nback,2
8326,VP016,226,nback,2
8327,VP016,227,nback,2
8328,VP016,228,nback,2
8329,VP016,229,nback,2
8330,VP016,230,nback,2
8331,VP016,231,nback,2
8332,VP016,232,nback,2
8333,VP016,233,nback,2
8334,VP016,234,nback,2
8335,VP016,235,nback,2
8336,VP016,236,nback,2
8337,VP016,237,nback,2
8338,VP016,238,nback,2
8339,VP016,239,nback,2
8340,VP016,240,nback,2
8341,VP016,241,nback,0
8342,VP016,242,nback,0
8343,VP016,243,nback,0
8344,VP016,244,nback,0
8345,VP016,245,nback,0
8346,VP016,246,nback,0
8347,VP016,247,nback,0
8348,VP016,248,nback,0
8349,VP016,249,nback,0
8350,VP016,250,nback,0
8351,VP016,251,nback,0
8352,VP016,252,nback,0
8353,VP016,253,nback,0
8354,VP016,254,nback,0
8355,VP016,255,nback,0
8356,VP016,256,nback,0
8357,VP016,257,nback,0
8358,VP016,258,nback,0
8359,VP016,259,nback,0
8360,VP016,260,nback,0
8361,VP016,261,nback,2
8362,VP016,262,nback,2
8363,VP016,263,nback,2
8364,VP016,264,nback,2
8365,VP016,265,nback,2
8366,VP016,266,nback,2
8367,VP016,267,nback,2
8368,VP016,268,nback,2
8369,VP016,269,nback,2
8370,VP016,270,nback,2
8371,VP016,271,nback,2
8372,VP016,272,nback,2
8373,VP016,273,nback,2
8374,VP016,274,nback,2
8375,VP016,275,nback,2
8376,VP016,276,nback,2
8377,VP016,277,nback,2
8378,VP016,278,nback,2
8379,VP016,279,nback,2
8380,VP016,280,nback,2
8381,VP016,281,nback,1
8382,VP016,282,nback,1
8383,VP016,283,nback,1
8384,VP016,284,nback,1
8385,VP016,285,nback,1
8386,VP016,286,nback,1
8387,VP016,287,nback,1
8388,VP016,288,nback,1
8389,VP016,289,nback,1
8390,VP016,290,nback,1
8391,VP016,291,nback,1
8392,VP016,292,nback,1
8393,VP016,293,nback,1
8394,VP016,294,nback,1
8395,VP016,295,nback,1
8396,VP016,296,nback,1
8397,VP016,297,nback,1
8398,VP016,298,nback,1
8399,VP016,299,nback,1
8400,VP016,300,nback,1
8401,VP016,301,nback,2
8402,VP016,302,nback,2
8403,VP016,303,nback,2
8404,VP016,304,nback,2
8405,VP016,305,nback,2
8406,VP016,306,nback,2
8407,VP016,307,nback,2
8408,VP016,308,nback,2
8409,VP016,309,nback,2
8410,VP016,310,nback,2
8411,VP016,311,nback,2
8412,VP016,312,nback,2
8413,VP016,313,nback,2
8414,VP016,314,nback,2
8415,VP016,315,nback,2
8416,VP016,316,nback,2
8417,VP016,317,nback,2
8418,VP016,318,nback,2
8419,VP016,319,nback,2
8420,VP016,320,nback,2
8421,VP016,321,nback,1
8422,VP016,322,nback,1
8423,VP016,323,nback,1
8424,VP016,324,nback,1
8425,VP016,325,nback,1
8426,VP016,326,nback,1
8427,VP016,327,nback,1
8428,VP016,328,nback,1
8429,VP016,329,nback,1
8430,VP016,330,nback,1
8431,VP016,331,nback,1
8432,VP016,332,nback,1
8433,VP016,333,nback,1
8434,VP016,334,nback,1
8435,VP016,335,nback,1
8436,VP016,336,nback,1
8437,VP016,337,nback,1
8438,VP016,338,nback,1
8439,VP016,339,nback,1
8440,VP016,340,nback,1
8441,VP016,341,nback,0
8442,VP016,342,nback,0
8443,VP016,343,nback,0
8444,VP016,344,nback,0
8445,VP016,345,nback,0
8446,VP016,346,nback,0
8447,VP016,347,nback,0
8448,VP016,348,nback,0
8449,VP016,349,nback,0
8450,VP016,350,nback,0
8451,VP016,351,nback,0
8452,VP016,352,nback,0
8453,VP016,353,nback,0
8454,VP016,354,nback,0
8455,VP016,355,nback,0
8456,VP016,356,nback,0
8457,VP016,357,nback,0
8458,VP016,358,nback,0
8459,VP016,359,nback,0
8460,VP016,360,nback,0
8461,VP016,361,nback,0
8462,VP016,362,nback,0
8463,VP016,363,nback,0
8464,VP016,364,nback,0
8465,VP016,365,nback,0
8466,VP016,366,nback,0
8467,VP016,367,nback,0
8468,VP016,368,nback,0
8469,VP016,369,nback,0
8470,VP016,370,nback,0
8471,VP016,371,nback,0
8472,VP016,372,nback,0
8473,VP016,373,nback,0
8474,VP016,374,nback,0
8475,VP016,375,nback,0
8476,VP016,376,nback,0
8477,VP016,377,nback,0
8478,VP016,378,nback,0
8479,VP016,379,nback,0
8480,VP016,380,nback,0
8481,VP016,381,nback,2
8482,VP016,382,nback,2
8483,VP016,383,nback,2
8484,VP016,384,nback,2
8485,VP016,385,nback,2
8486,VP016,386,nback,2
8487,VP016,387,nback,2
8488,VP016,388,nback,2
8489,VP016,389,nback,2
8490,VP016,390,nback,2
8491,VP016,391,nback,2
8492,VP016,392,nback,2
8493,VP016,393,nback,2
8494,VP016,394,nback,2
8495,VP016,395,nback,2
8496,VP016,396,nback,2
8497,VP016,397,nback,2
8498,VP016,398,nback,2
8499,VP016,399,nback,2
8500,VP016,400,nback,2
8501,VP016,401,nback,1
8502,VP016,402,nback,1
8503,VP016,403,nback,1
8504,VP016,404,nback,1
8505,VP016,405,nback,1
8506,VP016,406,nback,1
8507,VP016,407,nback,1
8508,VP016,408,nback,1
8509,VP016,409,nback,1
8510,VP016,410,nback,1
8511,VP016,411,nback,1
8512,VP016,412,nback,1
8513,VP016,413,nback,1
8514,VP016,414,nback,1
8515,VP016,415,nback,1
8516,VP016,416,nback,1
8517,VP016,417,nback,1
8518,VP016,418,nback,1
8519,VP016,419,nback,1
8520,VP016,420,nback,1
8521,VP016,421,nback,2
8522,VP016,422,nback,2
8523,VP016,423,nback,2
8524,VP016,424,nback,2
8525,VP016,425,nback,2
8526,VP016,426,nback,2
8527,VP016,427,nback,2
8528,VP016,428,nback,2
8529,VP016,429,nback,2
8530,VP016,430,nback,2
8531,VP016,431,nback,2
8532,VP016,432,nback,2
8533,VP016,433,nback,2
8534,VP016,434,nback,2
8535,VP016,435,nback,2
8536,VP016,436,nback,2
8537,VP016,437,nback,2
8538,VP016,438,nback,2
8539,VP016,439,nback,2
8540,VP016,440,nback,2
8541,VP016,441,nback,1
8542,VP016,442,nback,1
8543,VP016,443,nback,1
8544,VP016,444,nback,1
8545,VP016,445,nback,1
8546,VP016,446,nback,1
8547,VP016,447,nback,1
8548,VP016,448,nback,1
8549,VP016,449,nback,1
8550,VP016,450,nback,1
8551,VP016,451,nback,1
8552,VP016,452,nback,1
8553,VP016,453,nback,1
8554,VP016,454,nback,1
8555,VP016,455,nback,1
8556,VP016,456,nback,1
8557,VP016,457,nback,1
8558,VP016,458,nback,1
8559,VP016,459,nback,1
8560,VP016,460,nback,1
8561,VP016,461,nback,0
8562,VP016,462,nback,0
8563,VP016,463,nback,0
8564,VP016,464,nback,0
8565,VP016,465,nback,0
8566,VP016,466,nback,0
8567,VP016,467,nback,0
8568,VP016,468,nback,0
8569,VP016,469,nback,0
8570,VP016,470,nback,0
8571,VP016,471,nback,0
8572,VP016,472,nback,0
8573,VP016,473,nback,0
8574,VP016,474,nback,0
8575,VP016,475,nback,0
8576,VP016,476,nback,0
8577,VP016,477,nback,0
8578,VP016,478,nback,0
8579,VP016,479,nback,0
8580,VP016,480,nback,0
8581,VP016,481,nback,1
8582,VP016,482,nback,1
8583,VP016,483,nback,1
8584,VP016,484,nback,1
8585,VP016,485,nback,1
8586,VP016,486,nback,1
8587,VP016,487,nback,1
8588,VP016,488,nback,1
8589,VP016,489,nback,1
8590,VP016,490,nback,1
8591,VP016,491,nback,1
8592,VP016,492,nback,1
8593,VP016,493,nback,1
8594,VP016,494,nback,1
8595,VP016,495,nback,1
8596,VP016,496,nback,1
8597,VP016,497,nback,1
8598,VP016,498,nback,1
8599,VP016,499,nback,1
8600,VP016,500,nback,1
8601,VP016,501,nback,0
8602,VP016,502,nback,0
8603,VP016,503,nback,0
8604,VP016,504,nback,0
8605,VP016,505,nback,0
8606,VP016,506,nback,0
8607,VP016,507,nback,0
8608,VP016,508,nback,0
8609,VP016,509,nback,0
8610,VP016,510,nback,0
8611,VP016,511,nback,0
8612,VP016,512,nback,0
8613,VP016,513,nback,0
8614,VP016,514,nback,0
8615,VP016,515,nback,0
8616,VP016,516,nback,0
8617,VP016,517,nback,0
8618,VP016,518,nback,0
8619,VP016,519,nback,0
8620,VP016,520,nback,0
8621,VP016,521,nback,2
8622,VP016,522,nback,2
8623,VP016,523,nback,2
8624,VP016,524,nback,2
8625,VP016,525,nback,2
8626,VP016,526,nback,2
8627,VP016,527,nback,2
8628,VP016,528,nback,2
8629,VP016,529,nback,2
8630,VP016,530,nback,2
8631,VP016,531,nback,2
8632,VP016,532,nback,2
8633,VP016,533,nback,2
8634,VP016,534,nback,2
8635,VP016,535,nback,2
8636,VP016,536,nback,2
8637,VP016,537,nback,2
8638,VP016,538,nback,2
8639,VP016,539,nback,2
8640,VP016,540,nback,2
8641,VP017,1,nback,2
8642,VP017,2,nback,2
8643,VP017,3,nback,2
8644,VP017,4,nback,2
8645,VP017,5,nback,2
8646,VP017,6,nback,2
8647,VP017,7,nback,2
8648,VP017,8,nback,2
8649,VP017,9,nback,2
8650,VP017,10,nback,2
8651,VP017,11,nback,2
8652,VP017,12,nback,2
8653,VP017,13,nback,2
8654,VP017,14,nback,2
8655,VP017,15,nback,2
8656,VP017,16,nback,2
8657,VP017,17,nback,2
8658,VP017,18,nback,2
8659,VP017,19,nback,2
8660,VP017,20,nback,2
8661,VP017,21,nback,1
8662,VP017,22,nback,1
8663,VP017,23,nback,1
8664,VP017,24,nback,1
8665,VP017,25,nback,1
8666,VP017,26,nback,1
8667,VP017,27,nback,1
8668,VP017,28,nback,1
8669,VP017,29,nback,1
8670,VP017,30,nback,1
8671,VP017,31,nback,1
8672,VP017,32,nback,1
8673,VP017,33,nback,1
8674,VP017,34,nback,1
8675,VP017,35,nback,1
8676,VP017,36,nback,1
8677,VP017,37,nback,1
8678,VP017,38,nback,1
8679,VP017,39,nback,1
8680,VP017,40,nback,1
8681,VP017,41,nback,0
8682,VP017,42,nback,0
8683,VP017,43,nback,0
8684,VP017,44,nback,0
8685,VP017,45,nback,0
8686,VP017,46,nback,0
8687,VP017,47,nback,0
8688,VP017,48,nback,0
8689,VP017,49,nback,0
8690,VP017,50,nback,0
8691,VP017,51,nback,0
8692,VP017,52,nback,0
8693,VP017,53,nback,0
8694,VP017,54,nback,0
8695,VP017,55,nback,0
8696,VP017,56,nback,0
8697,VP017,57,nback,0
8698,VP017,58,nback,0
8699,VP017,59,nback,0
8700,VP017,60,nback,0
8701,VP017,61,nback,1
8702,VP017,62,nback,1
8703,VP017,63,nback,1
8704,VP017,64,nback,1
8705,VP017,65,nback,1
8706,VP017,66,nback,1
8707,VP017,67,nback,1
8708,VP017,68,nback,1
8709,VP017,69,nback,1
8710,VP017,70,nback,1
8711,VP017,71,nback,1
8712,VP017,72,nback,1
8713,VP017,73,nback,1
8714,VP017,74,nback,1
8715,VP017,75,nback,1
8716,VP017,76,nback,1
8717,VP017,77,nback,1
8718,VP017,78,nback,1
8719,VP017,79,nback,1
8720,VP017,80,nback,1
8721,VP017,81,nback,0
8722,VP017,82,nback,0
8723,VP017,83,nback,0
8724,VP017,84,nback,0
8725,VP017,85,nback,0
8726,VP017,86,nback,0
8727,VP017,87,nback,0
8728,VP017,88,nback,0
8729,VP017,89,nback,0
8730,VP017,90,nback,0
8731,VP017,91,nback,0
8732,VP017,92,nback,0
8733,VP017,93,nback,0
8734,VP017,94,nback,0
8735,VP017,95,nback,0
8736,VP017,96,nback,0
8737,VP017,97,nback,0
8738,VP017,98,nback,0
8739,VP017,99,nback,0
8740,VP017,100,nback,0
8741,VP017,101,nback,2
8742,VP017,102,nback,2
8743,VP017,103,nback,2
8744,VP017,104,nback,2
8745,VP017,105,nback,2
8746,VP017,106,nback,2
8747,VP017,107,nback,2
8748,VP017,108,nback,2
8749,VP017,109,nback,2
8750,VP017,110,nback,2
8751,VP017,111,nback,2
8752,VP017,112,nback,2
8753,VP017,113,nback,2
8754,VP017,114,nback,2
8755,VP017,115,nback,2
8756,VP017,116,nback,2
8757,VP017,117,nback,2
8758,VP017,118,nback,2
8759,VP017,119,nback,2
8760,VP017,120,nback,2
8761,VP017,121,nback,0
8762,VP017,122,nback,0
8763,VP017,123,nback,0
8764,VP017,124,nback,0
8765,VP017,125,nback,0
8766,VP017,126,nback,0
8767,VP017,127,nback,0
8768,VP017,128,nback,0
8769,VP017,129,nback,0
8770,VP017,130,nback,0
8771,VP017,131,nback,0
8772,VP017,132,nback,0
8773,VP017,133,nback,0
8774,VP017,134,nback,0
8775,VP017,135,nback,0
8776,VP017,136,nback,0
8777,VP017,137,nback,0
8778,VP017,138,nback,0
8779,VP017,139,nback,0
8780,VP017,140,nback,0
8781,VP017,141,nback,2
8782,VP017,142,nback,2
8783,VP017,143,nback,2
8784,VP017,144,nback,2
8785,VP017,145,nback,2
8786,VP017,146,nback,2
8787,VP017,147,nback,2
8788,VP017,148,nback,2
8789,VP017,149,nback,2
8790,VP017,150,nback,2
8791,VP017,151,nback,2
8792,VP017,152,nback,2
8793,VP017,153,nback,2
8794,VP017,154,nback,2
8795,VP017,155,nback,2
8796,VP017,156,nback,2
8797,VP017,157,nback,2
8798,VP017,158,nback,2
8799,VP017,159,nback,2
8800,VP017,160,nback,2
8801,VP017,161,nback,1
8802,VP017,162,nback,1
8803,VP017,163,nback,1
8804,VP017,164,nback,1
8805,VP017,165,nback,1
8806,VP017,166,nback,1
8807,VP017,167,nback,1
8808,VP017,168,nback,1
8809,VP017,169,nback,1
8810,VP017,170,nback,1
8811,VP017,171,nback,1
8812,VP017,172,nback,1
8813,VP017,173,nback,1
8814,VP017,174,nback,1
8815,VP017,175,nback,1
8816,VP017,176,nback,1
8817,VP017,177,nback,1
8818,VP017,178,nback,1
8819,VP017,179,nback,1
8820,VP017,180,nback,1
8821,VP017,181,nback,1
8822,VP017,182,nback,1
8823,VP017,183,nback,1
8824,VP017,184,nback,1
8825,VP017,185,nback,1
8826,VP017,186,nback,1
8827,VP017,187,nback,1
8828,VP017,188,nback,1
8829,VP017,189,nback,1
8830,VP017,190,nback,1
8831,VP017,191,nback,1
8832,VP017,192,nback,1
8833,VP017,193,nback,1
8834,VP017,194,nback,1
8835,VP017,195,nback,1
8836,VP017,196,nback,1
8837,VP017,197,nback,1
8838,VP017,198,nback,1
8839,VP017,199,nback,1
8840,VP017,200,nback,1
8841,VP017,201,nback,0
8842,VP017,202,nback,0
8843,VP017,203,nback,0
8844,VP017,204,nback,0
8845,VP017,205,nback,0
8846,VP017,206,nback,0
8847,VP017,207,nback,0
8848,VP017,208,nback,0
8849,VP017,209,nback,0
8850,VP017,210,nback,0
8851,VP017,211,nback,0
8852,VP017,212,nback,0
8853,VP017,213,nback,0
8854,VP017,214,nback,0
8855,VP017,215,nback,0
8856,VP017,216,nback,0
8857,VP017,217,nback,0
8858,VP017,218,nback,0
8859,VP017,219,nback,0
8860,VP017,220,nback,0
8861,VP017,221,nback,2
8862,VP017,222,nback,2
8863,VP017,223,nback,2
8864,VP017,224,nback,2
8865,VP017,225,nback,2
8866,VP017,226,nback,2
8867,VP017,227,nback,2
8868,VP017,228,nback,2
8869,VP017,229,nback,2
8870,VP017,230,nback,2
8871,VP017,231,nback,2
8872,VP017,232,nback,2
8873,VP017,233,nback,2
8874,VP017,234,nback,2
8875,VP017,235,nback,2
8876,VP017,236,nback,2
8877,VP017,237,nback,2
8878,VP017,238,nback,2
8879,VP017,239,nback,2
8880,VP017,240,nback,2
8881,VP017,241,nback,0
8882,VP017,242,nback,0
8883,VP017,243,nback,0
8884,VP017,244,nback,0
8885,VP017,245,nback,0
8886,VP017,246,nback,0
8887,VP017,247,nback,0
8888,VP017,248,nback,0
8889,VP017,249,nback,0
8890,VP017,250,nback,0
8891,VP017,251,nback,0
8892,VP017,252,nback,0
8893,VP017,253,nback,0
8894,VP017,254,nback,0
8895,VP017,255,nback,0
8896,VP017,256,nback,0
8897,VP017,257,nback,0
8898,VP017,258,nback,0
8899,VP017,259,nback,0
8900,VP017,260,nback,0
8901,VP017,261,nback,2
8902,VP017,262,nback,2
8903,VP017,263,nback,2
8904,VP017,264,nback,2
8905,VP017,265,nback,2
8906,VP017,266,nback,2
8907,VP017,267,nback,2
8908,VP017,268,nback,2
8909,VP017,269,nback,2
8910,VP017,270,nback,2
8911,VP017,271,nback,2
8912,VP017,272,nback,2
8913,VP017,273,nback,2
8914,VP017,274,nback,2
8915,VP017,275,nback,2
8916,VP017,276,nback,2
8917,VP017,277,nback,2
8918,VP017,278,nback,2
8919,VP017,279,nback,2
8920,VP017,280,nback,2
8921,VP017,281,nback,1
8922,VP017,282,nback,1
8923,VP017,283,nback,1
8924,VP017,284,nback,1
8925,VP017,285,nback,1
8926,VP017,286,nback,1
8927,VP017,287,nback,1
8928,VP017,288,nback,1
8929,VP017,289,nback,1
8930,VP017,290,nback,1
8931,VP017,291,nback,1
8932,VP017,292,nback,1
8933,VP017,293,nback,1
8934,VP017,294,nback,1
8935,VP017,295,nback,1
8936,VP017,296,nback,1
8937,VP017,297,nback,1
8938,VP017,298,nback,1
8939,VP017,299,nback,1
8940,VP017,300,nback,1
8941,VP017,301,nback,2
8942,VP017,302,nback,2
8943,VP017,303,nback,2
8944,VP017,304,nback,2
8945,VP017,305,nback,2
8946,VP017,306,nback,2
8947,VP017,307,nback,2
8948,VP017,308,nback,2
8949,VP017,309,nback,2
8950,VP017,310,nback,2
8951,VP017,311,nback,2
8952,VP017,312,nback,2
8953,VP017,313,nback,2
8954,VP017,314,nback,2
8955,VP017,315,nback,2
8956,VP017,316,nback,2
8957,VP017,317,nback,2
8958,VP017,318,nback,2
8959,VP017,319,nback,2
8960,VP017,320,nback,2
8961,VP017,321,nback,1
8962,VP017,322,nback,1
8963,VP017,323,nback,1
8964,VP017,324,nback,1
8965,VP017,325,nback,1
8966,VP017,326,nback,1
8967,VP017,327,nback,1
8968,VP017,328,nback,1
8969,VP017,329,nback,1
8970,VP017,330,nback,1
8971,VP017,331,nback,1
8972,VP017,332,nback,1
8973,VP017,333,nback,1
8974,VP017,334,nback,1
8975,VP017,335,nback,1
8976,VP017,336,nback,1
8977,VP017,337,nback,1
8978,VP017,338,nback,1
8979,VP017,339,nback,1
8980,VP017,340,nback,1
8981,VP017,341,nback,0
8982,VP017,342,nback,0
8983,VP017,343,nback,0
8984,VP017,344,nback,0
8985,VP017,345,nback,0
8986,VP017,346,nback,0
8987,VP017,347,nback,0
8988,VP017,348,nback,0
8989,VP017,349,nback,0
8990,VP017,350,nback,0
8991,VP017,351,nback,0
8992,VP017,352,nback,0
8993,VP017,353,nback,0
8994,VP017,354,nback,0
8995,VP017,355,nback,0
8996,VP017,356,nback,0
8997,VP017,357,nback,0
8998,VP017,358,nback,0
8999,VP017,359,nback,0
9000,VP017,360,nback,0
9001,VP017,361,nback,0
9002,VP017,362,nback,0
9003,VP017,363,nback,0
9004,VP017,364,nback,0
9005,VP017,365,nback,0
9006,VP017,366,nback,0
9007,VP017,367,nback,0
9008,VP017,368,nback,0
9009,VP017,369,nback,0
9010,VP017,370,nback,0
9011,VP017,371,nback,0
9012,VP017,372,nback,0
9013,VP017,373,nback,0
9014,VP017,374,nback,0
9015,VP017,375,nback,0
9016,VP017,376,nback,0
9017,VP017,377,nback,0
9018,VP017,378,nback,0
9019,VP017,379,nback,0
9020,VP017,380,nback,0
9021,VP017,381,nback,2
9022,VP017,382,nback,2
9023,VP017,383,nback,2
9024,VP017,384,nback,2
9025,VP017,385,nback,2
9026,VP017,386,nback,2
9027,VP017,387,nback,2
9028,VP017,388,nback,2
9029,VP017,389,nback,2
9030,VP017,390,nback,2
9031,VP017,391,nback,2
9032,VP017,392,nback,2
9033,VP017,393,nback,2
9034,VP017,394,nback,2
9035,VP017,395,nback,2
9036,VP017,396,nback,2
9037,VP017,397,nback,2
9038,VP017,398,nback,2
9039,VP017,399,nback,2
9040,VP017,400,nback,2
9041,VP017,401,nback,1
9042,VP017,402,nback,1
9043,VP017,403,nback,1
9044,VP017,404,nback,1
9045,VP017,405,nback,1
9046,VP017,406,nback,1
9047,VP017,407,nback,1
9048,VP017,408,nback,1
9049,VP017,409,nback,1
9050,VP017,410,nback,1
9051,VP017,411,nback,1
9052,VP017,412,nback,1
9053,VP017,413,nback,1
9054,VP017,414,nback,1
9055,VP017,415,nback,1
9056,VP017,416,nback,1
9057,VP017,417,nback,1
9058,VP017,418,nback,1
9059,VP017,419,nback,1
9060,VP017,420,nback,1
9061,VP017,421,nback,2
9062,VP017,422,nback,2
9063,VP017,423,nback,2
9064,VP017,424,nback,2
9065,VP017,425,nback,2
9066,VP017,426,nback,2
9067,VP017,427,nback,2
9068,VP017,428,nback,2
9069,VP017,429,nback,2
9070,VP017,430,nback,2
9071,VP017,431,nback,2
9072,VP017,432,nback,2
9073,VP017,433,nback,2
9074,VP017,434,nback,2
9075,VP017,435,nback,2
9076,VP017,436,nback,2
9077,VP017,437,nback,2
9078,VP017,438,nback,2
9079,VP017,439,nback,2
9080,VP017,440,nback,2
9081,VP017,441,nback,1
9082,VP017,442,nback,1
9083,VP017,443,nback,1
9084,VP017,444,nback,1
9085,VP017,445,nback,1
9086,VP017,446,nback,1
9087,VP017,447,nback,1
9088,VP017,448,nback,1
9089,VP017,449,nback,1
9090,VP017,450,nback,1
9091,VP017,451,nback,1
9092,VP017,452,nback,1
9093,VP017,453,nback,1
9094,VP017,454,nback,1
9095,VP017,455,nback,1
9096,VP017,456,nback,1
9097,VP017,457,nback,1
9098,VP017,458,nback,1
9099,VP017,459,nback,1
9100,VP017,460,nback,1
9101,VP017,461,nback,0
9102,VP017,462,nback,0
9103,VP017,463,nback,0
9104,VP017,464,nback,0
9105,VP017,465,nback,0
9106,VP017,466,nback,0
9107,VP017,467,nback,0
9108,VP017,468,nback,0
9109,VP017,469,nback,0
9110,VP017,470,nback,0
9111,VP017,471,nback,0
9112,VP017,472,nback,0
9113,VP017,473,nback,0
9114,VP017,474,nback,0
9115,VP017,475,nback,0
9116,VP017,476,nback,0
9117,VP017,477,nback,0
9118,VP017,478,nback,0
9119,VP017,479,nback,0
9120,VP017,480,nback,0
9121,VP017,481,nback,1
9122,VP017,482,nback,1
9123,VP017,483,nback,1
9124,VP017,484,nback,1
9125,VP017,485,nback,1
9126,VP017,486,nback,1
9127,VP017,487,nback,1
9128,VP017,488,nback,1
9129,VP017,489,nback,1
9130,VP017,490,nback,1
9131,VP017,491,nback,1
9132,VP017,492,nback,1
9133,VP017,493,nback,1
9134,VP017,494,nback,1
9135,VP017,495,nback,1
9136,VP017,496,nback,1
9137,VP017,497,nback,1
9138,VP017,498,nback,1
9139,VP017,499,nback,1
9140,VP017,500,nback,1
9141,VP017,501,nback,0
9142,VP017,502,nback,0
9143,VP017,503,nback,0
9144,VP017,504,nback,0
9145,VP017,505,nback,0
9146,VP017,506,nback,0
9147,VP017,507,nback,0
9148,VP017,508,nback,0
9149,VP017,509,nback,0
9150,VP017,510,nback,0
9151,VP017,511,nback,0
9152,VP017,512,nback,0
9153,VP017,513,nback,0
9154,VP017,514,nback,0
9155,VP017,515,nback,0
9156,VP017,516,nback,0
9157,VP017,517,nback,0
9158,VP017,518,nback,0
9159,VP017,519,nback,0
9160,VP017,520,nback,0
9161,VP017,521,nback,2
9162,VP017,522,nback,2
9163,VP017,523,nback,2
9164,VP017,524,nback,2
9165,VP017,525,nback,2
9166,VP017,526,nback,2
9167,VP017,527,nback,2
9168,VP017,528,nback,2
9169,VP017,529,nback,2
9170,VP017,530,nback,2
9171,VP017,531,nback,2
9172,VP017,532,nback,2
9173,VP017,533,nback,2
9174,VP017,534,nback,2
9175,VP017,535,nback,2
9176,VP017,536,nback,2
9177,VP017,537,nback,2
9178,VP017,538,nback,2
9179,VP017,539,nback,2
9180,VP017,540,nback,2
9181,VP018,1,nback,2
9182,VP018,2,nback,2
9183,VP018,3,nback,2
9184,VP018,4,nback,2
9185,VP018,5,nback,2
9186,VP018,6,nback,2
9187,VP018,7,nback,2
9188,VP018,8,nback,2
9189,VP018,9,nback,2
9190,VP018,10,nback,2
9191,VP018,11,nback,2
9192,VP018,12,nback,2
9193,VP018,13,nback,2
9194,VP018,14,nback,2
9195,VP018,15,nback,2
9196,VP018,16,nback,2
9197,VP018,17,nback,2
9198,VP018,18,nback,2
9199,VP018,19,nback,2
9200,VP018,20,nback,2
9201,VP018,21,nback,1
9202,VP018,22,nback,1
9203,VP018,23,nback,1
9204,VP018,24,nback,1
9205,VP018,25,nback,1
9206,VP018,26,nback,1
9207,VP018,27,nback,1
9208,VP018,28,nback,1
9209,VP018,29,nback,1
9210,VP018,30,nback,1
9211,VP018,31,nback,1
9212,VP018,32,nback,1
9213,VP018,33,nback,1
9214,VP018,34,nback,1
9215,VP018,35,nback,1
9216,VP018,36,nback,1
9217,VP018,37,nback,1
9218,VP018,38,nback,1
9219,VP018,39,nback,1
9220,VP018,40,nback,1
9221,VP018,41,nback,0
9222,VP018,42,nback,0
9223,VP018,43,nback,0
9224,VP018,44,nback,0
9225,VP018,45,nback,0
9226,VP018,46,nback,0
9227,VP018,47,nback,0
9228,VP018,48,nback,0
9229,VP018,49,nback,0
9230,VP018,50,nback,0
9231,VP018,51,nback,0
9232,VP018,52,nback,0
9233,VP018,53,nback,0
9234,VP018,54,nback,0
9235,VP018,55,nback,0
9236,VP018,56,nback,0
9237,VP018,57,nback,0
9238,VP018,58,nback,0
9239,VP018,59,nback,0
9240,VP018,60,nback,0
9241,VP018,61,nback,1
9242,VP018,62,nback,1
9243,VP018,63,nback,1
9244,VP018,64,nback,1
9245,VP018,65,nback,1
9246,VP018,66,nback,1
9247,VP018,67,nback,1
9248,VP018,68,nback,1
9249,VP018,69,nback,1
9250,VP018,70,nback,1
9251,VP018,71,nback,1
9252,VP018,72,nback,1
9253,VP018,73,nback,1
9254,VP018,74,nback,1
9255,VP018,75,nback,1
9256,VP018,76,nback,1
9257,VP018,77,nback,1
9258,VP018,78,nback,1
9259,VP018,79,nback,1
9260,VP018,80,nback,1
9261,VP018,81,nback,0
9262,VP018,82,nback,0
9263,VP018,83,nback,0
9264,VP018,84,nback,0
9265,VP018,85,nback,0
9266,VP018,86,nback,0
9267,VP018,87,nback,0
9268,VP018,88,nback,0
9269,VP018,89,nback,0
9270,VP018,90,nback,0
9271,VP018,91,nback,0
9272,VP018,92,nback,0
9273,VP018,93,nback,0
9274,VP018,94,nback,0
9275,VP018,95,nback,0
9276,VP018,96,nback,0
9277,VP018,97,nback,0
9278,VP018,98,nback,0
9279,VP018,99,nback,0
9280,VP018,100,nback,0
9281,VP018,101,nback,2
9282,VP018,102,nback,2
9283,VP018,103,nback,2
9284,VP018,104,nback,2
9285,VP018,105,nback,2
9286,VP018,106,nback,2
9287,VP018,107,nback,2
9288,VP018,108,nback,2
9289,VP018,109,nback,2
9290,VP018,110,nback,2
9291,VP018,111,nback,2
9292,VP018,112,nback,2
9293,VP018,113,nback,2
9294,VP018,114,nback,2
9295,VP018,115,nback,2
9296,VP018,116,nback,2
9297,VP018,117,nback,2
9298,VP018,118,nback,2
9299,VP018,119,nback,2
9300,VP018,120,nback,2
9301,VP018,121,nback,0
9302,VP018,122,nback,0
9303,VP018,123,nback,0
9304,VP018,124,nback,0
9305,VP018,125,nback,0
9306,VP018,126,nback,0
9307,VP018,127,nback,0
9308,VP018,128,nback,0
9309,VP018,129,nback,0
9310,VP018,130,nback,0
9311,VP018,131,nback,0
9312,VP018,132,nback,0
9313,VP018,133,nback,0
9314,VP018,134,nback,0
9315,VP018,135,nback,0
9316,VP018,136,nback,0
9317,VP018,137,nback,0
9318,VP018,138,nback,0
9319,VP018,139,nback,0
9320,VP018,140,nback,0
9321,VP018,141,nback,2
9322,VP018,142,nback,2
9323,VP018,143,nback,2
9324,VP018,144,nback,2
9325,VP018,145,nback,2
9326,VP018,146,nback,2
9327,VP018,147,nback,2
9328,VP018,148,nback,2
9329,VP018,149,nback,2
9330,VP018,150,nback,2
9331,VP018,151,nback,2
9332,VP018,152,nback,2
9333,VP018,153,nback,2
9334,VP018,154,nback,2
9335,VP018,155,nback,2
9336,VP018,156,nback,2
9337,VP018,157,nback,2
9338,VP018,158,nback,2
9339,VP018,159,nback,2
9340,VP018,160,nback,2
9341,VP018,161,nback,1
9342,VP018,162,nback,1
9343,VP018,163,nback,1
9344,VP018,164,nback,1
9345,VP018,165,nback,1
9346,VP018,166,nback,1
9347,VP018,167,nback,1
9348,VP018,168,nback,1
9349,VP018,169,nback,1
9350,VP018,170,nback,1
9351,VP018,171,nback,1
9352,VP018,172,nback,1
9353,VP018,173,nback,1
9354,VP018,174,nback,1
9355,VP018,175,nback,1
9356,VP018,176,nback,1
9357,VP018,177,nback,1
9358,VP018,178,nback,1
9359,VP018,179,nback,1
9360,VP018,180,nback,1
9361,VP018,181,nback,1
9362,VP018,182,nback,1
9363,VP018,183,nback,1
9364,VP018,184,nback,1
9365,VP018,185,nback,1
9366,VP018,186,nback,1
9367,VP018,187,nback,1
9368,VP018,188,nback,1
9369,VP018,189,nback,1
9370,VP018,190,nback,1
9371,VP018,191,nback,1
9372,VP018,192,nback,1
9373,VP018,193,nback,1
9374,VP018,194,nback,1
9375,VP018,195,nback,1
9376,VP018,196,nback,1
9377,VP018,197,nback,1
9378,VP018,198,nback,1
9379,VP018,199,nback,1
9380,VP018,200,nback,1
9381,VP018,201,nback,0
9382,VP018,202,nback,0
9383,VP018,203,nback,0
9384,VP018,204,nback,0
9385,VP018,205,nback,0
9386,VP018,206,nback,0
9387,VP018,207,nback,0
9388,VP018,208,nback,0
9389,VP018,209,nback,0
9390,VP018,210,nback,0
9391,VP018,211,nback,0
9392,VP018,212,nback,0
9393,VP018,213,nback,0
9394,VP018,214,nback,0
9395,VP018,215,nback,0
9396,VP018,216,nback,0
9397,VP018,217,nback,0
9398,VP018,218,nback,0
9399,VP018,219,nback,0
9400,VP018,220,nback,0
9401,VP018,221,nback,2
9402,VP018,222,nback,2
9403,VP018,223,nback,2
9404,VP018,224,nback,2
9405,VP018,225,nback,2
9406,VP018,226,nback,2
9407,VP018,227,nback,2
9408,VP018,228,nback,2
9409,VP018,229,nback,2
9410,VP018,230,nback,2
9411,VP018,231,nback,2
9412,VP018,232,nback,2
9413,VP018,233,nback,2
9414,VP018,234,nback,2
9415,VP018,235,nback,2
9416,VP018,236,nback,2
9417,VP018,237,nback,2
9418,VP018,238,nback,2
9419,VP018,239,nback,2
9420,VP018,240,nback,2
9421,VP018,241,nback,0
9422,VP018,242,nback,0
9423,VP018,243,nback,0
9424,VP018,244,nback,0
9425,VP018,245,nback,0
9426,VP018,246,nback,0
9427,VP018,247,nback,0
9428,VP018,248,nback,0
9429,VP018,249,nback,0
9430,VP018,250,nback,0
9431,VP018,251,nback,0
9432,VP018,252,nback,0
9433,VP018,253,nback,0
9434,VP018,254,nback,0
9435,VP018,255,nback,0
9436,VP018,256,nback,0
9437,VP018,257,nback,0
9438,VP018,258,nback,0
9439,VP018,259,nback,0
9440,VP018,260,nback,0
9441,VP018,261,nback,2
9442,VP018,262,nback,2
9443,VP018,263,nback,2
9444,VP018,264,nback,2
9445,VP018,265,nback,2
9446,VP018,266,nback,2
9447,VP018,267,nback,2
9448,VP018,268,nback,2
9449,VP018,269,nback,2
9450,VP018,270,nback,2
9451,VP018,271,nback,2
9452,VP018,272,nback,2
9453,VP018,273,nback,2
9454,VP018,274,nback,2
9455,VP018,275,nback,2
9456,VP018,276,nback,2
9457,VP018,277,nback,2
9458,VP018,278,nback,2
9459,VP018,279,nback,2
9460,VP018,280,nback,2
9461,VP018,281,nback,1
9462,VP018,282,nback,1
9463,VP018,283,nback,1
9464,VP018,284,nback,1
9465,VP018,285,nback,1
9466,VP018,286,nback,1
9467,VP018,287,nback,1
9468,VP018,288,nback,1
9469,VP018,289,nback,1
9470,VP018,290,nback,1
9471,VP018,291,nback,1
9472,VP018,292,nback,1
9473,VP018,293,nback,1
9474,VP018,294,nback,1
9475,VP018,295,nback,1
9476,VP018,296,nback,1
9477,VP018,297,nback,1
9478,VP018,298,nback,1
9479,VP018,299,nback,1
9480,VP018,300,nback,1
9481,VP018,301,nback,2
9482,VP018,302,nback,2
9483,VP018,303,nback,2
9484,VP018,304,nback,2
9485,VP018,305,nback,2
9486,VP018,306,nback,2
9487,VP018,307,nback,2
9488,VP018,308,nback,2
9489,VP018,309,nback,2
9490,VP018,310,nback,2
9491,VP018,311,nback,2
9492,VP018,312,nback,2
9493,VP018,313,nback,2
9494,VP018,314,nback,2
9495,VP018,315,nback,2
9496,VP018,316,nback,2
9497,VP018,317,nback,2
9498,VP018,318,nback,2
9499,VP018,319,nback,2
9500,VP018,320,nback,2
9501,VP018,321,nback,1
9502,VP018,322,nback,1
9503,VP018,323,nback,1
9504,VP018,324,nback,1
9505,VP018,325,nback,1
9506,VP018,326,nback,1
9507,VP018,327,nback,1
9508,VP018,328,nback,1
9509,VP018,329,nback,1
9510,VP018,330,nback,1
9511,VP018,331,nback,1
9512,VP018,332,nback,1
9513,VP018,333,nback,1
9514,VP018,334,nback,1
9515,VP018,335,nback,1
9516,VP018,336,nback,1
9517,VP018,337,nback,1
9518,VP018,338,nback,1
9519,VP018,339,nback,1
9520,VP018,340,nback,1
9521,VP018,341,nback,0
9522,VP018,342,nback,0
9523,VP018,343,nback,0
9524,VP018,344,nback,0
9525,VP018,345,nback,0
9526,VP018,346,nback,0
9527,VP018,347,nback,0
9528,VP018,348,nback,0
9529,VP018,349,nback,0
9530,VP018,350,nback,0
9531,VP018,351,nback,0
9532,VP018,352,nback,0
9533,VP018,353,nback,0
9534,VP018,354,nback,0
9535,VP018,355,nback,0
9536,VP018,356,nback,0
9537,VP018,357,nback,0
9538,VP018,358,nback,0
9539,VP018,359,nback,0
9540,VP018,360,nback,0
9541,VP018,361,nback,0
9542,VP018,362,nback,0
9543,VP018,363,nback,0
9544,VP018,364,nback,0
9545,VP018,365,nback,0
9546,VP018,366,nback,0
9547,VP018,367,nback,0
9548,VP018,368,nback,0
9549,VP018,369,nback,0
9550,VP018,370,nback,0
9551,VP018,371,nback,0
9552,VP018,372,nback,0
9553,VP018,373,nback,0
9554,VP018,374,nback,0
9555,VP018,375,nback,0
9556,VP018,376,nback,0
9557,VP018,377,nback,0
9558,VP018,378,nback,0
9559,VP018,379,nback,0
9560,VP018,380,nback,0
9561,VP018,381,nback,2
9562,VP018,382,nback,2
9563,VP018,383,nback,2
9564,VP018,384,nback,2
9565,VP018,385,nback,2
9566,VP018,386,nback,2
9567,VP018,387,nback,2
9568,VP018,388,nback,2
9569,VP018,389,nback,2
9570,VP018,390,nback,2
9571,VP018,391,nback,2
9572,VP018,392,nback,2
9573,VP018,393,nback,2
9574,VP018,394,nback,2
9575,VP018,395,nback,2
9576,VP018,396,nback,2
9577,VP018,397,nback,2
9578,VP018,398,nback,2
9579,VP018,399,nback,2
9580,VP018,400,nback,2
9581,VP018,401,nback,1
9582,VP018,402,nback,1
9583,VP018,403,nback,1
9584,VP018,404,nback,1
9585,VP018,405,nback,1
9586,VP018,406,nback,1
9587,VP018,407,nback,1
9588,VP018,408,nback,1
9589,VP018,409,nback,1
9590,VP018,410,nback,1
9591,VP018,411,nback,1
9592,VP018,412,nback,1
9593,VP018,413,nback,1
9594,VP018,414,nback,1
9595,VP018,415,nback,1
9596,VP018,416,nback,1
9597,VP018,417,nback,1
9598,VP018,418,nback,1
9599,VP018,419,nback,1
9600,VP018,420,nback,1
9601,VP018,421,nback,2
9602,VP018,422,nback,2
9603,VP018,423,nback,2
9604,VP018,424,nback,2
9605,VP018,425,nback,2
9606,VP018,426,nback,2
9607,VP018,427,nback,2
9608,VP018,428,nback,2
9609,VP018,429,nback,2
9610,VP018,430,nback,2
9611,VP018,431,nback,2
9612,VP018,432,nback,2
9613,VP018,433,nback,2
9614,VP018,434,nback,2
9615,VP018,435,nback,2
9616,VP018,436,nback,2
9617,VP018,437,nback,2
9618,VP018,438,nback,2
9619,VP018,439,nback,2
9620,VP018,440,nback,2
9621,VP018,441,nback,1
9622,VP018,442,nback,1
9623,VP018,443,nback,1
9624,VP018,444,nback,1
9625,VP018,445,nback,1
9626,VP018,446,nback,1
9627,VP018,447,nback,1
9628,VP018,448,nback,1
9629,VP018,449,nback,1
9630,VP018,450,nback,1
9631,VP018,451,nback,1
9632,VP018,452,nback,1
9633,VP018,453,nback,1
9634,VP018,454,nback,1
9635,VP018,455,nback,1
9636,VP018,456,nback,1
9637,VP018,457,nback,1
9638,VP018,458,nback,1
9639,VP018,459,nback,1
9640,VP018,460,nback,1
9641,VP018,461,nback,0
9642,VP018,462,nback,0
9643,VP018,463,nback,0
9644,VP018,464,nback,0
9645,VP018,465,nback,0
9646,VP018,466,nback,0
9647,VP018,467,nback,0
9648,VP018,468,nback,0
9649,VP018,469,nback,0
9650,VP018,470,nback,0
9651,VP018,471,nback,0
9652,VP018,472,nback,0
9653,VP018,473,nback,0
9654,VP018,474,nback,0
9655,VP018,475,nback,0
9656,VP018,476,nback,0
9657,VP018,477,nback,0
9658,VP018,478,nback,0
9659,VP018,479,nback,0
9660,VP018,480,nback,0
9661,VP018,481,nback,1
9662,VP018,482,nback,1
9663,VP018,483,nback,1
9664,VP018,484,nback,1
9665,VP018,485,nback,1
9666,VP018,486,nback,1
9667,VP018,487,nback,1
9668,VP018,488,nback,1
9669,VP018,489,nback,1
9670,VP018,490,nback,1
9671,VP018,491,nback,1
9672,VP018,492,nback,1
9673,VP018,493,nback,1
9674,VP018,494,nback,1
9675,VP018,495,nback,1
9676,VP018,496,nback,1
9677,VP018,497,nback,1
9678,VP018,498,nback,1
9679,VP018,499,nback,1
9680,VP018,500,nback,1
9681,VP018,501,nback,0
9682,VP018,502,nback,0
9683,VP018,503,nback,0
9684,VP018,504,nback,0
9685,VP018,505,nback,0
9686,VP018,506,nback,0
9687,VP018,507,nback,0
9688,VP018,508,nback,0
9689,VP018,509,nback,0
9690,VP018,510,nback,0
9691,VP018,511,nback,0
9692,VP018,512,nback,0
9693,VP018,513,nback,0
9694,VP018,514,nback,0
9695,VP018,515,nback,0
9696,VP018,516,nback,0
9697,VP018,517,nback,0
9698,VP018,518,nback,0
9699,VP018,519,nback,0
9700,VP018,520,nback,0
9701,VP018,521,nback,2
9702,VP018,522,nback,2
9703,VP018,523,nback,2
9704,VP018,524,nback,2
9705,VP018,525,nback,2
9706,VP018,526,nback,2
9707,VP018,527,nback,2
9708,VP018,528,nback,2
9709,VP018,529,nback,2
9710,VP018,530,nback,2
9711,VP018,531,nback,2
9712,VP018,532,nback,2
9713,VP018,533,nback,2
9714,VP018,534,nback,2
9715,VP018,535,nback,2
9716,VP018,536,nback,2
9717,VP018,537,nback,2
9718,VP018,538,nback,2
9719,VP018,539,nback,2
9720,VP018,540,nback,2
9721,VP019,1,nback,2
9722,VP019,2,nback,2
9723,VP019,3,nback,2
9724,VP019,4,nback,2
9725,VP019,5,nback,2
9726,VP019,6,nback,2
9727,VP019,7,nback,2
9728,VP019,8,nback,2
9729,VP019,9,nback,2
9730,VP019,10,nback,2
9731,VP019,11,nback,2
9732,VP019,12,nback,2
9733,VP019,13,nback,2
9734,VP019,14,nback,2
9735,VP019,15,nback,2
9736,VP019,16,nback,2
9737,VP019,17,nback,2
9738,VP019,18,nback,2
9739,VP019,19,nback,2
9740,VP019,20,nback,2
9741,VP019,21,nback,1
9742,VP019,22,nback,1
9743,VP019,23,nback,1
9744,VP019,24,nback,1
9745,VP019,25,nback,1
9746,VP019,26,nback,1
9747,VP019,27,nback,1
9748,VP019,28,nback,1
9749,VP019,29,nback,1
9750,VP019,30,nback,1
9751,VP019,31,nback,1
9752,VP019,32,nback,1
9753,VP019,33,nback,1
9754,VP019,34,nback,1
9755,VP019,35,nback,1
9756,VP019,36,nback,1
9757,VP019,37,nback,1
9758,VP019,38,nback,1
9759,VP019,39,nback,1
9760,VP019,40,nback,1
9761,VP019,41,nback,0
9762,VP019,42,nback,0
9763,VP019,43,nback,0
9764,VP019,44,nback,0
9765,VP019,45,nback,0
9766,VP019,46,nback,0
9767,VP019,47,nback,0
9768,VP019,48,nback,0
9769,VP019,49,nback,0
9770,VP019,50,nback,0
9771,VP019,51,nback,0
9772,VP019,52,nback,0
9773,VP019,53,nback,0
9774,VP019,54,nback,0
9775,VP019,55,nback,0
9776,VP019,56,nback,0
9777,VP019,57,nback,0
9778,VP019,58,nback,0
9779,VP019,59,nback,0
9780,VP019,60,nback,0
9781,VP019,61,nback,1
9782,VP019,62,nback,1
9783,VP019,63,nback,1
9784,VP019,64,nback,1
9785,VP019,65,nback,1
9786,VP019,66,nback,1
9787,VP019,67,nback,1
9788,VP019,68,nback,1
9789,VP019,69,nback,1
9790,VP019,70,nback,1
9791,VP019,71,nback,1
9792,VP019,72,nback,1
9793,VP019,73,nback,1
9794,VP019,74,nback,1
9795,VP019,75,nback,1
9796,VP019,76,nback,1
9797,VP019,77,nback,1
9798,VP019,78,nback,1
9799,VP019,79,nback,1
9800,VP019,80,nback,1
9801,VP019,81,nback,0
9802,VP019,82,nback,0
9803,VP019,83,nback,0
9804,VP019,84,nback,0
9805,VP019,85,nback,0
9806,VP019,86,nback,0
9807,VP019,87,nback,0
9808,VP019,88,nback,0
9809,VP019,89,nback,0
9810,VP019,90,nback,0
9811,VP019,91,nback,0
9812,VP019,92,nback,0
9813,VP019,93,nback,0
9814,VP019,94,nback,0
9815,VP019,95,nback,0
9816,VP019,96,nback,0
9817,VP019,97,nback,0
9818,VP019,98,nback,0
9819,VP019,99,nback,0
9820,VP019,100,nback,0
9821,VP019,101,nback,2
9822,VP019,102,nback,2
9823,VP019,103,nback,2
9824,VP019,104,nback,2
9825,VP019,105,nback,2
9826,VP019,106,nback,2
9827,VP019,107,nback,2
9828,VP019,108,nback,2
9829,VP019,109,nback,2
9830,VP019,110,nback,2
9831,VP019,111,nback,2
9832,VP019,112,nback,2
9833,VP019,113,nback,2
9834,VP019,114,nback,2
9835,VP019,115,nback,2
9836,VP019,116,nback,2
9837,VP019,117,nback,2
9838,VP019,118,nback,2
9839,VP019,119,nback,2
9840,VP019,120,nback,2
9841,VP019,121,nback,0
9842,VP019,122,nback,0
9843,VP019,123,nback,0
9844,VP019,124,nback,0
9845,VP019,125,nback,0
9846,VP019,126,nback,0
9847,VP019,127,nback,0
9848,VP019,128,nback,0
9849,VP019,129,nback,0
9850,VP019,130,nback,0
9851,VP019,131,nback,0
9852,VP019,132,nback,0
9853,VP019,133,nback,0
9854,VP019,134,nback,0
9855,VP019,135,nback,0
9856,VP019,136,nback,0
9857,VP019,137,nback,0
9858,VP019,138,nback,0
9859,VP019,139,nback,0
9860,VP019,140,nback,0
9861,VP019,141,nback,2
9862,VP019,142,nback,2
9863,VP019,143,nback,2
9864,VP019,144,nback,2
9865,VP019,145,nback,2
9866,VP019,146,nback,2
9867,VP019,147,nback,2
9868,VP019,148,nback,2
9869,VP019,149,nback,2
9870,VP019,150,nback,2
9871,VP019,151,nback,2
9872,VP019,152,nback,2
9873,VP019,153,nback,2
9874,VP019,154,nback,2
9875,VP019,155,nback,2
9876,VP019,156,nback,2
9877,VP019,157,nback,2
9878,VP019,158,nback,2
9879,VP019,159,nback,2
9880,VP019,160,nback,2
9881,VP019,161,nback,1
9882,VP019,162,nback,1
9883,VP019,163,nback,1
9884,VP019,164,nback,1
9885,VP019,165,nback,1
9886,VP019,166,nback,1
9887,VP019,167,nback,1
9888,VP019,168,nback,1
9889,VP019,169,nback,1
9890,VP019,170,nback,1
9891,VP019,171,nback,1
9892,VP019,172,nback,1
9893,VP019,173,nback,1
9894,VP019,174,nback,1
9895,VP019,175,nback,1
9896,VP019,176,nback,1
9897,VP019,177,nback,1
9898,VP019,178,nback,1
9899,VP019,179,nback,1
9900,VP019,180,nback,1
9901,VP019,181,nback,1
9902,VP019,182,nback,1
9903,VP019,183,nback,1
9904,VP019,184,nback,1
9905,VP019,185,nback,1
9906,VP019,186,nback,1
9907,VP019,187,nback,1
9908,VP019,188,nback,1
9909,VP019,189,nback,1
9910,VP019,190,nback,1
9911,VP019,191,nback,1
9912,VP019,192,nback,1
9913,VP019,193,nback,1
9914,VP019,194,nback,1
9915,VP019,195,nback,1
9916,VP019,196,nback,1
9917,VP019,197,nback,1
9918,VP019,198,nback,1
9919,VP019,199,nback,1
9920,VP019,200,nback,1
9921,VP019,201,nback,0
9922,VP019,202,nback,0
9923,VP019,203,nback,0
9924,VP019,204,nback,0
9925,VP019,205,nback,0
9926,VP019,206,nback,0
9927,VP019,207,nback,0
9928,VP019,208,nback,0
9929,VP019,209,nback,0
9930,VP019,210,nback,0
9931,VP019,211,nback,0
9932,VP019,212,nback,0
9933,VP019,213,nback,0
9934,VP019,214,nback,0
9935,VP019,215,nback,0
9936,VP019,216,nback,0
9937,VP019,217,nback,0
9938,VP019,218,nback,0
9939,VP019,219,nback,0
9940,VP019,220,nback,0
9941,VP019,221,nback,2
9942,VP019,222,nback,2
9943,VP019,223,nback,2
9944,VP019,224,nback,2
9945,VP019,225,nback,2
9946,VP019,226,nback,2
9947,VP019,227,nback,2
9948,VP019,228,nback,2
9949,VP019,229,nback,2
9950,VP019,230,nback,2
9951,VP019,231,nback,2
9952,VP019,232,nback,2
9953,VP019,233,nback,2
9954,VP019,234,nback,2
9955,VP019,235,nback,2
9956,VP019,236,nback,2
9957,VP019,237,nback,2
9958,VP019,238,nback,2
9959,VP019,239,nback,2
9960,VP019,240,nback,2
9961,VP019,241,nback,0
9962,VP019,242,nback,0
9963,VP019,243,nback,0
9964,VP019,244,nback,0
9965,VP019,245,nback,0
9966,VP019,246,nback,0
9967,VP019,247,nback,0
9968,VP019,248,nback,0
9969,VP019,249,nback,0
9970,VP019,250,nback,0
9971,VP019,251,nback,0
9972,VP019,252,nback,0
9973,VP019,253,nback,0
9974,VP019,254,nback,0
9975,VP019,255,nback,0
9976,VP019,256,nback,0
9977,VP019,257,nback,0
9978,VP019,258,nback,0
9979,VP019,259,nback,0
9980,VP019,260,nback,0
9981,VP019,261,nback,2
9982,VP019,262,nback,2
9983,VP019,263,nback,2
9984,VP019,264,nback,2
9985,VP019,265,nback,2
9986,VP019,266,nback,2
9987,VP019,267,nback,2
9988,VP019,268,nback,2
9989,VP019,269,nback,2
9990,VP019,270,nback,2
9991,VP019,271,nback,2
9992,VP019,272,nback,2
9993,VP019,273,nback,2
9994,VP019,274,nback,2
9995,VP019,275,nback,2
9996,VP019,276,nback,2
9997,VP019,277,nback,2
9998,VP019,278,nback,2
9999,VP019,279,nback,2
10000,VP019,280,nback,2
10001,VP019,281,nback,1
10002,VP019,282,nback,1
10003,VP019,283,nback,1
10004,VP019,284,nback,1
10005,VP019,285,nback,1
10006,VP019,286,nback,1
10007,VP019,287,nback,1
10008,VP019,288,nback,1
10009,VP019,289,nback,1
10010,VP019,290,nback,1
10011,VP019,291,nback,1
10012,VP019,292,nback,1
10013,VP019,293,nback,1
10014,VP019,294,nback,1
10015,VP019,295,nback,1
10016,VP019,296,nback,1
10017,VP019,297,nback,1
10018,VP019,298,nback,1
10019,VP019,299,nback,1
10020,VP019,300,nback,1
10021,VP019,301,nback,2
10022,VP019,302,nback,2
10023,VP019,303,nback,2
10024,VP019,304,nback,2
10025,VP019,305,nback,2
10026,VP019,306,nback,2
10027,VP019,307,nback,2
10028,VP019,308,nback,2
10029,VP019,309,nback,2
10030,VP019,310,nback,2
10031,VP019,311,nback,2
10032,VP019,312,nback,2
10033,VP019,313,nback,2
10034,VP019,314,nback,2
10035,VP019,315,nback,2
10036,VP019,316,nback,2
10037,VP019,317,nback,2
10038,VP019,318,nback,2
10039,VP019,319,nback,2
10040,VP019,320,nback,2
10041,VP019,321,nback,1
10042,VP019,322,nback,1
10043,VP019,323,nback,1
10044,VP019,324,nback,1
10045,VP019,325,nback,1
10046,VP019,326,nback,1
10047,VP019,327,nback,1
10048,VP019,328,nback,1
10049,VP019,329,nback,1
10050,VP019,330,nback,1
10051,VP019,331,nback,1
10052,VP019,332,nback,1
10053,VP019,333,nback,1
10054,VP019,334,nback,1
10055,VP019,335,nback,1
10056,VP019,336,nback,1
10057,VP019,337,nback,1
10058,VP019,338,nback,1
10059,VP019,339,nback,1
10060,VP019,340,nback,1
10061,VP019,341,nback,0
10062,VP019,342,nback,0
10063,VP019,343,nback,0
10064,VP019,344,nback,0
10065,VP019,345,nback,0
10066,VP019,346,nback,0
10067,VP019,347,nback,0
10068,VP019,348,nback,0
10069,VP019,349,nback,0
10070,VP019,350,nback,0
10071,VP019,351,nback,0
10072,VP019,352,nback,0
10073,VP019,353,nback,0
10074,VP019,354,nback,0
10075,VP019,355,nback,0
10076,VP019,356,nback,0
10077,VP019,357,nback,0
10078,VP019,358,nback,0
10079,VP019,359,nback,0
10080,VP019,360,nback,0
10081,VP019,361,nback,0
10082,VP019,362,nback,0
10083,VP019,363,nback,0
10084,VP019,364,nback,0
10085,VP019,365,nback,0
10086,VP019,366,nback,0
10087,VP019,367,nback,0
10088,VP019,368,nback,0
10089,VP019,369,nback,0
10090,VP019,370,nback,0
10091,VP019,371,nback,0
10092,VP019,372,nback,0
10093,VP019,373,nback,0
10094,VP019,374,nback,0
10095,VP019,375,nback,0
10096,VP019,376,nback,0
10097,VP019,377,nback,0
10098,VP019,378,nback,0
10099,VP019,379,nback,0
10100,VP019,380,nback,0
10101,VP019,381,nback,2
10102,VP019,382,nback,2
10103,VP019,383,nback,2
10104,VP019,384,nback,2
10105,VP019,385,nback,2
10106,VP019,386,nback,2
10107,VP019,387,nback,2
10108,VP019,388,nback,2
10109,VP019,389,nback,2
10110,VP019,390,nback,2
10111,VP019,391,nback,2
10112,VP019,392,nback,2
10113,VP019,393,nback,2
10114,VP019,394,nback,2
10115,VP019,395,nback,2
10116,VP019,396,nback,2
10117,VP019,397,nback,2
10118,VP019,398,nback,2
10119,VP019,399,nback,2
10120,VP019,400,nback,2
10121,VP019,401,nback,1
10122,VP019,402,nback,1
10123,VP019,403,nback,1
10124,VP019,404,nback,1
10125,VP019,405,nback,1
10126,VP019,406,nback,1
10127,VP019,407,nback,1
10128,VP019,408,nback,1
10129,VP019,409,nback,1
10130,VP019,410,nback,1
10131,VP019,411,nback,1
10132,VP019,412,nback,1
10133,VP019,413,nback,1
10134,VP019,414,nback,1
10135,VP019,415,nback,1
10136,VP019,416,nback,1
10137,VP019,417,nback,1
10138,VP019,418,nback,1
10139,VP019,419,nback,1
10140,VP019,420,nback,1
10141,VP019,421,nback,2
10142,VP019,422,nback,2
10143,VP019,423,nback,2
10144,VP019,424,nback,2
10145,VP019,425,nback,2
10146,VP019,426,nback,2
10147,VP019,427,nback,2
10148,VP019,428,nback,2
10149,VP019,429,nback,2
10150,VP019,430,nback,2
10151,VP019,431,nback,2
10152,VP019,432,nback,2
10153,VP019,433,nback,2
10154,VP019,434,nback,2
10155,VP019,435,nback,2
10156,VP019,436,nback,2
10157,VP019,437,nback,2
10158,VP019,438,nback,2
10159,VP019,439,nback,2
10160,VP019,440,nback,2
10161,VP019,441,nback,1
10162,VP019,442,nback,1
10163,VP019,443,nback,1
10164,VP019,444,nback,1
10165,VP019,445,nback,1
10166,VP019,446,nback,1
10167,VP019,447,nback,1
10168,VP019,448,nback,1
10169,VP019,449,nback,1
10170,VP019,450,nback,1
10171,VP019,451,nback,1
10172,VP019,452,nback,1
10173,VP019,453,nback,1
10174,VP019,454,nback,1
10175,VP019,455,nback,1
10176,VP019,456,nback,1
10177,VP019,457,nback,1
10178,VP019,458,nback,1
10179,VP019,459,nback,1
10180,VP019,460,nback,1
10181,VP019,461,nback,0
10182,VP019,462,nback,0
10183,VP019,463,nback,0
10184,VP019,464,nback,0
10185,VP019,465,nback,0
10186,VP019,466,nback,0
10187,VP019,467,nback,0
10188,VP019,468,nback,0
10189,VP019,469,nback,0
10190,VP019,470,nback,0
10191,VP019,471,nback,0
10192,VP019,472,nback,0
10193,VP019,473,nback,0
10194,VP019,474,nback,0
10195,VP019,475,nback,0
10196,VP019,476,nback,0
10197,VP019,477,nback,0
10198,VP019,478,nback,0
10199,VP019,479,nback,0
10200,VP019,480,nback,0
10201,VP019,481,nback,1
10202,VP019,482,nback,1
10203,VP019,483,nback,1
10204,VP019,484,nback,1
10205,VP019,485,nback,1
10206,VP019,486,nback,1
10207,VP019,487,nback,1
10208,VP019,488,nback,1
10209,VP019,489,nback,1
10210,VP019,490,nback,1
10211,VP019,491,nback,1
10212,VP019,492,nback,1
10213,VP019,493,nback,1
10214,VP019,494,nback,1
10215,VP019,495,nback,1
10216,VP019,496,nback,1
10217,VP019,497,nback,1
10218,VP019,498,nback,1
10219,VP019,499,nback,1
10220,VP019,500,nback,1
10221,VP019,501,nback,0
10222,VP019,502,nback,0
10223,VP019,503,nback,0
10224,VP019,504,nback,0
10225,VP019,505,nback,0
10226,VP019,506,nback,0
10227,VP019,507,nback,0
10228,VP019,508,nback,0
10229,VP019,509,nback,0
10230,VP019,510,nback,0
10231,VP019,511,nback,0
10232,VP019,512,nback,0
10233,VP019,513,nback,0
10234,VP019,514,nback,0
10235,VP019,515,nback,0
10236,VP019,516,nback,0
10237,VP019,517,nback,0
10238,VP019,518,nback,0
10239,VP019,519,nback,0
10240,VP019,520,nback,0
10241,VP019,521,nback,2
10242,VP019,522,nback,2
10243,VP019,523,nback,2
10244,VP019,524,nback,2
10245,VP019,525,nback,2
10246,VP019,526,nback,2
10247,VP019,527,nback,2
10248,VP019,528,nback,2
10249,VP019,529,nback,2
10250,VP019,530,nback,2
10251,VP019,531,nback,2
10252,VP019,532,nback,2
10253,VP019,533,nback,2
10254,VP019,534,nback,2
10255,VP019,535,nback,2
10256,VP019,536,nback,2
10257,VP019,537,nback,2
10258,VP019,538,nback,2
10259,VP019,539,nback,2
10260,VP019,540,nback,2
10261,VP020,1,nback,2
10262,VP020,2,nback,2
10263,VP020,3,nback,2
10264,VP020,4,nback,2
10265,VP020,5,nback,2
10266,VP020,6,nback,2
10267,VP020,7,nback,2
10268,VP020,8,nback,2
10269,VP020,9,nback,2
10270,VP020,10,nback,2
10271,VP020,11,nback,2
10272,VP020,12,nback,2
10273,VP020,13,nback,2
10274,VP020,14,nback,2
10275,VP020,15,nback,2
10276,VP020,16,nback,2
10277,VP020,17,nback,2
10278,VP020,18,nback,2
10279,VP020,19,nback,2
10280,VP020,20,nback,2
10281,VP020,21,nback,1
10282,VP020,22,nback,1
10283,VP020,23,nback,1
10284,VP020,24,nback,1
10285,VP020,25,nback,1
10286,VP020,26,nback,1
10287,VP020,27,nback,1
10288,VP020,28,nback,1
10289,VP020,29,nback,1
10290,VP020,30,nback,1
10291,VP020,31,nback,1
10292,VP020,32,nback,1
10293,VP020,33,nback,1
10294,VP020,34,nback,1
10295,VP020,35,nback,1
10296,VP020,36,nback,1
10297,VP020,37,nback,1
10298,VP020,38,nback,1
10299,VP020,39,nback,1
10300,VP020,40,nback,1
10301,VP020,41,nback,0
10302,VP020,42,nback,0
10303,VP020,43,nback,0
10304,VP020,44,nback,0
10305,VP020,45,nback,0
10306,VP020,46,nback,0
10307,VP020,47,nback,0
10308,VP020,48,nback,0
10309,VP020,49,nback,0
10310,VP020,50,nback,0
10311,VP020,51,nback,0
10312,VP020,52,nback,0
10313,VP020,53,nback,0
10314,VP020,54,nback,0
10315,VP020,55,nback,0
10316,VP020,56,nback,0
10317,VP020,57,nback,0
10318,VP020,58,nback,0
10319,VP020,59,nback,0
10320,VP020,60,nback,0
10321,VP020,61,nback,1
10322,VP020,62,nback,1
10323,VP020,63,nback,1
10324,VP020,64,nback,1
10325,VP020,65,nback,1
10326,VP020,66,nback,1
10327,VP020,67,nback,1
10328,VP020,68,nback,1
10329,VP020,69,nback,1
10330,VP020,70,nback,1
10331,VP020,71,nback,1
10332,VP020,72,nback,1
10333,VP020,73,nback,1
10334,VP020,74,nback,1
10335,VP020,75,nback,1
10336,VP020,76,nback,1
10337,VP020,77,nback,1
10338,VP020,78,nback,1
10339,VP020,79,nback,1
10340,VP020,80,nback,1
10341,VP020,81,nback,0
10342,VP020,82,nback,0
10343,VP020,83,nback,0
10344,VP020,84,nback,0
10345,VP020,85,nback,0
10346,VP020,86,nback,0
10347,VP020,87,nback,0
10348,VP020,88,nback,0
10349,VP020,89,nback,0
10350,VP020,90,nback,0
10351,VP020,91,nback,0
10352,VP020,92,nback,0
10353,VP020,93,nback,0
10354,VP020,94,nback,0
10355,VP020,95,nback,0
10356,VP020,96,nback,0
10357,VP020,97,nback,0
10358,VP020,98,nback,0
10359,VP020,99,nback,0
10360,VP020,100,nback,0
10361,VP020,101,nback,2
10362,VP020,102,nback,2
10363,VP020,103,nback,2
10364,VP020,104,nback,2
10365,VP020,105,nback,2
10366,VP020,106,nback,2
10367,VP020,107,nback,2
10368,VP020,108,nback,2
10369,VP020,109,nback,2
10370,VP020,110,nback,2
10371,VP020,111,nback,2
10372,VP020,112,nback,2
10373,VP020,113,nback,2
10374,VP020,114,nback,2
10375,VP020,115,nback,2
10376,VP020,116,nback,2
10377,VP020,117,nback,2
10378,VP020,118,nback,2
10379,VP020,119,nback,2
10380,VP020,120,nback,2
10381,VP020,121,nback,0
10382,VP020,122,nback,0
10383,VP020,123,nback,0
10384,VP020,124,nback,0
10385,VP020,125,nback,0
10386,VP020,126,nback,0
10387,VP020,127,nback,0
10388,VP020,128,nback,0
10389,VP020,129,nback,0
10390,VP020,130,nback,0
10391,VP020,131,nback,0
10392,VP020,132,nback,0
10393,VP020,133,nback,0
10394,VP020,134,nback,0
10395,VP020,135,nback,0
10396,VP020,136,nback,0
10397,VP020,137,nback,0
10398,VP020,138,nback,0
10399,VP020,139,nback,0
10400,VP020,140,nback,0
10401,VP020,141,nback,2
10402,VP020,142,nback,2
10403,VP020,143,nback,2
10404,VP020,144,nback,2
10405,VP020,145,nback,2
10406,VP020,146,nback,2
10407,VP020,147,nback,2
10408,VP020,148,nback,2
10409,VP020,149,nback,2
10410,VP020,150,nback,2
10411,VP020,151,nback,2
10412,VP020,152,nback,2
10413,VP020,153,nback,2
10414,VP020,154,nback,2
10415,VP020,155,nback,2
10416,VP020,156,nback,2
10417,VP020,157,nback,2
10418,VP020,158,nback,2
10419,VP020,159,nback,2
10420,VP020,160,nback,2
10421,VP020,161,nback,1
10422,VP020,162,nback,1
10423,VP020,163,nback,1
10424,VP020,164,nback,1
10425,VP020,165,nback,1
10426,VP020,166,nback,1
10427,VP020,167,nback,1
10428,VP020,168,nback,1
10429,VP020,169,nback,1
10430,VP020,170,nback,1
10431,VP020,171,nback,1
10432,VP020,172,nback,1
10433,VP020,173,nback,1
10434,VP020,174,nback,1
10435,VP020,175,nback,1
10436,VP020,176,nback,1
10437,VP020,177,nback,1
10438,VP020,178,nback,1
10439,VP020,179,nback,1
10440,VP020,180,nback,1
10441,VP020,181,nback,1
10442,VP020,182,nback,1
10443,VP020,183,nback,1
10444,VP020,184,nback,1
10445,VP020,185,nback,1
10446,VP020,186,nback,1
10447,VP020,187,nback,1
10448,VP020,188,nback,1
10449,VP020,189,nback,1
10450,VP020,190,nback,1
10451,VP020,191,nback,1
10452,VP020,192,nback,1
10453,VP020,193,nback,1
10454,VP020,194,nback,1
10455,VP020,195,nback,1
10456,VP020,196,nback,1
10457,VP020,197,nback,1
10458,VP020,198,nback,1
10459,VP020,199,nback,1
10460,VP020,200,nback,1
10461,VP020,201,nback,0
10462,VP020,202,nback,0
10463,VP020,203,nback,0
10464,VP020,204,nback,0
10465,VP020,205,nback,0
10466,VP020,206,nback,0
10467,VP020,207,nback,0
10468,VP020,208,nback,0
10469,VP020,209,nback,0
10470,VP020,210,nback,0
10471,VP020,211,nback,0
10472,VP020,212,nback,0
10473,VP020,213,nback,0
10474,VP020,214,nback,0
10475,VP020,215,nback,0
10476,VP020,216,nback,0
10477,VP020,217,nback,0
10478,VP020,218,nback,0
10479,VP020,219,nback,0
10480,VP020,220,nback,0
10481,VP020,221,nback,2
10482,VP020,222,nback,2
10483,VP020,223,nback,2
10484,VP020,224,nback,2
10485,VP020,225,nback,2
10486,VP020,226,nback,2
10487,VP020,227,nback,2
10488,VP020,228,nback,2
10489,VP020,229,nback,2
10490,VP020,230,nback,2
10491,VP020,231,nback,2
10492,VP020,232,nback,2
10493,VP020,233,nback,2
10494,VP020,234,nback,2
10495,VP020,235,nback,2
10496,VP020,236,nback,2
10497,VP020,237,nback,2
10498,VP020,238,nback,2
10499,VP020,239,nback,2
10500,VP020,240,nback,2
10501,VP020,241,nback,0
10502,VP020,242,nback,0
10503,VP020,243,nback,0
10504,VP020,244,nback,0
10505,VP020,245,nback,0
10506,VP020,246,nback,0
10507,VP020,247,nback,0
10508,VP020,248,nback,0
10509,VP020,249,nback,0
10510,VP020,250,nback,0
10511,VP020,251,nback,0
10512,VP020,252,nback,0
10513,VP020,253,nback,0
10514,VP020,254,nback,0
10515,VP020,255,nback,0
10516,VP020,256,nback,0
10517,VP020,257,nback,0
10518,VP020,258,nback,0
10519,VP020,259,nback,0
10520,VP020,260,nback,0
10521,VP020,261,nback,2
10522,VP020,262,nback,2
10523,VP020,263,nback,2
10524,VP020,264,nback,2
10525,VP020,265,nback,2
10526,VP020,266,nback,2
10527,VP020,267,nback,2
10528,VP020,268,nback,2
10529,VP020,269,nback,2
10530,VP020,270,nback,2
10531,VP020,271,nback,2
10532,VP020,272,nback,2
10533,VP020,273,nback,2
10534,VP020,274,nback,2
10535,VP020,275,nback,2
10536,VP020,276,nback,2
10537,VP020,277,nback,2
10538,VP020,278,nback,2
10539,VP020,279,nback,2
10540,VP020,280,nback,2
10541,VP020,281,nback,1
10542,VP020,282,nback,1
10543,VP020,283,nback,1
10544,VP020,284,nback,1
10545,VP020,285,nback,1
10546,VP020,286,nback,1
10547,VP020,287,nback,1
10548,VP020,288,nback,1
10549,VP020,289,nback,1
10550,VP020,290,nback,1
10551,VP020,291,nback,1
10552,VP020,292,nback,1
10553,VP020,293,nback,1
10554,VP020,294,nback,1
10555,VP020,295,nback,1
10556,VP020,296,nback,1
10557,VP020,297,nback,1
10558,VP020,298,nback,1
10559,VP020,299,nback,1
10560,VP020,300,nback,1
10561,VP020,301,nback,2
10562,VP020,302,nback,2
10563,VP020,303,nback,2
10564,VP020,304,nback,2
10565,VP020,305,nback,2
10566,VP020,306,nback,2
10567,VP020,307,nback,2
10568,VP020,308,nback,2
10569,VP020,309,nback,2
10570,VP020,310,nback,2
10571,VP020,311,nback,2
10572,VP020,312,nback,2
10573,VP020,313,nback,2
10574,VP020,314,nback,2
10575,VP020,315,nback,2
10576,VP020,316,nback,2
10577,VP020,317,nback,2
10578,VP020,318,nback,2
10579,VP020,319,nback,2
10580,VP020,320,nback,2
10581,VP020,321,nback,1
10582,VP020,322,nback,1
10583,VP020,323,nback,1
10584,VP020,324,nback,1
10585,VP020,325,nback,1
10586,VP020,326,nback,1
10587,VP020,327,nback,1
10588,VP020,328,nback,1
10589,VP020,329,nback,1
10590,VP020,330,nback,1
10591,VP020,331,nback,1
10592,VP020,332,nback,1
10593,VP020,333,nback,1
10594,VP020,334,nback,1
10595,VP020,335,nback,1
10596,VP020,336,nback,1
10597,VP020,337,nback,1
10598,VP020,338,nback,1
10599,VP020,339,nback,1
10600,VP020,340,nback,1
10601,VP020,341,nback,0
10602,VP020,342,nback,0
10603,VP020,343,nback,0
10604,VP020,344,nback,0
10605,VP020,345,nback,0
10606,VP020,346,nback,0
10607,VP020,347,nback,0
10608,VP020,348,nback,0
10609,VP020,349,nback,0
10610,VP020,350,nback,0
10611,VP020,351,nback,0
10612,VP020,352,nback,0
10613,VP020,353,nback,0
10614,VP020,354,nback,0
10615,VP020,355,nback,0
10616,VP020,356,nback,0
10617,VP020,357,nback,0
10618,VP020,358,nback,0
10619,VP020,359,nback,0
10620,VP020,360,nback,0
10621,VP020,361,nback,0
10622,VP020,362,nback,0
10623,VP020,363,nback,0
10624,VP020,364,nback,0
10625,VP020,365,nback,0
10626,VP020,366,nback,0
10627,VP020,367,nback,0
10628,VP020,368,nback,0
10629,VP020,369,nback,0
10630,VP020,370,nback,0
10631,VP020,371,nback,0
10632,VP020,372,nback,0
10633,VP020,373,nback,0
10634,VP020,374,nback,0
10635,VP020,375,nback,0
10636,VP020,376,nback,0
10637,VP020,377,nback,0
10638,VP020,378,nback,0
10639,VP020,379,nback,0
10640,VP020,380,nback,0
10641,VP020,381,nback,2
10642,VP020,382,nback,2
10643,VP020,383,nback,2
10644,VP020,384,nback,2
10645,VP020,385,nback,2
10646,VP020,386,nback,2
10647,VP020,387,nback,2
10648,VP020,388,nback,2
10649,VP020,389,nback,2
10650,VP020,390,nback,2
10651,VP020,391,nback,2
10652,VP020,392,nback,2
10653,VP020,393,nback,2
10654,VP020,394,nback,2
10655,VP020,395,nback,2
10656,VP020,396,nback,2
10657,VP020,397,nback,2
10658,VP020,398,nback,2
10659,VP020,399,nback,2
10660,VP020,400,nback,2
10661,VP020,401,nback,1
10662,VP020,402,nback,1
10663,VP020,403,nback,1
10664,VP020,404,nback,1
10665,VP020,405,nback,1
10666,VP020,406,nback,1
10667,VP020,407,nback,1
10668,VP020,408,nback,1
10669,VP020,409,nback,1
10670,VP020,410,nback,1
10671,VP020,411,nback,1
10672,VP020,412,nback,1
10673,VP020,413,nback,1
10674,VP020,414,nback,1
10675,VP020,415,nback,1
10676,VP020,416,nback,1
10677,VP020,417,nback,1
10678,VP020,418,nback,1
10679,VP020,419,nback,1
10680,VP020,420,nback,1
10681,VP020,421,nback,2
10682,VP020,422,nback,2
10683,VP020,423,nback,2
10684,VP020,424,nback,2
10685,VP020,425,nback,2
10686,VP020,426,nback,2
10687,VP020,427,nback,2
10688,VP020,428,nback,2
10689,VP020,429,nback,2
10690,VP020,430,nback,2
10691,VP020,431,nback,2
10692,VP020,432,nback,2
10693,VP020,433,nback,2
10694,VP020,434,nback,2
10695,VP020,435,nback,2
10696,VP020,436,nback,2
10697,VP020,437,nback,2
10698,VP020,438,nback,2
10699,VP020,439,nback,2
10700,VP020,440,nback,2
10701,VP020,441,nback,1
10702,VP020,442,nback,1
10703,VP020,443,nback,1
10704,VP020,444,nback,1
10705,VP020,445,nback,1
10706,VP020,446,nback,1
10707,VP020,447,nback,1
10708,VP020,448,nback,1
10709,VP020,449,nback,1
10710,VP020,450,nback,1
10711,VP020,451,nback,1
10712,VP020,452,nback,1
10713,VP020,453,nback,1
10714,VP020,454,nback,1
10715,VP020,455,nback,1
10716,VP020,456,nback,1
10717,VP020,457,nback,1
10718,VP020,458,nback,1
10719,VP020,459,nback,1
10720,VP020,460,nback,1
10721,VP020,461,nback,0
10722,VP020,462,nback,0
10723,VP020,463,nback,0
10724,VP020,464,nback,0
10725,VP020,465,nback,0
10726,VP020,466,nback,0
10727,VP020,467,nback,0
10728,VP020,468,nback,0
10729,VP020,469,nback,0
10730,VP020,470,nback,0
10731,VP020,471,nback,0
10732,VP020,472,nback,0
10733,VP020,473,nback,0
10734,VP020,474,nback,0
10735,VP020,475,nback,0
10736,VP020,476,nback,0
10737,VP020,477,nback,0
10738,VP020,478,nback,0
10739,VP020,479,nback,0
10740,VP020,480,nback,0
10741,VP020,481,nback,1
10742,VP020,482,nback,1
10743,VP020,483,nback,1
10744,VP020,484,nback,1
10745,VP020,485,nback,1
10746,VP020,486,nback,1
10747,VP020,487,nback,1
10748,VP020,488,nback,1
10749,VP020,489,nback,1
10750,VP020,490,nback,1
10751,VP020,491,nback,1
10752,VP020,492,nback,1
10753,VP020,493,nback,1
10754,VP020,494,nback,1
10755,VP020,495,nback,1
10756,VP020,496,nback,1
10757,VP020,497,nback,1
10758,VP020,498,nback,1
10759,VP020,499,nback,1
10760,VP020,500,nback,1
10761,VP020,501,nback,0
10762,VP020,502,nback,0
10763,VP020,503,nback,0
10764,VP020,504,nback,0
10765,VP020,505,nback,0
10766,VP020,506,nback,0
10767,VP020,507,nback,0
10768,VP020,508,nback,0
10769,VP020,509,nback,0
10770,VP020,510,nback,0
10771,VP020,511,nback,0
10772,VP020,512,nback,0
10773,VP020,513,nback,0
10774,VP020,514,nback,0
10775,VP020,515,nback,0
10776,VP020,516,nback,0
10777,VP020,517,nback,0
10778,VP020,518,nback,0
10779,VP020,519,nback,0
10780,VP020,520,nback,0
10781,VP020,521,nback,2
10782,VP020,522,nback,2
10783,VP020,523,nback,2
10784,VP020,524,nback,2
10785,VP020,525,nback,2
10786,VP020,526,nback,2
10787,VP020,527,nback,2
10788,VP020,528,nback,2
10789,VP020,529,nback,2
10790,VP020,530,nback,2
10791,VP020,531,nback,2
10792,VP020,532,nback,2
10793,VP020,533,nback,2
10794,VP020,534,nback,2
10795,VP020,535,nback,2
10796,VP020,536,nback,2
10797,VP020,537,nback,2
10798,VP020,538,nback,2
10799,VP020,539,nback,2
10800,VP020,540,nback,2
10801,VP021,1,nback,2
10802,VP021,2,nback,2
10803,VP021,3,nback,2
10804,VP021,4,nback,2
10805,VP021,5,nback,2
10806,VP021,6,nback,2
10807,VP021,7,nback,2
10808,VP021,8,nback,2
10809,VP021,9,nback,2
10810,VP021,10,nback,2
10811,VP021,11,nback,2
10812,VP021,12,nback,2
10813,VP021,13,nback,2
10814,VP021,14,nback,2
10815,VP021,15,nback,2
10816,VP021,16,nback,2
10817,VP021,17,nback,2
10818,VP021,18,nback,2
10819,VP021,19,nback,2
10820,VP021,20,nback,2
10821,VP021,21,nback,1
10822,VP021,22,nback,1
10823,VP021,23,nback,1
10824,VP021,24,nback,1
10825,VP021,25,nback,1
10826,VP021,26,nback,1
10827,VP021,27,nback,1
10828,VP021,28,nback,1
10829,VP021,29,nback,1
10830,VP021,30,nback,1
10831,VP021,31,nback,1
10832,VP021,32,nback,1
10833,VP021,33,nback,1
10834,VP021,34,nback,1
10835,VP021,35,nback,1
10836,VP021,36,nback,1
10837,VP021,37,nback,1
10838,VP021,38,nback,1
10839,VP021,39,nback,1
10840,VP021,40,nback,1
10841,VP021,41,nback,0
10842,VP021,42,nback,0
10843,VP021,43,nback,0
10844,VP021,44,nback,0
10845,VP021,45,nback,0
10846,VP021,46,nback,0
10847,VP021,47,nback,0
10848,VP021,48,nback,0
10849,VP021,49,nback,0
10850,VP021,50,nback,0
10851,VP021,51,nback,0
10852,VP021,52,nback,0
10853,VP021,53,nback,0
10854,VP021,54,nback,0
10855,VP021,55,nback,0
10856,VP021,56,nback,0
10857,VP021,57,nback,0
10858,VP021,58,nback,0
10859,VP021,59,nback,0
10860,VP021,60,nback,0
10861,VP021,61,nback,1
10862,VP021,62,nback,1
10863,VP021,63,nback,1
10864,VP021,64,nback,1
10865,VP021,65,nback,1
10866,VP021,66,nback,1
10867,VP021,67,nback,1
10868,VP021,68,nback,1
10869,VP021,69,nback,1
10870,VP021,70,nback,1
10871,VP021,71,nback,1
10872,VP021,72,nback,1
10873,VP021,73,nback,1
10874,VP021,74,nback,1
10875,VP021,75,nback,1
10876,VP021,76,nback,1
10877,VP021,77,nback,1
10878,VP021,78,nback,1
10879,VP021,79,nback,1
10880,VP021,80,nback,1
10881,VP021,81,nback,0
10882,VP021,82,nback,0
10883,VP021,83,nback,0
10884,VP021,84,nback,0
10885,VP021,85,nback,0
10886,VP021,86,nback,0
10887,VP021,87,nback,0
10888,VP021,88,nback,0
10889,VP021,89,nback,0
10890,VP021,90,nback,0
10891,VP021,91,nback,0
10892,VP021,92,nback,0
10893,VP021,93,nback,0
10894,VP021,94,nback,0
10895,VP021,95,nback,0
10896,VP021,96,nback,0
10897,VP021,97,nback,0
10898,VP021,98,nback,0
10899,VP021,99,nback,0
10900,VP021,100,nback,0
10901,VP021,101,nback,2
10902,VP021,102,nback,2
10903,VP021,103,nback,2
10904,VP021,104,nback,2
10905,VP021,105,nback,2
10906,VP021,106,nback,2
10907,VP021,107,nback,2
10908,VP021,108,nback,2
10909,VP021,109,nback,2
10910,VP021,110,nback,2
10911,VP021,111,nback,2
10912,VP021,112,nback,2
10913,VP021,113,nback,2
10914,VP021,114,nback,2
10915,VP021,115,nback,2
10916,VP021,116,nback,2
10917,VP021,117,nback,2
10918,VP021,118,nback,2
10919,VP021,119,nback,2
10920,VP021,120,nback,2
10921,VP021,121,nback,0
10922,VP021,122,nback,0
10923,VP021,123,nback,0
10924,VP021,124,nback,0
10925,VP021,125,nback,0
10926,VP021,126,nback,0
10927,VP021,127,nback,0
10928,VP021,128,nback,0
10929,VP021,129,nback,0
10930,VP021,130,nback,0
10931,VP021,131,nback,0
10932,VP021,132,nback,0
10933,VP021,133,nback,0
10934,VP021,134,nback,0
10935,VP021,135,nback,0
10936,VP021,136,nback,0
10937,VP021,137,nback,0
10938,VP021,138,nback,0
10939,VP021,139,nback,0
10940,VP021,140,nback,0
10941,VP021,141,nback,2
10942,VP021,142,nback,2
10943,VP021,143,nback,2
10944,VP021,144,nback,2
10945,VP021,145,nback,2
10946,VP021,146,nback,2
10947,VP021,147,nback,2
10948,VP021,148,nback,2
10949,VP021,149,nback,2
10950,VP021,150,nback,2
10951,VP021,151,nback,2
10952,VP021,152,nback,2
10953,VP021,153,nback,2
10954,VP021,154,nback,2
10955,VP021,155,nback,2
10956,VP021,156,nback,2
10957,VP021,157,nback,2
10958,VP021,158,nback,2
10959,VP021,159,nback,2
10960,VP021,160,nback,2
10961,VP021,161,nback,1
10962,VP021,162,nback,1
10963,VP021,163,nback,1
10964,VP021,164,nback,1
10965,VP021,165,nback,1
10966,VP021,166,nback,1
10967,VP021,167,nback,1
10968,VP021,168,nback,1
10969,VP021,169,nback,1
10970,VP021,170,nback,1
10971,VP021,171,nback,1
10972,VP021,172,nback,1
10973,VP021,173,nback,1
10974,VP021,174,nback,1
10975,VP021,175,nback,1
10976,VP021,176,nback,1
10977,VP021,177,nback,1
10978,VP021,178,nback,1
10979,VP021,179,nback,1
10980,VP021,180,nback,1
10981,VP021,181,nback,1
10982,VP021,182,nback,1
10983,VP021,183,nback,1
10984,VP021,184,nback,1
10985,VP021,185,nback,1
10986,VP021,186,nback,1
10987,VP021,187,nback,1
10988,VP021,188,nback,1
10989,VP021,189,nback,1
10990,VP021,190,nback,1
10991,VP021,191,nback,1
10992,VP021,192,nback,1
10993,VP021,193,nback,1
10994,VP021,194,nback,1
10995,VP021,195,nback,1
10996,VP021,196,nback,1
10997,VP021,197,nback,1
10998,VP021,198,nback,1
10999,VP021,199,nback,1
11000,VP021,200,nback,1
11001,VP021,201,nback,0
11002,VP021,202,nback,0
11003,VP021,203,nback,0
11004,VP021,204,nback,0
11005,VP021,205,nback,0
11006,VP021,206,nback,0
11007,VP021,207,nback,0
11008,VP021,208,nback,0
11009,VP021,209,nback,0
11010,VP021,210,nback,0
11011,VP021,211,nback,0
11012,VP021,212,nback,0
11013,VP021,213,nback,0
11014,VP021,214,nback,0
11015,VP021,215,nback,0
11016,VP021,216,nback,0
11017,VP021,217,nback,0
11018,VP021,218,nback,0
11019,VP021,219,nback,0
11020,VP021,220,nback,0
11021,VP021,221,nback,2
11022,VP021,222,nback,2
11023,VP021,223,nback,2
11024,VP021,224,nback,2
11025,VP021,225,nback,2
11026,VP021,226,nback,2
11027,VP021,227,nback,2
11028,VP021,228,nback,2
11029,VP021,229,nback,2
11030,VP021,230,nback,2
11031,VP021,231,nback,2
11032,VP021,232,nback,2
11033,VP021,233,nback,2
11034,VP021,234,nback,2
11035,VP021,235,nback,2
11036,VP021,236,nback,2
11037,VP021,237,nback,2
11038,VP021,238,nback,2
11039,VP021,239,nback,2
11040,VP021,240,nback,2
11041,VP021,241,nback,0
11042,VP021,242,nback,0
11043,VP021,243,nback,0
11044,VP021,244,nback,0
11045,VP021,245,nback,0
11046,VP021,246,nback,0
11047,VP021,247,nback,0
11048,VP021,248,nback,0
11049,VP021,249,nback,0
11050,VP021,250,nback,0
11051,VP021,251,nback,0
11052,VP021,252,nback,0
11053,VP021,253,nback,0
11054,VP021,254,nback,0
11055,VP021,255,nback,0
11056,VP021,256,nback,0
11057,VP021,257,nback,0
11058,VP021,258,nback,0
11059,VP021,259,nback,0
11060,VP021,260,nback,0
11061,VP021,261,nback,2
11062,VP021,262,nback,2
11063,VP021,263,nback,2
11064,VP021,264,nback,2
11065,VP021,265,nback,2
11066,VP021,266,nback,2
11067,VP021,267,nback,2
11068,VP021,268,nback,2
11069,VP021,269,nback,2
11070,VP021,270,nback,2
11071,VP021,271,nback,2
11072,VP021,272,nback,2
11073,VP021,273,nback,2
11074,VP021,274,nback,2
11075,VP021,275,nback,2
11076,VP021,276,nback,2
11077,VP021,277,nback,2
11078,VP021,278,nback,2
11079,VP021,279,nback,2
11080,VP021,280,nback,2
11081,VP021,281,nback,1
11082,VP021,282,nback,1
11083,VP021,283,nback,1
11084,VP021,284,nback,1
11085,VP021,285,nback,1
11086,VP021,286,nback,1
11087,VP021,287,nback,1
11088,VP021,288,nback,1
11089,VP021,289,nback,1
11090,VP021,290,nback,1
11091,VP021,291,nback,1
11092,VP021,292,nback,1
11093,VP021,293,nback,1
11094,VP021,294,nback,1
11095,VP021,295,nback,1
11096,VP021,296,nback,1
11097,VP021,297,nback,1
11098,VP021,298,nback,1
11099,VP021,299,nback,1
11100,VP021,300,nback,1
11101,VP021,301,nback,2
11102,VP021,302,nback,2
11103,VP021,303,nback,2
11104,VP021,304,nback,2
11105,VP021,305,nback,2
11106,VP021,306,nback,2
11107,VP021,307,nback,2
11108,VP021,308,nback,2
11109,VP021,309,nback,2
11110,VP021,310,nback,2
11111,VP021,311,nback,2
11112,VP021,312,nback,2
11113,VP021,313,nback,2
11114,VP021,314,nback,2
11115,VP021,315,nback,2
11116,VP021,316,nback,2
11117,VP021,317,nback,2
11118,VP021,318,nback,2
11119,VP021,319,nback,2
11120,VP021,320,nback,2
11121,VP021,321,nback,1
11122,VP021,322,nback,1
11123,VP021,323,nback,1
11124,VP021,324,nback,1
11125,VP021,325,nback,1
11126,VP021,326,nback,1
11127,VP021,327,nback,1
11128,VP021,328,nback,1
11129,VP021,329,nback,1
11130,VP021,330,nback,1
11131,VP021,331,nback,1
11132,VP021,332,nback,1
11133,VP021,333,nback,1
11134,VP021,334,nback,1
11135,VP021,335,nback,1
11136,VP021,336,nback,1
11137,VP021,337,nback,1
11138,VP021,338,nback,1
11139,VP021,339,nback,1
11140,VP021,340,nback,1
11141,VP021,341,nback,0
11142,VP021,342,nback,0
11143,VP021,343,nback,0
11144,VP021,344,nback,0
11145,VP021,345,nback,0
11146,VP021,346,nback,0
11147,VP021,347,nback,0
11148,VP021,348,nback,0
11149,VP021,349,nback,0
11150,VP021,350,nback,0
11151,VP021,351,nback,0
11152,VP021,352,nback,0
11153,VP021,353,nback,0
11154,VP021,354,nback,0
11155,VP021,355,nback,0
11156,VP021,356,nback,0
11157,VP021,357,nback,0
11158,VP021,358,nback,0
11159,VP021,359,nback,0
11160,VP021,360,nback,0
11161,VP021,361,nback,0
11162,VP021,362,nback,0
11163,VP021,363,nback,0
11164,VP021,364,nback,0
11165,VP021,365,nback,0
11166,VP021,366,nback,0
11167,VP021,367,nback,0
11168,VP021,368,nback,0
11169,VP021,369,nback,0
11170,VP021,370,nback,0
11171,VP021,371,nback,0
11172,VP021,372,nback,0
11173,VP021,373,nback,0
11174,VP021,374,nback,0
11175,VP021,375,nback,0
11176,VP021,376,nback,0
11177,VP021,377,nback,0
11178,VP021,378,nback,0
11179,VP021,379,nback,0
11180,VP021,380,nback,0
11181,VP021,381,nback,2
11182,VP021,382,nback,2
11183,VP021,383,nback,2
11184,VP021,384,nback,2
11185,VP021,385,nback,2
11186,VP021,386,nback,2
11187,VP021,387,nback,2
11188,VP021,388,nback,2
11189,VP021,389,nback,2
11190,VP021,390,nback,2
11191,VP021,391,nback,2
11192,VP021,392,nback,2
11193,VP021,393,nback,2
11194,VP021,394,nback,2
11195,VP021,395,nback,2
11196,VP021,396,nback,2
11197,VP021,397,nback,2
11198,VP021,398,nback,2
11199,VP021,399,nback,2
11200,VP021,400,nback,2
11201,VP021,401,nback,1
11202,VP021,402,nback,1
11203,VP021,403,nback,1
11204,VP021,404,nback,1
11205,VP021,405,nback,1
11206,VP021,406,nback,1
11207,VP021,407,nback,1
11208,VP021,408,nback,1
11209,VP021,409,nback,1
11210,VP021,410,nback,1
11211,VP021,411,nback,1
11212,VP021,412,nback,1
11213,VP021,413,nback,1
11214,VP021,414,nback,1
11215,VP021,415,nback,1
11216,VP021,416,nback,1
11217,VP021,417,nback,1
11218,VP021,418,nback,1
11219,VP021,419,nback,1
11220,VP021,420,nback,1
11221,VP021,421,nback,2
11222,VP021,422,nback,2
11223,VP021,423,nback,2
11224,VP021,424,nback,2
11225,VP021,425,nback,2
11226,VP021,426,nback,2
11227,VP021,427,nback,2
11228,VP021,428,nback,2
11229,VP021,429,nback,2
11230,VP021,430,nback,2
11231,VP021,431,nback,2
11232,VP021,432,nback,2
11233,VP021,433,nback,2
11234,VP021,434,nback,2
11235,VP021,435,nback,2
11236,VP021,436,nback,2
11237,VP021,437,nback,2
11238,VP021,438,nback,2
11239,VP021,439,nback,2
11240,VP021,440,nback,2
11241,VP021,441,nback,1
11242,VP021,442,nback,1
11243,VP021,443,nback,1
11244,VP021,444,nback,1
11245,VP021,445,nback,1
11246,VP021,446,nback,1
11247,VP021,447,nback,1
11248,VP021,448,nback,1
11249,VP021,449,nback,1
11250,VP021,450,nback,1
11251,VP021,451,nback,1
11252,VP021,452,nback,1
11253,VP021,453,nback,1
11254,VP021,454,nback,1
11255,VP021,455,nback,1
11256,VP021,456,nback,1
11257,VP021,457,nback,1
11258,VP021,458,nback,1
11259,VP021,459,nback,1
11260,VP021,460,nback,1
11261,VP021,461,nback,0
11262,VP021,462,nback,0
11263,VP021,463,nback,0
11264,VP021,464,nback,0
11265,VP021,465,nback,0
11266,VP021,466,nback,0
11267,VP021,467,nback,0
11268,VP021,468,nback,0
11269,VP021,469,nback,0
11270,VP021,470,nback,0
11271,VP021,471,nback,0
11272,VP021,472,nback,0
11273,VP021,473,nback,0
11274,VP021,474,nback,0
11275,VP021,475,nback,0
11276,VP021,476,nback,0
11277,VP021,477,nback,0
11278,VP021,478,nback,0
11279,VP021,479,nback,0
11280,VP021,480,nback,0
11281,VP021,481,nback,1
11282,VP021,482,nback,1
11283,VP021,483,nback,1
11284,VP021,484,nback,1
11285,VP021,485,nback,1
11286,VP021,486,nback,1
11287,VP021,487,nback,1
11288,VP021,488,nback,1
11289,VP021,489,nback,1
11290,VP021,490,nback,1
11291,VP021,491,nback,1
11292,VP021,492,nback,1
11293,VP021,493,nback,1
11294,VP021,494,nback,1
11295,VP021,495,nback,1
11296,VP021,496,nback,1
11297,VP021,497,nback,1
11298,VP021,498,nback,1
11299,VP021,499,nback,1
11300,VP021,500,nback,1
11301,VP021,501,nback,0
11302,VP021,502,nback,0
11303,VP021,503,nback,0
11304,VP021,504,nback,0
11305,VP021,505,nback,0
11306,VP021,506,nback,0
11307,VP021,507,nback,0
11308,VP021,508,nback,0
11309,VP021,509,nback,0
11310,VP021,510,nback,0
11311,VP021,511,nback,0
11312,VP021,512,nback,0
11313,VP021,513,nback,0
11314,VP021,514,nback,0
11315,VP021,515,nback,0
11316,VP021,516,nback,0
11317,VP021,517,nback,0
11318,VP021,518,nback,0
11319,VP021,519,nback,0
11320,VP021,520,nback,0
11321,VP021,521,nback,2
11322,VP021,522,nback,2
11323,VP021,523,nback,2
11324,VP021,524,nback,2
11325,VP021,525,nback,2
11326,VP021,526,nback,2
11327,VP021,527,nback,2
11328,VP021,528,nback,2
11329,VP021,529,nback,2
11330,VP021,530,nback,2
11331,VP021,531,nback,2
11332,VP021,532,nback,2
11333,VP021,533,nback,2
11334,VP021,534,nback,2
11335,VP021,535,nback,2
11336,VP021,536,nback,2
11337,VP021,537,nback,2
11338,VP021,538,nback,2
11339,VP021,539,nback,2
11340,VP021,540,nback,2
11341,VP022,1,nback,2
11342,VP022,2,nback,2
11343,VP022,3,nback,2
11344,VP022,4,nback,2
11345,VP022,5,nback,2
11346,VP022,6,nback,2
11347,VP022,7,nback,2
11348,VP022,8,nback,2
11349,VP022,9,nback,2
11350,VP022,10,nback,2
11351,VP022,11,nback,2
11352,VP022,12,nback,2
11353,VP022,13,nback,2
11354,VP022,14,nback,2
11355,VP022,15,nback,2
11356,VP022,16,nback,2
11357,VP022,17,nback,2
11358,VP022,18,nback,2
11359,VP022,19,nback,2
11360,VP022,20,nback,2
11361,VP022,21,nback,1
11362,VP022,22,nback,1
11363,VP022,23,nback,1
11364,VP022,24,nback,1
11365,VP022,25,nback,1
11366,VP022,26,nback,1
11367,VP022,27,nback,1
11368,VP022,28,nback,1
11369,VP022,29,nback,1
11370,VP022,30,nback,1
11371,VP022,31,nback,1
11372,VP022,32,nback,1
11373,VP022,33,nback,1
11374,VP022,34,nback,1
11375,VP022,35,nback,1
11376,VP022,36,nback,1
11377,VP022,37,nback,1
11378,VP022,38,nback,1
11379,VP022,39,nback,1
11380,VP022,40,nback,1
11381,VP022,41,nback,0
11382,VP022,42,nback,0
11383,VP022,43,nback,0
11384,VP022,44,nback,0
11385,VP022,45,nback,0
11386,VP022,46,nback,0
11387,VP022,47,nback,0
11388,VP022,48,nback,0
11389,VP022,49,nback,0
11390,VP022,50,nback,0
11391,VP022,51,nback,0
11392,VP022,52,nback,0
11393,VP022,53,nback,0
11394,VP022,54,nback,0
11395,VP022,55,nback,0
11396,VP022,56,nback,0
11397,VP022,57,nback,0
11398,VP022,58,nback,0
11399,VP022,59,nback,0
11400,VP022,60,nback,0
11401,VP022,61,nback,1
11402,VP022,62,nback,1
11403,VP022,63,nback,1
11404,VP022,64,nback,1
11405,VP022,65,nback,1
11406,VP022,66,nback,1
11407,VP022,67,nback,1
11408,VP022,68,nback,1
11409,VP022,69,nback,1
11410,VP022,70,nback,1
11411,VP022,71,nback,1
11412,VP022,72,nback,1
11413,VP022,73,nback,1
11414,VP022,74,nback,1
11415,VP022,75,nback,1
11416,VP022,76,nback,1
11417,VP022,77,nback,1
11418,VP022,78,nback,1
11419,VP022,79,nback,1
11420,VP022,80,nback,1
11421,VP022,81,nback,0
11422,VP022,82,nback,0
11423,VP022,83,nback,0
11424,VP022,84,nback,0
11425,VP022,85,nback,0
11426,VP022,86,nback,0
11427,VP022,87,nback,0
11428,VP022,88,nback,0
11429,VP022,89,nback,0
11430,VP022,90,nback,0
11431,VP022,91,nback,0
11432,VP022,92,nback,0
11433,VP022,93,nback,0
11434,VP022,94,nback,0
11435,VP022,95,nback,0
11436,VP022,96,nback,0
11437,VP022,97,nback,0
11438,VP022,98,nback,0
11439,VP022,99,nback,0
11440,VP022,100,nback,0
11441,VP022,101,nback,2
11442,VP022,102,nback,2
11443,VP022,103,nback,2
11444,VP022,104,nback,2
11445,VP022,105,nback,2
11446,VP022,106,nback,2
11447,VP022,107,nback,2
11448,VP022,108,nback,2
11449,VP022,109,nback,2
11450,VP022,110,nback,2
11451,VP022,111,nback,2
11452,VP022,112,nback,2
11453,VP022,113,nback,2
11454,VP022,114,nback,2
11455,VP022,115,nback,2
11456,VP022,116,nback,2
11457,VP022,117,nback,2
11458,VP022,118,nback,2
11459,VP022,119,nback,2
11460,VP022,120,nback,2
11461,VP022,121,nback,0
11462,VP022,122,nback,0
11463,VP022,123,nback,0
11464,VP022,124,nback,0
11465,VP022,125,nback,0
11466,VP022,126,nback,0
11467,VP022,127,nback,0
11468,VP022,128,nback,0
11469,VP022,129,nback,0
11470,VP022,130,nback,0
11471,VP022,131,nback,0
11472,VP022,132,nback,0
11473,VP022,133,nback,0
11474,VP022,134,nback,0
11475,VP022,135,nback,0
11476,VP022,136,nback,0
11477,VP022,137,nback,0
11478,VP022,138,nback,0
11479,VP022,139,nback,0
11480,VP022,140,nback,0
11481,VP022,141,nback,2
11482,VP022,142,nback,2
11483,VP022,143,nback,2
11484,VP022,144,nback,2
11485,VP022,145,nback,2
11486,VP022,146,nback,2
11487,VP022,147,nback,2
11488,VP022,148,nback,2
11489,VP022,149,nback,2
11490,VP022,150,nback,2
11491,VP022,151,nback,2
11492,VP022,152,nback,2
11493,VP022,153,nback,2
11494,VP022,154,nback,2
11495,VP022,155,nback,2
11496,VP022,156,nback,2
11497,VP022,157,nback,2
11498,VP022,158,nback,2
11499,VP022,159,nback,2
11500,VP022,160,nback,2
11501,VP022,161,nback,1
11502,VP022,162,nback,1
11503,VP022,163,nback,1
11504,VP022,164,nback,1
11505,VP022,165,nback,1
11506,VP022,166,nback,1
11507,VP022,167,nback,1
11508,VP022,168,nback,1
11509,VP022,169,nback,1
11510,VP022,170,nback,1
11511,VP022,171,nback,1
11512,VP022,172,nback,1
11513,VP022,173,nback,1
11514,VP022,174,nback,1
11515,VP022,175,nback,1
11516,VP022,176,nback,1
11517,VP022,177,nback,1
11518,VP022,178,nback,1
11519,VP022,179,nback,1
11520,VP022,180,nback,1
11521,VP022,181,nback,1
11522,VP022,182,nback,1
11523,VP022,183,nback,1
11524,VP022,184,nback,1
11525,VP022,185,nback,1
11526,VP022,186,nback,1
11527,VP022,187,nback,1
11528,VP022,188,nback,1
11529,VP022,189,nback,1
11530,VP022,190,nback,1
11531,VP022,191,nback,1
11532,VP022,192,nback,1
11533,VP022,193,nback,1
11534,VP022,194,nback,1
11535,VP022,195,nback,1
11536,VP022,196,nback,1
11537,VP022,197,nback,1
11538,VP022,198,nback,1
11539,VP022,199,nback,1
11540,VP022,200,nback,1
11541,VP022,201,nback,0
11542,VP022,202,nback,0
11543,VP022,203,nback,0
11544,VP022,204,nback,0
11545,VP022,205,nback,0
11546,VP022,206,nback,0
11547,VP022,207,nback,0
11548,VP022,208,nback,0
11549,VP022,209,nback,0
11550,VP022,210,nback,0
11551,VP022,211,nback,0
11552,VP022,212,nback,0
11553,VP022,213,nback,0
11554,VP022,214,nback,0
11555,VP022,215,nback,0
11556,VP022,216,nback,0
11557,VP022,217,nback,0
11558,VP022,218,nback,0
11559,VP022,219,nback,0
11560,VP022,220,nback,0
11561,VP022,221,nback,2
11562,VP022,222,nback,2
11563,VP022,223,nback,2
11564,VP022,224,nback,2
11565,VP022,225,nback,2
11566,VP022,226,nback,2
11567,VP022,227,nback,2
11568,VP022,228,nback,2
11569,VP022,229,nback,2
11570,VP022,230,nback,2
11571,VP022,231,nback,2
11572,VP022,232,nback,2
11573,VP022,233,nback,2
11574,VP022,234,nback,2
11575,VP022,235,nback,2
11576,VP022,236,nback,2
11577,VP022,237,nback,2
11578,VP022,238,nback,2
11579,VP022,239,nback,2
11580,VP022,240,nback,2
11581,VP022,241,nback,0
11582,VP022,242,nback,0
11583,VP022,243,nback,0
11584,VP022,244,nback,0
11585,VP022,245,nback,0
11586,VP022,246,nback,0
11587,VP022,247,nback,0
11588,VP022,248,nback,0
11589,VP022,249,nback,0
11590,VP022,250,nback,0
11591,VP022,251,nback,0
11592,VP022,252,nback,0
11593,VP022,253,nback,0
11594,VP022,254,nback,0
11595,VP022,255,nback,0
11596,VP022,256,nback,0
11597,VP022,257,nback,0
11598,VP022,258,nback,0
11599,VP022,259,nback,0
11600,VP022,260,nback,0
11601,VP022,261,nback,2
11602,VP022,262,nback,2
11603,VP022,263,nback,2
11604,VP022,264,nback,2
11605,VP022,265,nback,2
11606,VP022,266,nback,2
11607,VP022,267,nback,2
11608,VP022,268,nback,2
11609,VP022,269,nback,2
11610,VP022,270,nback,2
11611,VP022,271,nback,2
11612,VP022,272,nback,2
11613,VP022,273,nback,2
11614,VP022,274,nback,2
11615,VP022,275,nback,2
11616,VP022,276,nback,2
11617,VP022,277,nback,2
11618,VP022,278,nback,2
11619,VP022,279,nback,2
11620,VP022,280,nback,2
11621,VP022,281,nback,1
11622,VP022,282,nback,1
11623,VP022,283,nback,1
11624,VP022,284,nback,1
11625,VP022,285,nback,1
11626,VP022,286,nback,1
11627,VP022,287,nback,1
11628,VP022,288,nback,1
11629,VP022,289,nback,1
11630,VP022,290,nback,1
11631,VP022,291,nback,1
11632,VP022,292,nback,1
11633,VP022,293,nback,1
11634,VP022,294,nback,1
11635,VP022,295,nback,1
11636,VP022,296,nback,1
11637,VP022,297,nback,1
11638,VP022,298,nback,1
11639,VP022,299,nback,1
11640,VP022,300,nback,1
11641,VP022,301,nback,2
11642,VP022,302,nback,2
11643,VP022,303,nback,2
11644,VP022,304,nback,2
11645,VP022,305,nback,2
11646,VP022,306,nback,2
11647,VP022,307,nback,2
11648,VP022,308,nback,2
11649,VP022,309,nback,2
11650,VP022,310,nback,2
11651,VP022,311,nback,2
11652,VP022,312,nback,2
11653,VP022,313,nback,2
11654,VP022,314,nback,2
11655,VP022,315,nback,2
11656,VP022,316,nback,2
11657,VP022,317,nback,2
11658,VP022,318,nback,2
11659,VP022,319,nback,2
11660,VP022,320,nback,2
11661,VP022,321,nback,1
11662,VP022,322,nback,1
11663,VP022,323,nback,1
11664,VP022,324,nback,1
11665,VP022,325,nback,1
11666,VP022,326,nback,1
11667,VP022,327,nback,1
11668,VP022,328,nback,1
11669,VP022,329,nback,1
11670,VP022,330,nback,1
11671,VP022,331,nback,1
11672,VP022,332,nback,1
11673,VP022,333,nback,1
11674,VP022,334,nback,1
11675,VP022,335,nback,1
11676,VP022,336,nback,1
11677,VP022,337,nback,1
11678,VP022,338,nback,1
11679,VP022,339,nback,1
11680,VP022,340,nback,1
11681,VP022,341,nback,0
11682,VP022,342,nback,0
11683,VP022,343,nback,0
11684,VP022,344,nback,0
11685,VP022,345,nback,0
11686,VP022,346,nback,0
11687,VP022,347,nback,0
11688,VP022,348,nback,0
11689,VP022,349,nback,0
11690,VP022,350,nback,0
11691,VP022,351,nback,0
11692,VP022,352,nback,0
11693,VP022,353,nback,0
11694,VP022,354,nback,0
11695,VP022,355,nback,0
11696,VP022,356,nback,0
11697,VP022,357,nback,0
11698,VP022,358,nback,0
11699,VP022,359,nback,0
11700,VP022,360,nback,0
11701,VP022,361,nback,0
11702,VP022,362,nback,0
11703,VP022,363,nback,0
11704,VP022,364,nback,0
11705,VP022,365,nback,0
11706,VP022,366,nback,0
11707,VP022,367,nback,0
11708,VP022,368,nback,0
11709,VP022,369,nback,0
11710,VP022,370,nback,0
11711,VP022,371,nback,0
11712,VP022,372,nback,0
11713,VP022,373,nback,0
11714,VP022,374,nback,0
11715,VP022,375,nback,0
11716,VP022,376,nback,0
11717,VP022,377,nback,0
11718,VP022,378,nback,0
11719,VP022,379,nback,0
11720,VP022,380,nback,0
11721,VP022,381,nback,2
11722,VP022,382,nback,2
11723,VP022,383,nback,2
11724,VP022,384,nback,2
11725,VP022,385,nback,2
11726,VP022,386,nback,2
11727,VP022,387,nback,2
11728,VP022,388,nback,2
11729,VP022,389,nback,2
11730,VP022,390,nback,2
11731,VP022,391,nback,2
11732,VP022,392,nback,2
11733,VP022,393,nback,2
11734,VP022,394,nback,2
11735,VP022,395,nback,2
11736,VP022,396,nback,2
11737,VP022,397,nback,2
11738,VP022,398,nback,2
11739,VP022,399,nback,2
11740,VP022,400,nback,2
11741,VP022,401,nback,1
11742,VP022,402,nback,1
11743,VP022,403,nback,1
11744,VP022,404,nback,1
11745,VP022,405,nback,1
11746,VP022,406,nback,1
11747,VP022,407,nback,1
11748,VP022,408,nback,1
11749,VP022,409,nback,1
11750,VP022,410,nback,1
11751,VP022,411,nback,1
11752,VP022,412,nback,1
11753,VP022,413,nback,1
11754,VP022,414,nback,1
11755,VP022,415,nback,1
11756,VP022,416,nback,1
11757,VP022,417,nback,1
11758,VP022,418,nback,1
11759,VP022,419,nback,1
11760,VP022,420,nback,1
11761,VP022,421,nback,2
11762,VP022,422,nback,2
11763,VP022,423,nback,2
11764,VP022,424,nback,2
11765,VP022,425,nback,2
11766,VP022,426,nback,2
11767,VP022,427,nback,2
11768,VP022,428,nback,2
11769,VP022,429,nback,2
11770,VP022,430,nback,2
11771,VP022,431,nback,2
11772,VP022,432,nback,2
11773,VP022,433,nback,2
11774,VP022,434,nback,2
11775,VP022,435,nback,2
11776,VP022,436,nback,2
11777,VP022,437,nback,2
11778,VP022,438,nback,2
11779,VP022,439,nback,2
11780,VP022,440,nback,2
11781,VP022,441,nback,1
11782,VP022,442,nback,1
11783,VP022,443,nback,1
11784,VP022,444,nback,1
11785,VP022,445,nback,1
11786,VP022,446,nback,1
11787,VP022,447,nback,1
11788,VP022,448,nback,1
11789,VP022,449,nback,1
11790,VP022,450,nback,1
11791,VP022,451,nback,1
11792,VP022,452,nback,1
11793,VP022,453,nback,1
11794,VP022,454,nback,1
11795,VP022,455,nback,1
11796,VP022,456,nback,1
11797,VP022,457,nback,1
11798,VP022,458,nback,1
11799,VP022,459,nback,1
11800,VP022,460,nback,1
11801,VP022,461,nback,0
11802,VP022,462,nback,0
11803,VP022,463,nback,0
11804,VP022,464,nback,0
11805,VP022,465,nback,0
11806,VP022,466,nback,0
11807,VP022,467,nback,0
11808,VP022,468,nback,0
11809,VP022,469,nback,0
11810,VP022,470,nback,0
11811,VP022,471,nback,0
11812,VP022,472,nback,0
11813,VP022,473,nback,0
11814,VP022,474,nback,0
11815,VP022,475,nback,0
11816,VP022,476,nback,0
11817,VP022,477,nback,0
11818,VP022,478,nback,0
11819,VP022,479,nback,0
11820,VP022,480,nback,0
11821,VP022,481,nback,1
11822,VP022,482,nback,1
11823,VP022,483,nback,1
11824,VP022,484,nback,1
11825,VP022,485,nback,1
11826,VP022,486,nback,1
11827,VP022,487,nback,1
11828,VP022,488,nback,1
11829,VP022,489,nback,1
11830,VP022,490,nback,1
11831,VP022,491,nback,1
11832,VP022,492,nback,1
11833,VP022,493,nback,1
11834,VP022,494,nback,1
11835,VP022,495,nback,1
11836,VP022,496,nback,1
11837,VP022,497,nback,1
11838,VP022,498,nback,1
11839,VP022,499,nback,1
11840,VP022,500,nback,1
11841,VP022,501,nback,0
11842,VP022,502,nback,0
11843,VP022,503,nback,0
11844,VP022,504,nback,0
11845,VP022,505,nback,0
11846,VP022,506,nback,0
11847,VP022,507,nback,0
11848,VP022,508,nback,0
11849,VP022,509,nback,0
11850,VP022,510,nback,0
11851,VP022,511,nback,0
11852,VP022,512,nback,0
11853,VP022,513,nback,0
11854,VP022,514,nback,0
11855,VP022,515,nback,0
11856,VP022,516,nback,0
11857,VP022,517,nback,0
11858,VP022,518,nback,0
11859,VP022,519,nback,0
11860,VP022,520,nback,0
11861,VP022,521,nback,2
11862,VP022,522,nback,2
11863,VP022,523,nback,2
11864,VP022,524,nback,2
11865,VP022,525,nback,2
11866,VP022,526,nback,2
11867,VP022,527,nback,2
11868,VP022,528,nback,2
11869,VP022,529,nback,2
11870,VP022,530,nback,2
11871,VP022,531,nback,2
11872,VP022,532,nback,2
11873,VP022,533,nback,2
11874,VP022,534,nback,2
11875,VP022,535,nback,2
11876,VP022,536,nback,2
11877,VP022,537,nback,2
11878,VP022,538,nback,2
11879,VP022,539,nback,2
11880,VP022,540,nback,2
11881,VP023,1,nback,2
11882,VP023,2,nback,2
11883,VP023,3,nback,2
11884,VP023,4,nback,2
11885,VP023,5,nback,2
11886,VP023,6,nback,2
11887,VP023,7,nback,2
11888,VP023,8,nback,2
11889,VP023,9,nback,2
11890,VP023,10,nback,2
11891,VP023,11,nback,2
11892,VP023,12,nback,2
11893,VP023,13,nback,2
11894,VP023,14,nback,2
11895,VP023,15,nback,2
11896,VP023,16,nback,2
11897,VP023,17,nback,2
11898,VP023,18,nback,2
11899,VP023,19,nback,2
11900,VP023,20,nback,2
11901,VP023,21,nback,1
11902,VP023,22,nback,1
11903,VP023,23,nback,1
11904,VP023,24,nback,1
11905,VP023,25,nback,1
11906,VP023,26,nback,1
11907,VP023,27,nback,1
11908,VP023,28,nback,1
11909,VP023,29,nback,1
11910,VP023,30,nback,1
11911,VP023,31,nback,1
11912,VP023,32,nback,1
11913,VP023,33,nback,1
11914,VP023,34,nback,1
11915,VP023,35,nback,1
11916,VP023,36,nback,1
11917,VP023,37,nback,1
11918,VP023,38,nback,1
11919,VP023,39,nback,1
11920,VP023,40,nback,1
11921,VP023,41,nback,0
11922,VP023,42,nback,0
11923,VP023,43,nback,0
11924,VP023,44,nback,0
11925,VP023,45,nback,0
11926,VP023,46,nback,0
11927,VP023,47,nback,0
11928,VP023,48,nback,0
11929,VP023,49,nback,0
11930,VP023,50,nback,0
11931,VP023,51,nback,0
11932,VP023,52,nback,0
11933,VP023,53,nback,0
11934,VP023,54,nback,0
11935,VP023,55,nback,0
11936,VP023,56,nback,0
11937,VP023,57,nback,0
11938,VP023,58,nback,0
11939,VP023,59,nback,0
11940,VP023,60,nback,0
11941,VP023,61,nback,1
11942,VP023,62,nback,1
11943,VP023,63,nback,1
11944,VP023,64,nback,1
11945,VP023,65,nback,1
11946,VP023,66,nback,1
11947,VP023,67,nback,1
11948,VP023,68,nback,1
11949,VP023,69,nback,1
11950,VP023,70,nback,1
11951,VP023,71,nback,1
11952,VP023,72,nback,1
11953,VP023,73,nback,1
11954,VP023,74,nback,1
11955,VP023,75,nback,1
11956,VP023,76,nback,1
11957,VP023,77,nback,1
11958,VP023,78,nback,1
11959,VP023,79,nback,1
11960,VP023,80,nback,1
11961,VP023,81,nback,0
11962,VP023,82,nback,0
11963,VP023,83,nback,0
11964,VP023,84,nback,0
11965,VP023,85,nback,0
11966,VP023,86,nback,0
11967,VP023,87,nback,0
11968,VP023,88,nback,0
11969,VP023,89,nback,0
11970,VP023,90,nback,0
11971,VP023,91,nback,0
11972,VP023,92,nback,0
11973,VP023,93,nback,0
11974,VP023,94,nback,0
11975,VP023,95,nback,0
11976,VP023,96,nback,0
11977,VP023,97,nback,0
11978,VP023,98,nback,0
11979,VP023,99,nback,0
11980,VP023,100,nback,0
11981,VP023,101,nback,2
11982,VP023,102,nback,2
11983,VP023,103,nback,2
11984,VP023,104,nback,2
11985,VP023,105,nback,2
11986,VP023,106,nback,2
11987,VP023,107,nback,2
11988,VP023,108,nback,2
11989,VP023,109,nback,2
11990,VP023,110,nback,2
11991,VP023,111,nback,2
11992,VP023,112,nback,2
11993,VP023,113,nback,2
11994,VP023,114,nback,2
11995,VP023,115,nback,2
11996,VP023,116,nback,2
11997,VP023,117,nback,2
11998,VP023,118,nback,2
11999,VP023,119,nback,2
12000,VP023,120,nback,2
12001,VP023,121,nback,0
12002,VP023,122,nback,0
12003,VP023,123,nback,0
12004,VP023,124,nback,0
12005,VP023,125,nback,0
12006,VP023,126,nback,0
12007,VP023,127,nback,0
12008,VP023,128,nback,0
12009,VP023,129,nback,0
12010,VP023,130,nback,0
12011,VP023,131,nback,0
12012,VP023,132,nback,0
12013,VP023,133,nback,0
12014,VP023,134,nback,0
12015,VP023,135,nback,0
12016,VP023,136,nback,0
12017,VP023,137,nback,0
12018,VP023,138,nback,0
12019,VP023,139,nback,0
12020,VP023,140,nback,0
12021,VP023,141,nback,2
12022,VP023,142,nback,2
12023,VP023,143,nback,2
12024,VP023,144,nback,2
12025,VP023,145,nback,2
12026,VP023,146,nback,2
12027,VP023,147,nback,2
12028,VP023,148,nback,2
12029,VP023,149,nback,2
12030,VP023,150,nback,2
12031,VP023,151,nback,2
12032,VP023,152,nback,2
12033,VP023,153,nback,2
12034,VP023,154,nback,2
12035,VP023,155,nback,2
12036,VP023,156,nback,2
12037,VP023,157,nback,2
12038,VP023,158,nback,2
12039,VP023,159,nback,2
12040,VP023,160,nback,2
12041,VP023,161,nback,1
12042,VP023,162,nback,1
12043,VP023,163,nback,1
12044,VP023,164,nback,1
12045,VP023,165,nback,1
12046,VP023,166,nback,1
12047,VP023,167,nback,1
12048,VP023,168,nback,1
12049,VP023,169,nback,1
12050,VP023,170,nback,1
12051,VP023,171,nback,1
12052,VP023,172,nback,1
12053,VP023,173,nback,1
12054,VP023,174,nback,1
12055,VP023,175,nback,1
12056,VP023,176,nback,1
12057,VP023,177,nback,1
12058,VP023,178,nback,1
12059,VP023,179,nback,1
12060,VP023,180,nback,1
12061,VP023,181,nback,1
12062,VP023,182,nback,1
12063,VP023,183,nback,1
12064,VP023,184,nback,1
12065,VP023,185,nback,1
12066,VP023,186,nback,1
12067,VP023,187,nback,1
12068,VP023,188,nback,1
12069,VP023,189,nback,1
12070,VP023,190,nback,1
12071,VP023,191,nback,1
12072,VP023,192,nback,1
12073,VP023,193,nback,1
12074,VP023,194,nback,1
12075,VP023,195,nback,1
12076,VP023,196,nback,1
12077,VP023,197,nback,1
12078,VP023,198,nback,1
12079,VP023,199,nback,1
12080,VP023,200,nback,1
12081,VP023,201,nback,0
12082,VP023,202,nback,0
12083,VP023,203,nback,0
12084,VP023,204,nback,0
12085,VP023,205,nback,0
12086,VP023,206,nback,0
12087,VP023,207,nback,0
12088,VP023,208,nback,0
12089,VP023,209,nback,0
12090,VP023,210,nback,0
12091,VP023,211,nback,0
12092,VP023,212,nback,0
12093,VP023,213,nback,0
12094,VP023,214,nback,0
12095,VP023,215,nback,0
12096,VP023,216,nback,0
12097,VP023,217,nback,0
12098,VP023,218,nback,0
12099,VP023,219,nback,0
12100,VP023,220,nback,0
12101,VP023,221,nback,2
12102,VP023,222,nback,2
12103,VP023,223,nback,2
12104,VP023,224,nback,2
12105,VP023,225,nback,2
12106,VP023,226,nback,2
12107,VP023,227,nback,2
12108,VP023,228,nback,2
12109,VP023,229,nback,2
12110,VP023,230,nback,2
12111,VP023,231,nback,2
12112,VP023,232,nback,2
12113,VP023,233,nback,2
12114,VP023,234,nback,2
12115,VP023,235,nback,2
12116,VP023,236,nback,2
12117,VP023,237,nback,2
12118,VP023,238,nback,2
12119,VP023,239,nback,2
12120,VP023,240,nback,2
12121,VP023,241,nback,0
12122,VP023,242,nback,0
12123,VP023,243,nback,0
12124,VP023,244,nback,0
12125,VP023,245,nback,0
12126,VP023,246,nback,0
12127,VP023,247,nback,0
12128,VP023,248,nback,0
12129,VP023,249,nback,0
12130,VP023,250,nback,0
12131,VP023,251,nback,0
12132,VP023,252,nback,0
12133,VP023,253,nback,0
12134,VP023,254,nback,0
12135,VP023,255,nback,0
12136,VP023,256,nback,0
12137,VP023,257,nback,0
12138,VP023,258,nback,0
12139,VP023,259,nback,0
12140,VP023,260,nback,0
12141,VP023,261,nback,2
12142,VP023,262,nback,2
12143,VP023,263,nback,2
12144,VP023,264,nback,2
12145,VP023,265,nback,2
12146,VP023,266,nback,2
12147,VP023,267,nback,2
12148,VP023,268,nback,2
12149,VP023,269,nback,2
12150,VP023,270,nback,2
12151,VP023,271,nback,2
12152,VP023,272,nback,2
12153,VP023,273,nback,2
12154,VP023,274,nback,2
12155,VP023,275,nback,2
12156,VP023,276,nback,2
12157,VP023,277,nback,2
12158,VP023,278,nback,2
12159,VP023,279,nback,2
12160,VP023,280,nback,2
12161,VP023,281,nback,1
12162,VP023,282,nback,1
12163,VP023,283,nback,1
12164,VP023,284,nback,1
12165,VP023,285,nback,1
12166,VP023,286,nback,1
12167,VP023,287,nback,1
12168,VP023,288,nback,1
12169,VP023,289,nback,1
12170,VP023,290,nback,1
12171,VP023,291,nback,1
12172,VP023,292,nback,1
12173,VP023,293,nback,1
12174,VP023,294,nback,1
12175,VP023,295,nback,1
12176,VP023,296,nback,1
12177,VP023,297,nback,1
12178,VP023,298,nback,1
12179,VP023,299,nback,1
12180,VP023,300,nback,1
12181,VP023,301,nback,2
12182,VP023,302,nback,2
12183,VP023,303,nback,2
12184,VP023,304,nback,2
12185,VP023,305,nback,2
12186,VP023,306,nback,2
12187,VP023,307,nback,2
12188,VP023,308,nback,2
12189,VP023,309,nback,2
12190,VP023,310,nback,2
12191,VP023,311,nback,2
12192,VP023,312,nback,2
12193,VP023,313,nback,2
12194,VP023,314,nback,2
12195,VP023,315,nback,2
12196,VP023,316,nback,2
12197,VP023,317,nback,2
12198,VP023,318,nback,2
12199,VP023,319,nback,2
12200,VP023,320,nback,2
12201,VP023,321,nback,1
12202,VP023,322,nback,1
12203,VP023,323,nback,1
12204,VP023,324,nback,1
12205,VP023,325,nback,1
12206,VP023,326,nback,1
12207,VP023,327,nback,1
12208,VP023,328,nback,1
12209,VP023,329,nback,1
12210,VP023,330,nback,1
12211,VP023,331,nback,1
12212,VP023,332,nback,1
12213,VP023,333,nback,1
12214,VP023,334,nback,1
12215,VP023,335,nback,1
12216,VP023,336,nback,1
12217,VP023,337,nback,1
12218,VP023,338,nback,1
12219,VP023,339,nback,1
12220,VP023,340,nback,1
12221,VP023,341,nback,0
12222,VP023,342,nback,0
12223,VP023,343,nback,0
12224,VP023,344,nback,0
12225,VP023,345,nback,0
12226,VP023,346,nback,0
12227,VP023,347,nback,0
12228,VP023,348,nback,0
12229,VP023,349,nback,0
12230,VP023,350,nback,0
12231,VP023,351,nback,0
12232,VP023,352,nback,0
12233,VP023,353,nback,0
12234,VP023,354,nback,0
12235,VP023,355,nback,0
12236,VP023,356,nback,0
12237,VP023,357,nback,0
12238,VP023,358,nback,0
12239,VP023,359,nback,0
12240,VP023,360,nback,0
12241,VP023,361,nback,0
12242,VP023,362,nback,0
12243,VP023,363,nback,0
12244,VP023,364,nback,0
12245,VP023,365,nback,0
12246,VP023,366,nback,0
12247,VP023,367,nback,0
12248,VP023,368,nback,0
12249,VP023,369,nback,0
12250,VP023,370,nback,0
12251,VP023,371,nback,0
12252,VP023,372,nback,0
12253,VP023,373,nback,0
12254,VP023,374,nback,0
12255,VP023,375,nback,0
12256,VP023,376,nback,0
12257,VP023,377,nback,0
12258,VP023,378,nback,0
12259,VP023,379,nback,0
12260,VP023,380,nback,0
12261,VP023,381,nback,2
12262,VP023,382,nback,2
12263,VP023,383,nback,2
12264,VP023,384,nback,2
12265,VP023,385,nback,2
12266,VP023,386,nback,2
12267,VP023,387,nback,2
12268,VP023,388,nback,2
12269,VP023,389,nback,2
12270,VP023,390,nback,2
12271,VP023,391,nback,2
12272,VP023,392,nback,2
12273,VP023,393,nback,2
12274,VP023,394,nback,2
12275,VP023,395,nback,2
12276,VP023,396,nback,2
12277,VP023,397,nback,2
12278,VP023,398,nback,2
12279,VP023,399,nback,2
12280,VP023,400,nback,2
12281,VP023,401,nback,1
12282,VP023,402,nback,1
12283,VP023,403,nback,1
12284,VP023,404,nback,1
12285,VP023,405,nback,1
12286,VP023,406,nback,1
12287,VP023,407,nback,1
12288,VP023,408,nback,1
12289,VP023,409,nback,1
12290,VP023,410,nback,1
12291,VP023,411,nback,1
12292,VP023,412,nback,1
12293,VP023,413,nback,1
12294,VP023,414,nback,1
12295,VP023,415,nback,1
12296,VP023,416,nback,1
12297,VP023,417,nback,1
12298,VP023,418,nback,1
12299,VP023,419,nback,1
12300,VP023,420,nback,1
12301,VP023,421,nback,2
12302,VP023,422,nback,2
12303,VP023,423,nback,2
12304,VP023,424,nback,2
12305,VP023,425,nback,2
12306,VP023,426,nback,2
12307,VP023,427,nback,2
12308,VP023,428,nback,2
12309,VP023,429,nback,2
12310,VP023,430,nback,2
12311,VP023,431,nback,2
12312,VP023,432,nback,2
12313,VP023,433,nback,2
12314,VP023,434,nback,2
12315,VP023,435,nback,2
12316,VP023,436,nback,2
12317,VP023,437,nback,2
12318,VP023,438,nback,2
12319,VP023,439,nback,2
12320,VP023,440,nback,2
12321,VP023,441,nback,1
12322,VP023,442,nback,1
12323,VP023,443,nback,1
12324,VP023,444,nback,1
12325,VP023,445,nback,1
12326,VP023,446,nback,1
12327,VP023,447,nback,1
12328,VP023,448,nback,1
12329,VP023,449,nback,1
12330,VP023,450,nback,1
12331,VP023,451,nback,1
12332,VP023,452,nback,1
12333,VP023,453,nback,1
12334,VP023,454,nback,1
12335,VP023,455,nback,1
12336,VP023,456,nback,1
12337,VP023,457,nback,1
12338,VP023,458,nback,1
12339,VP023,459,nback,1
12340,VP023,460,nback,1
12341,VP023,461,nback,0
12342,VP023,462,nback,0
12343,VP023,463,nback,0
12344,VP023,464,nback,0
12345,VP023,465,nback,0
12346,VP023,466,nback,0
12347,VP023,467,nback,0
12348,VP023,468,nback,0
12349,VP023,469,nback,0
12350,VP023,470,nback,0
12351,VP023,471,nback,0
12352,VP023,472,nback,0
12353,VP023,473,nback,0
12354,VP023,474,nback,0
12355,VP023,475,nback,0
12356,VP023,476,nback,0
12357,VP023,477,nback,0
12358,VP023,478,nback,0
12359,VP023,479,nback,0
12360,VP023,480,nback,0
12361,VP023,481,nback,1
12362,VP023,482,nback,1
12363,VP023,483,nback,1
12364,VP023,484,nback,1
12365,VP023,485,nback,1
12366,VP023,486,nback,1
12367,VP023,487,nback,1
12368,VP023,488,nback,1
12369,VP023,489,nback,1
12370,VP023,490,nback,1
12371,VP023,491,nback,1
12372,VP023,492,nback,1
12373,VP023,493,nback,1
12374,VP023,494,nback,1
12375,VP023,495,nback,1
12376,VP023,496,nback,1
12377,VP023,497,nback,1
12378,VP023,498,nback,1
12379,VP023,499,nback,1
12380,VP023,500,nback,1
12381,VP023,501,nback,0
12382,VP023,502,nback,0
12383,VP023,503,nback,0
12384,VP023,504,nback,0
12385,VP023,505,nback,0
12386,VP023,506,nback,0
12387,VP023,507,nback,0
12388,VP023,508,nback,0
12389,VP023,509,nback,0
12390,VP023,510,nback,0
12391,VP023,511,nback,0
12392,VP023,512,nback,0
12393,VP023,513,nback,0
12394,VP023,514,nback,0
12395,VP023,515,nback,0
12396,VP023,516,nback,0
12397,VP023,517,nback,0
12398,VP023,518,nback,0
12399,VP023,519,nback,0
12400,VP023,520,nback,0
12401,VP023,521,nback,2
12402,VP023,522,nback,2
12403,VP023,523,nback,2
12404,VP023,524,nback,2
12405,VP023,525,nback,2
12406,VP023,526,nback,2
12407,VP023,527,nback,2
12408,VP023,528,nback,2
12409,VP023,529,nback,2
12410,VP023,530,nback,2
12411,VP023,531,nback,2
12412,VP023,532,nback,2
12413,VP023,533,nback,2
12414,VP023,534,nback,2
12415,VP023,535,nback,2
12416,VP023,536,nback,2
12417,VP023,537,nback,2
12418,VP023,538,nback,2
12419,VP023,539,nback,2
12420,VP023,540,nback,2
12421,VP024,1,nback,2
12422,VP024,2,nback,2
12423,VP024,3,nback,2
12424,VP024,4,nback,2
12425,VP024,5,nback,2
12426,VP024,6,nback,2
12427,VP024,7,nback,2
12428,VP024,8,nback,2
12429,VP024,9,nback,2
12430,VP024,10,nback,2
12431,VP024,11,nback,2
12432,VP024,12,nback,2
12433,VP024,13,nback,2
12434,VP024,14,nback,2
12435,VP024,15,nback,2
12436,VP024,16,nback,2
12437,VP024,17,nback,2
12438,VP024,18,nback,2
12439,VP024,19,nback,2
12440,VP024,20,nback,2
12441,VP024,21,nback,1
12442,VP024,22,nback,1
12443,VP024,23,nback,1
12444,VP024,24,nback,1
12445,VP024,25,nback,1
12446,VP024,26,nback,1
12447,VP024,27,nback,1
12448,VP024,28,nback,1
12449,VP024,29,nback,1
12450,VP024,30,nback,1
12451,VP024,31,nback,1
12452,VP024,32,nback,1
12453,VP024,33,nback,1
12454,VP024,34,nback,1
12455,VP024,35,nback,1
12456,VP024,36,nback,1
12457,VP024,37,nback,1
12458,VP024,38,nback,1
12459,VP024,39,nback,1
12460,VP024,40,nback,1
12461,VP024,41,nback,0
12462,VP024,42,nback,0
12463,VP024,43,nback,0
12464,VP024,44,nback,0
12465,VP024,45,nback,0
12466,VP024,46,nback,0
12467,VP024,47,nback,0
12468,VP024,48,nback,0
12469,VP024,49,nback,0
12470,VP024,50,nback,0
12471,VP024,51,nback,0
12472,VP024,52,nback,0
12473,VP024,53,nback,0
12474,VP024,54,nback,0
12475,VP024,55,nback,0
12476,VP024,56,nback,0
12477,VP024,57,nback,0
12478,VP024,58,nback,0
12479,VP024,59,nback,0
12480,VP024,60,nback,0
12481,VP024,61,nback,1
12482,VP024,62,nback,1
12483,VP024,63,nback,1
12484,VP024,64,nback,1
12485,VP024,65,nback,1
12486,VP024,66,nback,1
12487,VP024,67,nback,1
12488,VP024,68,nback,1
12489,VP024,69,nback,1
12490,VP024,70,nback,1
12491,VP024,71,nback,1
12492,VP024,72,nback,1
12493,VP024,73,nback,1
12494,VP024,74,nback,1
12495,VP024,75,nback,1
12496,VP024,76,nback,1
12497,VP024,77,nback,1
12498,VP024,78,nback,1
12499,VP024,79,nback,1
12500,VP024,80,nback,1
12501,VP024,81,nback,0
12502,VP024,82,nback,0
12503,VP024,83,nback,0
12504,VP024,84,nback,0
12505,VP024,85,nback,0
12506,VP024,86,nback,0
12507,VP024,87,nback,0
12508,VP024,88,nback,0
12509,VP024,89,nback,0
12510,VP024,90,nback,0
12511,VP024,91,nback,0
12512,VP024,92,nback,0
12513,VP024,93,nback,0
12514,VP024,94,nback,0
12515,VP024,95,nback,0
12516,VP024,96,nback,0
12517,VP024,97,nback,0
12518,VP024,98,nback,0
12519,VP024,99,nback,0
12520,VP024,100,nback,0
12521,VP024,101,nback,2
12522,VP024,102,nback,2
12523,VP024,103,nback,2
12524,VP024,104,nback,2
12525,VP024,105,nback,2
12526,VP024,106,nback,2
12527,VP024,107,nback,2
12528,VP024,108,nback,2
12529,VP024,109,nback,2
12530,VP024,110,nback,2
12531,VP024,111,nback,2
12532,VP024,112,nback,2
12533,VP024,113,nback,2
12534,VP024,114,nback,2
12535,VP024,115,nback,2
12536,VP024,116,nback,2
12537,VP024,117,nback,2
12538,VP024,118,nback,2
12539,VP024,119,nback,2
12540,VP024,120,nback,2
12541,VP024,121,nback,0
12542,VP024,122,nback,0
12543,VP024,123,nback,0
12544,VP024,124,nback,0
12545,VP024,125,nback,0
12546,VP024,126,nback,0
12547,VP024,127,nback,0
12548,VP024,128,nback,0
12549,VP024,129,nback,0
12550,VP024,130,nback,0
12551,VP024,131,nback,0
12552,VP024,132,nback,0
12553,VP024,133,nback,0
12554,VP024,134,nback,0
12555,VP024,135,nback,0
12556,VP024,136,nback,0
12557,VP024,137,nback,0
12558,VP024,138,nback,0
12559,VP024,139,nback,0
12560,VP024,140,nback,0
12561,VP024,141,nback,2
12562,VP024,142,nback,2
12563,VP024,143,nback,2
12564,VP024,144,nback,2
12565,VP024,145,nback,2
12566,VP024,146,nback,2
12567,VP024,147,nback,2
12568,VP024,148,nback,2
12569,VP024,149,nback,2
12570,VP024,150,nback,2
12571,VP024,151,nback,2
12572,VP024,152,nback,2
12573,VP024,153,nback,2
12574,VP024,154,nback,2
12575,VP024,155,nback,2
12576,VP024,156,nback,2
12577,VP024,157,nback,2
12578,VP024,158,nback,2
12579,VP024,159,nback,2
12580,VP024,160,nback,2
12581,VP024,161,nback,1
12582,VP024,162,nback,1
12583,VP024,163,nback,1
12584,VP024,164,nback,1
12585,VP024,165,nback,1
12586,VP024,166,nback,1
12587,VP024,167,nback,1
12588,VP024,168,nback,1
12589,VP024,169,nback,1
12590,VP024,170,nback,1
12591,VP024,171,nback,1
12592,VP024,172,nback,1
12593,VP024,173,nback,1
12594,VP024,174,nback,1
12595,VP024,175,nback,1
12596,VP024,176,nback,1
12597,VP024,177,nback,1
12598,VP024,178,nback,1
12599,VP024,179,nback,1
12600,VP024,180,nback,1
12601,VP024,181,nback,1
12602,VP024,182,nback,1
12603,VP024,183,nback,1
12604,VP024,184,nback,1
12605,VP024,185,nback,1
12606,VP024,186,nback,1
12607,VP024,187,nback,1
12608,VP024,188,nback,1
12609,VP024,189,nback,1
12610,VP024,190,nback,1
12611,VP024,191,nback,1
12612,VP024,192,nback,1
12613,VP024,193,nback,1
12614,VP024,194,nback,1
12615,VP024,195,nback,1
12616,VP024,196,nback,1
12617,VP024,197,nback,1
12618,VP024,198,nback,1
12619,VP024,199,nback,1
12620,VP024,200,nback,1
12621,VP024,201,nback,0
12622,VP024,202,nback,0
12623,VP024,203,nback,0
12624,VP024,204,nback,0
12625,VP024,205,nback,0
12626,VP024,206,nback,0
12627,VP024,207,nback,0
12628,VP024,208,nback,0
12629,VP024,209,nback,0
12630,VP024,210,nback,0
12631,VP024,211,nback,0
12632,VP024,212,nback,0
12633,VP024,213,nback,0
12634,VP024,214,nback,0
12635,VP024,215,nback,0
12636,VP024,216,nback,0
12637,VP024,217,nback,0
12638,VP024,218,nback,0
12639,VP024,219,nback,0
12640,VP024,220,nback,0
12641,VP024,221,nback,2
12642,VP024,222,nback,2
12643,VP024,223,nback,2
12644,VP024,224,nback,2
12645,VP024,225,nback,2
12646,VP024,226,nback,2
12647,VP024,227,nback,2
12648,VP024,228,nback,2
12649,VP024,229,nback,2
12650,VP024,230,nback,2
12651,VP024,231,nback,2
12652,VP024,232,nback,2
12653,VP024,233,nback,2
12654,VP024,234,nback,2
12655,VP024,235,nback,2
12656,VP024,236,nback,2
12657,VP024,237,nback,2
12658,VP024,238,nback,2
12659,VP024,239,nback,2
12660,VP024,240,nback,2
12661,VP024,241,nback,0
12662,VP024,242,nback,0
12663,VP024,243,nback,0
12664,VP024,244,nback,0
12665,VP024,245,nback,0
12666,VP024,246,nback,0
12667,VP024,247,nback,0
12668,VP024,248,nback,0
12669,VP024,249,nback,0
12670,VP024,250,nback,0
12671,VP024,251,nback,0
12672,VP024,252,nback,0
12673,VP024,253,nback,0
12674,VP024,254,nback,0
12675,VP024,255,nback,0
12676,VP024,256,nback,0
12677,VP024,257,nback,0
12678,VP024,258,nback,0
12679,VP024,259,nback,0
12680,VP024,260,nback,0
12681,VP024,261,nback,2
12682,VP024,262,nback,2
12683,VP024,263,nback,2
12684,VP024,264,nback,2
12685,VP024,265,nback,2
12686,VP024,266,nback,2
12687,VP024,267,nback,2
12688,VP024,268,nback,2
12689,VP024,269,nback,2
12690,VP024,270,nback,2
12691,VP024,271,nback,2
12692,VP024,272,nback,2
12693,VP024,273,nback,2
12694,VP024,274,nback,2
12695,VP024,275,nback,2
12696,VP024,276,nback,2
12697,VP024,277,nback,2
12698,VP024,278,nback,2
12699,VP024,279,nback,2
12700,VP024,280,nback,2
12701,VP024,281,nback,1
12702,VP024,282,nback,1
12703,VP024,283,nback,1
12704,VP024,284,nback,1
12705,VP024,285,nback,1
12706,VP024,286,nback,1
12707,VP024,287,nback,1
12708,VP024,288,nback,1
12709,VP024,289,nback,1
12710,VP024,290,nback,1
12711,VP024,291,nback,1
12712,VP024,292,nback,1
12713,VP024,293,nback,1
12714,VP024,294,nback,1
12715,VP024,295,nback,1
12716,VP024,296,nback,1
12717,VP024,297,nback,1
12718,VP024,298,nback,1
12719,VP024,299,nback,1
12720,VP024,300,nback,1
12721,VP024,301,nback,2
12722,VP024,302,nback,2
12723,VP024,303,nback,2
12724,VP024,304,nback,2
12725,VP024,305,nback,2
12726,VP024,306,nback,2
12727,VP024,307,nback,2
12728,VP024,308,nback,2
12729,VP024,309,nback,2
12730,VP024,310,nback,2
12731,VP024,311,nback,2
12732,VP024,312,nback,2
12733,VP024,313,nback,2
12734,VP024,314,nback,2
12735,VP024,315,nback,2
12736,VP024,316,nback,2
12737,VP024,317,nback,2
12738,VP024,318,nback,2
12739,VP024,319,nback,2
12740,VP024,320,nback,2
12741,VP024,321,nback,1
12742,VP024,322,nback,1
12743,VP024,323,nback,1
12744,VP024,324,nback,1
12745,VP024,325,nback,1
12746,VP024,326,nback,1
12747,VP024,327,nback,1
12748,VP024,328,nback,1
12749,VP024,329,nback,1
12750,VP024,330,nback,1
12751,VP024,331,nback,1
12752,VP024,332,nback,1
12753,VP024,333,nback,1
12754,VP024,334,nback,1
12755,VP024,335,nback,1
12756,VP024,336,nback,1
12757,VP024,337,nback,1
12758,VP024,338,nback,1
12759,VP024,339,nback,1
12760,VP024,340,nback,1
12761,VP024,341,nback,0
12762,VP024,342,nback,0
12763,VP024,343,nback,0
12764,VP024,344,nback,0
12765,VP024,345,nback,0
12766,VP024,346,nback,0
12767,VP024,347,nback,0
12768,VP024,348,nback,0
12769,VP024,349,nback,0
12770,VP024,350,nback,0
12771,VP024,351,nback,0
12772,VP024,352,nback,0
12773,VP024,353,nback,0
12774,VP024,354,nback,0
12775,VP024,355,nback,0
12776,VP024,356,nback,0
12777,VP024,357,nback,0
12778,VP024,358,nback,0
12779,VP024,359,nback,0
12780,VP024,360,nback,0
12781,VP024,361,nback,0
12782,VP024,362,nback,0
12783,VP024,363,nback,0
12784,VP024,364,nback,0
12785,VP024,365,nback,0
12786,VP024,366,nback,0
12787,VP024,367,nback,0
12788,VP024,368,nback,0
12789,VP024,369,nback,0
12790,VP024,370,nback,0
12791,VP024,371,nback,0
12792,VP024,372,nback,0
12793,VP024,373,nback,0
12794,VP024,374,nback,0
12795,VP024,375,nback,0
12796,VP024,376,nback,0
12797,VP024,377,nback,0
12798,VP024,378,nback,0
12799,VP024,379,nback,0
12800,VP024,380,nback,0
12801,VP024,381,nback,2
12802,VP024,382,nback,2
12803,VP024,383,nback,2
12804,VP024,384,nback,2
12805,VP024,385,nback,2
12806,VP024,386,nback,2
12807,VP024,387,nback,2
12808,VP024,388,nback,2
12809,VP024,389,nback,2
12810,VP024,390,nback,2
12811,VP024,391,nback,2
12812,VP024,392,nback,2
12813,VP024,393,nback,2
12814,VP024,394,nback,2
12815,VP024,395,nback,2
12816,VP024,396,nback,2
12817,VP024,397,nback,2
12818,VP024,398,nback,2
12819,VP024,399,nback,2
12820,VP024,400,nback,2
12821,VP024,401,nback,1
12822,VP024,402,nback,1
12823,VP024,403,nback,1
12824,VP024,404,nback,1
12825,VP024,405,nback,1
12826,VP024,406,nback,1
12827,VP024,407,nback,1
12828,VP024,408,nback,1
12829,VP024,409,nback,1
12830,VP024,410,nback,1
12831,VP024,411,nback,1
12832,VP024,412,nback,1
12833,VP024,413,nback,1
12834,VP024,414,nback,1
12835,VP024,415,nback,1
12836,VP024,416,nback,1
12837,VP024,417,nback,1
12838,VP024,418,nback,1
12839,VP024,419,nback,1
12840,VP024,420,nback,1
12841,VP024,421,nback,2
12842,VP024,422,nback,2
12843,VP024,423,nback,2
12844,VP024,424,nback,2
12845,VP024,425,nback,2
12846,VP024,426,nback,2
12847,VP024,427,nback,2
12848,VP024,428,nback,2
12849,VP024,429,nback,2
12850,VP024,430,nback,2
12851,VP024,431,nback,2
12852,VP024,432,nback,2
12853,VP024,433,nback,2
12854,VP024,434,nback,2
12855,VP024,435,nback,2
12856,VP024,436,nback,2
12857,VP024,437,nback,2
12858,VP024,438,nback,2
12859,VP024,439,nback,2
12860,VP024,440,nback,2
12861,VP024,441,nback,1
12862,VP024,442,nback,1
12863,VP024,443,nback,1
12864,VP024,444,nback,1
12865,VP024,445,nback,1
12866,VP024,446,nback,1
12867,VP024,447,nback,1
12868,VP024,448,nback,1
12869,VP024,449,nback,1
12870,VP024,450,nback,1
12871,VP024,451,nback,1
12872,VP024,452,nback,1
12873,VP024,453,nback,1
12874,VP024,454,nback,1
12875,VP024,455,nback,1
12876,VP024,456,nback,1
12877,VP024,457,nback,1
12878,VP024,458,nback,1
12879,VP024,459,nback,1
12880,VP024,460,nback,1
12881,VP024,461,nback,0
12882,VP024,462,nback,0
12883,VP024,463,nback,0
12884,VP024,464,nback,0
12885,VP024,465,nback,0
12886,VP024,466,nback,0
12887,VP024,467,nback,0
12888,VP024,468,nback,0
12889,VP024,469,nback,0
12890,VP024,470,nback,0
12891,VP024,471,nback,0
12892,VP024,472,nback,0
12893,VP024,473,nback,0
12894,VP024,474,nback,0
12895,VP024,475,nback,0
12896,VP024,476,nback,0
12897,VP024,477,nback,0
12898,VP024,478,nback,0
12899,VP024,479,nback,0
12900,VP024,480,nback,0
12901,VP024,481,nback,1
12902,VP024,482,nback,1
12903,VP024,483,nback,1
12904,VP024,484,nback,1
12905,VP024,485,nback,1
12906,VP024,486,nback,1
12907,VP024,487,nback,1
12908,VP024,488,nback,1
12909,VP024,489,nback,1
12910,VP024,490,nback,1
12911,VP024,491,nback,1
12912,VP024,492,nback,1
12913,VP024,493,nback,1
12914,VP024,494,nback,1
12915,VP024,495,nback,1
12916,VP024,496,nback,1
12917,VP024,497,nback,1
12918,VP024,498,nback,1
12919,VP024,499,nback,1
12920,VP024,500,nback,1
12921,VP024,501,nback,0
12922,VP024,502,nback,0
12923,VP024,503,nback,0
12924,VP024,504,nback,0
12925,VP024,505,nback,0
12926,VP024,506,nback,0
12927,VP024,507,nback,0
12928,VP024,508,nback,0
12929,VP024,509,nback,0
12930,VP024,510,nback,0
12931,VP024,511,nback,0
12932,VP024,512,nback,0
12933,VP024,513,nback,0
12934,VP024,514,nback,0
12935,VP024,515,nback,0
12936,VP024,516,nback,0
12937,VP024,517,nback,0
12938,VP024,518,nback,0
12939,VP024,519,nback,0
12940,VP024,520,nback,0
12941,VP024,521,nback,2
12942,VP024,522,nback,2
12943,VP024,523,nback,2
12944,VP024,524,nback,2
12945,VP024,525,nback,2
12946,VP024,526,nback,2
12947,VP024,527,nback,2
12948,VP024,528,nback,2
12949,VP024,529,nback,2
12950,VP024,530,nback,2
12951,VP024,531,nback,2
12952,VP024,532,nback,2
12953,VP024,533,nback,2
12954,VP024,534,nback,2
12955,VP024,535,nback,2
12956,VP024,536,nback,2
12957,VP024,537,nback,2
12958,VP024,538,nback,2
12959,VP024,539,nback,2
12960,VP024,540,nback,2
12961,VP025,1,nback,2
12962,VP025,2,nback,2
12963,VP025,3,nback,2
12964,VP025,4,nback,2
12965,VP025,5,nback,2
12966,VP025,6,nback,2
12967,VP025,7,nback,2
12968,VP025,8,nback,2
12969,VP025,9,nback,2
12970,VP025,10,nback,2
12971,VP025,11,nback,2
12972,VP025,12,nback,2
12973,VP025,13,nback,2
12974,VP025,14,nback,2
12975,VP025,15,nback,2
12976,VP025,16,nback,2
12977,VP025,17,nback,2
12978,VP025,18,nback,2
12979,VP025,19,nback,2
12980,VP025,20,nback,2
12981,VP025,21,nback,1
12982,VP025,22,nback,1
12983,VP025,23,nback,1
12984,VP025,24,nback,1
12985,VP025,25,nback,1
12986,VP025,26,nback,1
12987,VP025,27,nback,1
12988,VP025,28,nback,1
12989,VP025,29,nback,1
12990,VP025,30,nback,1
12991,VP025,31,nback,1
12992,VP025,32,nback,1
12993,VP025,33,nback,1
12994,VP025,34,nback,1
12995,VP025,35,nback,1
12996,VP025,36,nback,1
12997,VP025,37,nback,1
12998,VP025,38,nback,1
12999,VP025,39,nback,1
13000,VP025,40,nback,1
13001,VP025,41,nback,0
13002,VP025,42,nback,0
13003,VP025,43,nback,0
13004,VP025,44,nback,0
13005,VP025,45,nback,0
13006,VP025,46,nback,0
13007,VP025,47,nback,0
13008,VP025,48,nback,0
13009,VP025,49,nback,0
13010,VP025,50,nback,0
13011,VP025,51,nback,0
13012,VP025,52,nback,0
13013,VP025,53,nback,0
13014,VP025,54,nback,0
13015,VP025,55,nback,0
13016,VP025,56,nback,0
13017,VP025,57,nback,0
13018,VP025,58,nback,0
13019,VP025,59,nback,0
13020,VP025,60,nback,0
13021,VP025,61,nback,1
13022,VP025,62,nback,1
13023,VP025,63,nback,1
13024,VP025,64,nback,1
13025,VP025,65,nback,1
13026,VP025,66,nback,1
13027,VP025,67,nback,1
13028,VP025,68,nback,1
13029,VP025,69,nback,1
13030,VP025,70,nback,1
13031,VP025,71,nback,1
13032,VP025,72,nback,1
13033,VP025,73,nback,1
13034,VP025,74,nback,1
13035,VP025,75,nback,1
13036,VP025,76,nback,1
13037,VP025,77,nback,1
13038,VP025,78,nback,1
13039,VP025,79,nback,1
13040,VP025,80,nback,1
13041,VP025,81,nback,0
13042,VP025,82,nback,0
13043,VP025,83,nback,0
13044,VP025,84,nback,0
13045,VP025,85,nback,0
13046,VP025,86,nback,0
13047,VP025,87,nback,0
13048,VP025,88,nback,0
13049,VP025,89,nback,0
13050,VP025,90,nback,0
13051,VP025,91,nback,0
13052,VP025,92,nback,0
13053,VP025,93,nback,0
13054,VP025,94,nback,0
13055,VP025,95,nback,0
13056,VP025,96,nback,0
13057,VP025,97,nback,0
13058,VP025,98,nback,0
13059,VP025,99,nback,0
13060,VP025,100,nback,0
13061,VP025,101,nback,2
13062,VP025,102,nback,2
13063,VP025,103,nback,2
13064,VP025,104,nback,2
13065,VP025,105,nback,2
13066,VP025,106,nback,2
13067,VP025,107,nback,2
13068,VP025,108,nback,2
13069,VP025,109,nback,2
13070,VP025,110,nback,2
13071,VP025,111,nback,2
13072,VP025,112,nback,2
13073,VP025,113,nback,2
13074,VP025,114,nback,2
13075,VP025,115,nback,2
13076,VP025,116,nback,2
13077,VP025,117,nback,2
13078,VP025,118,nback,2
13079,VP025,119,nback,2
13080,VP025,120,nback,2
13081,VP025,121,nback,0
13082,VP025,122,nback,0
13083,VP025,123,nback,0
13084,VP025,124,nback,0
13085,VP025,125,nback,0
13086,VP025,126,nback,0
13087,VP025,127,nback,0
13088,VP025,128,nback,0
13089,VP025,129,nback,0
13090,VP025,130,nback,0
13091,VP025,131,nback,0
13092,VP025,132,nback,0
13093,VP025,133,nback,0
13094,VP025,134,nback,0
13095,VP025,135,nback,0
13096,VP025,136,nback,0
13097,VP025,137,nback,0
13098,VP025,138,nback,0
13099,VP025,139,nback,0
13100,VP025,140,nback,0
13101,VP025,141,nback,2
13102,VP025,142,nback,2
13103,VP025,143,nback,2
13104,VP025,144,nback,2
13105,VP025,145,nback,2
13106,VP025,146,nback,2
13107,VP025,147,nback,2
13108,VP025,148,nback,2
13109,VP025,149,nback,2
13110,VP025,150,nback,2
13111,VP025,151,nback,2
13112,VP025,152,nback,2
13113,VP025,153,nback,2
13114,VP025,154,nback,2
13115,VP025,155,nback,2
13116,VP025,156,nback,2
13117,VP025,157,nback,2
13118,VP025,158,nback,2
13119,VP025,159,nback,2
13120,VP025,160,nback,2
13121,VP025,161,nback,1
13122,VP025,162,nback,1
13123,VP025,163,nback,1
13124,VP025,164,nback,1
13125,VP025,165,nback,1
13126,VP025,166,nback,1
13127,VP025,167,nback,1
13128,VP025,168,nback,1
13129,VP025,169,nback,1
13130,VP025,170,nback,1
13131,VP025,171,nback,1
13132,VP025,172,nback,1
13133,VP025,173,nback,1
13134,VP025,174,nback,1
13135,VP025,175,nback,1
13136,VP025,176,nback,1
13137,VP025,177,nback,1
13138,VP025,178,nback,1
13139,VP025,179,nback,1
13140,VP025,180,nback,1
13141,VP025,181,nback,1
13142,VP025,182,nback,1
13143,VP025,183,nback,1
13144,VP025,184,nback,1
13145,VP025,185,nback,1
13146,VP025,186,nback,1
13147,VP025,187,nback,1
13148,VP025,188,nback,1
13149,VP025,189,nback,1
13150,VP025,190,nback,1
13151,VP025,191,nback,1
13152,VP025,192,nback,1
13153,VP025,193,nback,1
13154,VP025,194,nback,1
13155,VP025,195,nback,1
13156,VP025,196,nback,1
13157,VP025,197,nback,1
13158,VP025,198,nback,1
13159,VP025,199,nback,1
13160,VP025,200,nback,1
13161,VP025,201,nback,0
13162,VP025,202,nback,0
13163,VP025,203,nback,0
13164,VP025,204,nback,0
13165,VP025,205,nback,0
13166,VP025,206,nback,0
13167,VP025,207,nback,0
13168,VP025,208,nback,0
13169,VP025,209,nback,0
13170,VP025,210,nback,0
13171,VP025,211,nback,0
13172,VP025,212,nback,0
13173,VP025,213,nback,0
13174,VP025,214,nback,0
13175,VP025,215,nback,0
13176,VP025,216,nback,0
13177,VP025,217,nback,0
13178,VP025,218,nback,0
13179,VP025,219,nback,0
13180,VP025,220,nback,0
13181,VP025,221,nback,2
13182,VP025,222,nback,2
13183,VP025,223,nback,2
13184,VP025,224,nback,2
13185,VP025,225,nback,2
13186,VP025,226,nback,2
13187,VP025,227,nback,2
13188,VP025,228,nback,2
13189,VP025,229,nback,2
13190,VP025,230,nback,2
13191,VP025,231,nback,2
13192,VP025,232,nback,2
13193,VP025,233,nback,2
13194,VP025,234,nback,2
13195,VP025,235,nback,2
13196,VP025,236,nback,2
13197,VP025,237,nback,2
13198,VP025,238,nback,2
13199,VP025,239,nback,2
13200,VP025,240,nback,2
13201,VP025,241,nback,0
13202,VP025,242,nback,0
13203,VP025,243,nback,0
13204,VP025,244,nback,0
13205,VP025,245,nback,0
13206,VP025,246,nback,0
13207,VP025,247,nback,0
13208,VP025,248,nback,0
13209,VP025,249,nback,0
13210,VP025,250,nback,0
13211,VP025,251,nback,0
13212,VP025,252,nback,0
13213,VP025,253,nback,0
13214,VP025,254,nback,0
13215,VP025,255,nback,0
13216,VP025,256,nback,0
13217,VP025,257,nback,0
13218,VP025,258,nback,0
13219,VP025,259,nback,0
13220,VP025,260,nback,0
13221,VP025,261,nback,2
13222,VP025,262,nback,2
13223,VP025,263,nback,2
13224,VP025,264,nback,2
13225,VP025,265,nback,2
13226,VP025,266,nback,2
13227,VP025,267,nback,2
13228,VP025,268,nback,2
13229,VP025,269,nback,2
13230,VP025,270,nback,2
13231,VP025,271,nback,2
13232,VP025,272,nback,2
13233,VP025,273,nback,2
13234,VP025,274,nback,2
13235,VP025,275,nback,2
13236,VP025,276,nback,2
13237,VP025,277,nback,2
13238,VP025,278,nback,2
13239,VP025,279,nback,2
13240,VP025,280,nback,2
13241,VP025,281,nback,1
13242,VP025,282,nback,1
13243,VP025,283,nback,1
13244,VP025,284,nback,1
13245,VP025,285,nback,1
13246,VP025,286,nback,1
13247,VP025,287,nback,1
13248,VP025,288,nback,1
13249,VP025,289,nback,1
13250,VP025,290,nback,1
13251,VP025,291,nback,1
13252,VP025,292,nback,1
13253,VP025,293,nback,1
13254,VP025,294,nback,1
13255,VP025,295,nback,1
13256,VP025,296,nback,1
13257,VP025,297,nback,1
13258,VP025,298,nback,1
13259,VP025,299,nback,1
13260,VP025,300,nback,1
13261,VP025,301,nback,2
13262,VP025,302,nback,2
13263,VP025,303,nback,2
13264,VP025,304,nback,2
13265,VP025,305,nback,2
13266,VP025,306,nback,2
13267,VP025,307,nback,2
13268,VP025,308,nback,2
13269,VP025,309,nback,2
13270,VP025,310,nback,2
13271,VP025,311,nback,2
13272,VP025,312,nback,2
13273,VP025,313,nback,2
13274,VP025,314,nback,2
13275,VP025,315,nback,2
13276,VP025,316,nback,2
13277,VP025,317,nback,2
13278,VP025,318,nback,2
13279,VP025,319,nback,2
13280,VP025,320,nback,2
13281,VP025,321,nback,1
13282,VP025,322,nback,1
13283,VP025,323,nback,1
13284,VP025,324,nback,1
13285,VP025,325,nback,1
13286,VP025,326,nback,1
13287,VP025,327,nback,1
13288,VP025,328,nback,1
13289,VP025,329,nback,1
13290,VP025,330,nback,1
13291,VP025,331,nback,1
13292,VP025,332,nback,1
13293,VP025,333,nback,1
13294,VP025,334,nback,1
13295,VP025,335,nback,1
13296,VP025,336,nback,1
13297,VP025,337,nback,1
13298,VP025,338,nback,1
13299,VP025,339,nback,1
13300,VP025,340,nback,1
13301,VP025,341,nback,0
13302,VP025,342,nback,0
13303,VP025,343,nback,0
13304,VP025,344,nback,0
13305,VP025,345,nback,0
13306,VP025,346,nback,0
13307,VP025,347,nback,0
13308,VP025,348,nback,0
13309,VP025,349,nback,0
13310,VP025,350,nback,0
13311,VP025,351,nback,0
13312,VP025,352,nback,0
13313,VP025,353,nback,0
13314,VP025,354,nback,0
13315,VP025,355,nback,0
13316,VP025,356,nback,0
13317,VP025,357,nback,0
13318,VP025,358,nback,0
13319,VP025,359,nback,0
13320,VP025,360,nback,0
13321,VP025,361,nback,0
13322,VP025,362,nback,0
13323,VP025,363,nback,0
13324,VP025,364,nback,0
13325,VP025,365,nback,0
13326,VP025,366,nback,0
13327,VP025,367,nback,0
13328,VP025,368,nback,0
13329,VP025,369,nback,0
13330,VP025,370,nback,0
13331,VP025,371,nback,0
13332,VP025,372,nback,0
13333,VP025,373,nback,0
13334,VP025,374,nback,0
13335,VP025,375,nback,0
13336,VP025,376,nback,0
13337,VP025,377,nback,0
13338,VP025,378,nback,0
13339,VP025,379,nback,0
13340,VP025,380,nback,0
13341,VP025,381,nback,2
13342,VP025,382,nback,2
13343,VP025,383,nback,2
13344,VP025,384,nback,2
13345,VP025,385,nback,2
13346,VP025,386,nback,2
13347,VP025,387,nback,2
13348,VP025,388,nback,2
13349,VP025,389,nback,2
13350,VP025,390,nback,2
13351,VP025,391,nback,2
13352,VP025,392,nback,2
13353,VP025,393,nback,2
13354,VP025,394,nback,2
13355,VP025,395,nback,2
13356,VP025,396,nback,2
13357,VP025,397,nback,2
13358,VP025,398,nback,2
13359,VP025,399,nback,2
13360,VP025,400,nback,2
13361,VP025,401,nback,1
13362,VP025,402,nback,1
13363,VP025,403,nback,1
13364,VP025,404,nback,1
13365,VP025,405,nback,1
13366,VP025,406,nback,1
13367,VP025,407,nback,1
13368,VP025,408,nback,1
13369,VP025,409,nback,1
13370,VP025,410,nback,1
13371,VP025,411,nback,1
13372,VP025,412,nback,1
13373,VP025,413,nback,1
13374,VP025,414,nback,1
13375,VP025,415,nback,1
13376,VP025,416,nback,1
13377,VP025,417,nback,1
13378,VP025,418,nback,1
13379,VP025,419,nback,1
13380,VP025,420,nback,1
13381,VP025,421,nback,2
13382,VP025,422,nback,2
13383,VP025,423,nback,2
13384,VP025,424,nback,2
13385,VP025,425,nback,2
13386,VP025,426,nback,2
13387,VP025,427,nback,2
13388,VP025,428,nback,2
13389,VP025,429,nback,2
13390,VP025,430,nback,2
13391,VP025,431,nback,2
13392,VP025,432,nback,2
13393,VP025,433,nback,2
13394,VP025,434,nback,2
13395,VP025,435,nback,2
13396,VP025,436,nback,2
13397,VP025,437,nback,2
13398,VP025,438,nback,2
13399,VP025,439,nback,2
13400,VP025,440,nback,2
13401,VP025,441,nback,1
13402,VP025,442,nback,1
13403,VP025,443,nback,1
13404,VP025,444,nback,1
13405,VP025,445,nback,1
13406,VP025,446,nback,1
13407,VP025,447,nback,1
13408,VP025,448,nback,1
13409,VP025,449,nback,1
13410,VP025,450,nback,1
13411,VP025,451,nback,1
13412,VP025,452,nback,1
13413,VP025,453,nback,1
13414,VP025,454,nback,1
13415,VP025,455,nback,1
13416,VP025,456,nback,1
13417,VP025,457,nback,1
13418,VP025,458,nback,1
13419,VP025,459,nback,1
13420,VP025,460,nback,1
13421,VP025,461,nback,0
13422,VP025,462,nback,0
13423,VP025,463,nback,0
13424,VP025,464,nback,0
13425,VP025,465,nback,0
13426,VP025,466,nback,0
13427,VP025,467,nback,0
13428,VP025,468,nback,0
13429,VP025,469,nback,0
13430,VP025,470,nback,0
13431,VP025,471,nback,0
13432,VP025,472,nback,0
13433,VP025,473,nback,0
13434,VP025,474,nback,0
13435,VP025,475,nback,0
13436,VP025,476,nback,0
13437,VP025,477,nback,0
13438,VP025,478,nback,0
13439,VP025,479,nback,0
13440,VP025,480,nback,0
13441,VP025,481,nback,1
13442,VP025,482,nback,1
13443,VP025,483,nback,1
13444,VP025,484,nback,1
13445,VP025,485,nback,1
13446,VP025,486,nback,1
13447,VP025,487,nback,1
13448,VP025,488,nback,1
13449,VP025,489,nback,1
13450,VP025,490,nback,1
13451,VP025,491,nback,1
13452,VP025,492,nback,1
13453,VP025,493,nback,1
13454,VP025,494,nback,1
13455,VP025,495,nback,1
13456,VP025,496,nback,1
13457,VP025,497,nback,1
13458,VP025,498,nback,1
13459,VP025,499,nback,1
13460,VP025,500,nback,1
13461,VP025,501,nback,0
13462,VP025,502,nback,0
13463,VP025,503,nback,0
13464,VP025,504,nback,0
13465,VP025,505,nback,0
13466,VP025,506,nback,0
13467,VP025,507,nback,0
13468,VP025,508,nback,0
13469,VP025,509,nback,0
13470,VP025,510,nback,0
13471,VP025,511,nback,0
13472,VP025,512,nback,0
13473,VP025,513,nback,0
13474,VP025,514,nback,0
13475,VP025,515,nback,0
13476,VP025,516,nback,0
13477,VP025,517,nback,0
13478,VP025,518,nback,0
13479,VP025,519,nback,0
13480,VP025,520,nback,0
13481,VP025,521,nback,2
13482,VP025,522,nback,2
13483,VP025,523,nback,2
13484,VP025,524,nback,2
13485,VP025,525,nback,2
13486,VP025,526,nback,2
13487,VP025,527,nback,2
13488,VP025,528,nback,2
13489,VP025,529,nback,2
13490,VP025,530,nback,2
13491,VP025,531,nback,2
13492,VP025,532,nback,2
13493,VP025,533,nback,2
13494,VP025,534,nback,2
13495,VP025,535,nback,2
13496,VP025,536,nback,2
13497,VP025,537,nback,2
13498,VP025,538,nback,2
13499,VP025,539,nback,2
13500,VP025,540,nback,2
13501,VP026,1,nback,2
13502,VP026,2,nback,2
13503,VP026,3,nback,2
13504,VP026,4,nback,2
13505,VP026,5,nback,2
13506,VP026,6,nback,2
13507,VP026,7,nback,2
13508,VP026,8,nback,2
13509,VP026,9,nback,2
13510,VP026,10,nback,2
13511,VP026,11,nback,2
13512,VP026,12,nback,2
13513,VP026,13,nback,2
13514,VP026,14,nback,2
13515,VP026,15,nback,2
13516,VP026,16,nback,2
13517,VP026,17,nback,2
13518,VP026,18,nback,2
13519,VP026,19,nback,2
13520,VP026,20,nback,2
13521,VP026,21,nback,1
13522,VP026,22,nback,1
13523,VP026,23,nback,1
13524,VP026,24,nback,1
13525,VP026,25,nback,1
13526,VP026,26,nback,1
13527,VP026,27,nback,1
13528,VP026,28,nback,1
13529,VP026,29,nback,1
13530,VP026,30,nback,1
13531,VP026,31,nback,1
13532,VP026,32,nback,1
13533,VP026,33,nback,1
13534,VP026,34,nback,1
13535,VP026,35,nback,1
13536,VP026,36,nback,1
13537,VP026,37,nback,1
13538,VP026,38,nback,1
13539,VP026,39,nback,1
13540,VP026,40,nback,1
13541,VP026,41,nback,0
13542,VP026,42,nback,0
13543,VP026,43,nback,0
13544,VP026,44,nback,0
13545,VP026,45,nback,0
13546,VP026,46,nback,0
13547,VP026,47,nback,0
13548,VP026,48,nback,0
13549,VP026,49,nback,0
13550,VP026,50,nback,0
13551,VP026,51,nback,0
13552,VP026,52,nback,0
13553,VP026,53,nback,0
13554,VP026,54,nback,0
13555,VP026,55,nback,0
13556,VP026,56,nback,0
13557,VP026,57,nback,0
13558,VP026,58,nback,0
13559,VP026,59,nback,0
13560,VP026,60,nback,0
13561,VP026,61,nback,1
13562,VP026,62,nback,1
13563,VP026,63,nback,1
13564,VP026,64,nback,1
13565,VP026,65,nback,1
13566,VP026,66,nback,1
13567,VP026,67,nback,1
13568,VP026,68,nback,1
13569,VP026,69,nback,1
13570,VP026,70,nback,1
13571,VP026,71,nback,1
13572,VP026,72,nback,1
13573,VP026,73,nback,1
13574,VP026,74,nback,1
13575,VP026,75,nback,1
13576,VP026,76,nback,1
13577,VP026,77,nback,1
13578,VP026,78,nback,1
13579,VP026,79,nback,1
13580,VP026,80,nback,1
13581,VP026,81,nback,0
13582,VP026,82,nback,0
13583,VP026,83,nback,0
13584,VP026,84,nback,0
13585,VP026,85,nback,0
13586,VP026,86,nback,0
13587,VP026,87,nback,0
13588,VP026,88,nback,0
13589,VP026,89,nback,0
13590,VP026,90,nback,0
13591,VP026,91,nback,0
13592,VP026,92,nback,0
13593,VP026,93,nback,0
13594,VP026,94,nback,0
13595,VP026,95,nback,0
13596,VP026,96,nback,0
13597,VP026,97,nback,0
13598,VP026,98,nback,0
13599,VP026,99,nback,0
13600,VP026,100,nback,0
13601,VP026,101,nback,2
13602,VP026,102,nback,2
13603,VP026,103,nback,2
13604,VP026,104,nback,2
13605,VP026,105,nback,2
13606,VP026,106,nback,2
13607,VP026,107,nback,2
13608,VP026,108,nback,2
13609,VP026,109,nback,2
13610,VP026,110,nback,2
13611,VP026,111,nback,2
13612,VP026,112,nback,2
13613,VP026,113,nback,2
13614,VP026,114,nback,2
13615,VP026,115,nback,2
13616,VP026,116,nback,2
13617,VP026,117,nback,2
13618,VP026,118,nback,2
13619,VP026,119,nback,2
13620,VP026,120,nback,2
13621,VP026,121,nback,0
13622,VP026,122,nback,0
13623,VP026,123,nback,0
13624,VP026,124,nback,0
13625,VP026,125,nback,0
13626,VP026,126,nback,0
13627,VP026,127,nback,0
13628,VP026,128,nback,0
13629,VP026,129,nback,0
13630,VP026,130,nback,0
13631,VP026,131,nback,0
13632,VP026,132,nback,0
13633,VP026,133,nback,0
13634,VP026,134,nback,0
13635,VP026,135,nback,0
13636,VP026,136,nback,0
13637,VP026,137,nback,0
13638,VP026,138,nback,0
13639,VP026,139,nback,0
13640,VP026,140,nback,0
13641,VP026,141,nback,2
13642,VP026,142,nback,2
13643,VP026,143,nback,2
13644,VP026,144,nback,2
13645,VP026,145,nback,2
13646,VP026,146,nback,2
13647,VP026,147,nback,2
13648,VP026,148,nback,2
13649,VP026,149,nback,2
13650,VP026,150,nback,2
13651,VP026,151,nback,2
13652,VP026,152,nback,2
13653,VP026,153,nback,2
13654,VP026,154,nback,2
13655,VP026,155,nback,2
13656,VP026,156,nback,2
13657,VP026,157,nback,2
13658,VP026,158,nback,2
13659,VP026,159,nback,2
13660,VP026,160,nback,2
13661,VP026,161,nback,1
13662,VP026,162,nback,1
13663,VP026,163,nback,1
13664,VP026,164,nback,1
13665,VP026,165,nback,1
13666,VP026,166,nback,1
13667,VP026,167,nback,1
13668,VP026,168,nback,1
13669,VP026,169,nback,1
13670,VP026,170,nback,1
13671,VP026,171,nback,1
13672,VP026,172,nback,1
13673,VP026,173,nback,1
13674,VP026,174,nback,1
13675,VP026,175,nback,1
13676,VP026,176,nback,1
13677,VP026,177,nback,1
13678,VP026,178,nback,1
13679,VP026,179,nback,1
13680,VP026,180,nback,1
13681,VP026,181,nback,1
13682,VP026,182,nback,1
13683,VP026,183,nback,1
13684,VP026,184,nback,1
13685,VP026,185,nback,1
13686,VP026,186,nback,1
13687,VP026,187,nback,1
13688,VP026,188,nback,1
13689,VP026,189,nback,1
13690,VP026,190,nback,1
13691,VP026,191,nback,1
13692,VP026,192,nback,1
13693,VP026,193,nback,1
13694,VP026,194,nback,1
13695,VP026,195,nback,1
13696,VP026,196,nback,1
13697,VP026,197,nback,1
13698,VP026,198,nback,1
13699,VP026,199,nback,1
13700,VP026,200,nback,1
13701,VP026,201,nback,0
13702,VP026,202,nback,0
13703,VP026,203,nback,0
13704,VP026,204,nback,0
13705,VP026,205,nback,0
13706,VP026,206,nback,0
13707,VP026,207,nback,0
13708,VP026,208,nback,0
13709,VP026,209,nback,0
13710,VP026,210,nback,0
13711,VP026,211,nback,0
13712,VP026,212,nback,0
13713,VP026,213,nback,0
13714,VP026,214,nback,0
13715,VP026,215,nback,0
13716,VP026,216,nback,0
13717,VP026,217,nback,0
13718,VP026,218,nback,0
13719,VP026,219,nback,0
13720,VP026,220,nback,0
13721,VP026,221,nback,2
13722,VP026,222,nback,2
13723,VP026,223,nback,2
13724,VP026,224,nback,2
13725,VP026,225,nback,2
13726,VP026,226,nback,2
13727,VP026,227,nback,2
13728,VP026,228,nback,2
13729,VP026,229,nback,2
13730,VP026,230,nback,2
13731,VP026,231,nback,2
13732,VP026,232,nback,2
13733,VP026,233,nback,2
13734,VP026,234,nback,2
13735,VP026,235,nback,2
13736,VP026,236,nback,2
13737,VP026,237,nback,2
13738,VP026,238,nback,2
13739,VP026,239,nback,2
13740,VP026,240,nback,2
13741,VP026,241,nback,0
13742,VP026,242,nback,0
13743,VP026,243,nback,0
13744,VP026,244,nback,0
13745,VP026,245,nback,0
13746,VP026,246,nback,0
13747,VP026,247,nback,0
13748,VP026,248,nback,0
13749,VP026,249,nback,0
13750,VP026,250,nback,0
13751,VP026,251,nback,0
13752,VP026,252,nback,0
13753,VP026,253,nback,0
13754,VP026,254,nback,0
13755,VP026,255,nback,0
13756,VP026,256,nback,0
13757,VP026,257,nback,0
13758,VP026,258,nback,0
13759,VP026,259,nback,0
13760,VP026,260,nback,0
13761,VP026,261,nback,2
13762,VP026,262,nback,2
13763,VP026,263,nback,2
13764,VP026,264,nback,2
13765,VP026,265,nback,2
13766,VP026,266,nback,2
13767,VP026,267,nback,2
13768,VP026,268,nback,2
13769,VP026,269,nback,2
13770,VP026,270,nback,2
13771,VP026,271,nback,2
13772,VP026,272,nback,2
13773,VP026,273,nback,2
13774,VP026,274,nback,2
13775,VP026,275,nback,2
13776,VP026,276,nback,2
13777,VP026,277,nback,2
13778,VP026,278,nback,2
13779,VP026,279,nback,2
13780,VP026,280,nback,2
13781,VP026,281,nback,1
13782,VP026,282,nback,1
13783,VP026,283,nback,1
13784,VP026,284,nback,1
13785,VP026,285,nback,1
13786,VP026,286,nback,1
13787,VP026,287,nback,1
13788,VP026,288,nback,1
13789,VP026,289,nback,1
13790,VP026,290,nback,1
13791,VP026,291,nback,1
13792,VP026,292,nback,1
13793,VP026,293,nback,1
13794,VP026,294,nback,1
13795,VP026,295,nback,1
13796,VP026,296,nback,1
13797,VP026,297,nback,1
13798,VP026,298,nback,1
13799,VP026,299,nback,1
13800,VP026,300,nback,1
13801,VP026,301,nback,2
13802,VP026,302,nback,2
13803,VP026,303,nback,2
13804,VP026,304,nback,2
13805,VP026,305,nback,2
13806,VP026,306,nback,2
13807,VP026,307,nback,2
13808,VP026,308,nback,2
13809,VP026,309,nback,2
13810,VP026,310,nback,2
13811,VP026,311,nback,2
13812,VP026,312,nback,2
13813,VP026,313,nback,2
13814,VP026,314,nback,2
13815,VP026,315,nback,2
13816,VP026,316,nback,2
13817,VP026,317,nback,2
13818,VP026,318,nback,2
13819,VP026,319,nback,2
13820,VP026,320,nback,2
13821,VP026,321,nback,1
13822,VP026,322,nback,1
13823,VP026,323,nback,1
13824,VP026,324,nback,1
13825,VP026,325,nback,1
13826,VP026,326,nback,1
13827,VP026,327,nback,1
13828,VP026,328,nback,1
13829,VP026,329,nback,1
13830,VP026,330,nback,1
13831,VP026,331,nback,1
13832,VP026,332,nback,1
13833,VP026,333,nback,1
13834,VP026,334,nback,1
13835,VP026,335,nback,1
13836,VP026,336,nback,1
13837,VP026,337,nback,1
13838,VP026,338,nback,1
13839,VP026,339,nback,1
13840,VP026,340,nback,1
13841,VP026,341,nback,0
13842,VP026,342,nback,0
13843,VP026,343,nback,0
13844,VP026,344,nback,0
13845,VP026,345,nback,0
13846,VP026,346,nback,0
13847,VP026,347,nback,0
13848,VP026,348,nback,0
13849,VP026,349,nback,0
13850,VP026,350,nback,0
13851,VP026,351,nback,0
13852,VP026,352,nback,0
13853,VP026,353,nback,0
13854,VP026,354,nback,0
13855,VP026,355,nback,0
13856,VP026,356,nback,0
13857,VP026,357,nback,0
13858,VP026,358,nback,0
13859,VP026,359,nback,0
13860,VP026,360,nback,0
13861,VP026,361,nback,0
13862,VP026,362,nback,0
13863,VP026,363,nback,0
13864,VP026,364,nback,0
13865,VP026,365,nback,0
13866,VP026,366,nback,0
13867,VP026,367,nback,0
13868,VP026,368,nback,0
13869,VP026,369,nback,0
13870,VP026,370,nback,0
13871,VP026,371,nback,0
13872,VP026,372,nback,0
13873,VP026,373,nback,0
13874,VP026,374,nback,0
13875,VP026,375,nback,0
13876,VP026,376,nback,0
13877,VP026,377,nback,0
13878,VP026,378,nback,0
13879,VP026,379,nback,0
13880,VP026,380,nback,0
13881,VP026,381,nback,2
13882,VP026,382,nback,2
13883,VP026,383,nback,2
13884,VP026,384,nback,2
13885,VP026,385,nback,2
13886,VP026,386,nback,2
13887,VP026,387,nback,2
13888,VP026,388,nback,2
13889,VP026,389,nback,2
13890,VP026,390,nback,2
13891,VP026,391,nback,2
13892,VP026,392,nback,2
13893,VP026,393,nback,2
13894,VP026,394,nback,2
13895,VP026,395,nback,2
13896,VP026,396,nback,2
13897,VP026,397,nback,2
13898,VP026,398,nback,2
13899,VP026,399,nback,2
13900,VP026,400,nback,2
13901,VP026,401,nback,1
13902,VP026,402,nback,1
13903,VP026,403,nback,1
13904,VP026,404,nback,1
13905,VP026,405,nback,1
13906,VP026,406,nback,1
13907,VP026,407,nback,1
13908,VP026,408,nback,1
13909,VP026,409,nback,1
13910,VP026,410,nback,1
13911,VP026,411,nback,1
13912,VP026,412,nback,1
13913,VP026,413,nback,1
13914,VP026,414,nback,1
13915,VP026,415,nback,1
13916,VP026,416,nback,1
13917,VP026,417,nback,1
13918,VP026,418,nback,1
13919,VP026,419,nback,1
13920,VP026,420,nback,1
13921,VP026,421,nback,2
13922,VP026,422,nback,2
13923,VP026,423,nback,2
13924,VP026,424,nback,2
13925,VP026,425,nback,2
13926,VP026,426,nback,2
13927,VP026,427,nback,2
13928,VP026,428,nback,2
13929,VP026,429,nback,2
13930,VP026,430,nback,2
13931,VP026,431,nback,2
13932,VP026,432,nback,2
13933,VP026,433,nback,2
13934,VP026,434,nback,2
13935,VP026,435,nback,2
13936,VP026,436,nback,2
13937,VP026,437,nback,2
13938,VP026,438,nback,2
13939,VP026,439,nback,2
13940,VP026,440,nback,2
13941,VP026,441,nback,1
13942,VP026,442,nback,1
13943,VP026,443,nback,1
13944,VP026,444,nback,1
13945,VP026,445,nback,1
13946,VP026,446,nback,1
13947,VP026,447,nback,1
13948,VP026,448,nback,1
13949,VP026,449,nback,1
13950,VP026,450,nback,1
13951,VP026,451,nback,1
13952,VP026,452,nback,1
13953,VP026,453,nback,1
13954,VP026,454,nback,1
13955,VP026,455,nback,1
13956,VP026,456,nback,1
13957,VP026,457,nback,1
13958,VP026,458,nback,1
13959,VP026,459,nback,1
13960,VP026,460,nback,1
13961,VP026,461,nback,0
13962,VP026,462,nback,0
13963,VP026,463,nback,0
13964,VP026,464,nback,0
13965,VP026,465,nback,0
13966,VP026,466,nback,0
13967,VP026,467,nback,0
13968,VP026,468,nback,0
13969,VP026,469,nback,0
13970,VP026,470,nback,0
13971,VP026,471,nback,0
13972,VP026,472,nback,0
13973,VP026,473,nback,0
13974,VP026,474,nback,0
13975,VP026,475,nback,0
13976,VP026,476,nback,0
13977,VP026,477,nback,0
13978,VP026,478,nback,0
13979,VP026,479,nback,0
13980,VP026,480,nback,0
13981,VP026,481,nback,1
13982,VP026,482,nback,1
13983,VP026,483,nback,1
13984,VP026,484,nback,1
13985,VP026,485,nback,1
13986,VP026,486,nback,1
13987,VP026,487,nback,1
13988,VP026,488,nback,1
13989,VP026,489,nback,1
13990,VP026,490,nback,1
13991,VP026,491,nback,1
13992,VP026,492,nback,1
13993,VP026,493,nback,1
13994,VP026,494,nback,1
13995,VP026,495,nback,1
13996,VP026,496,nback,1
13997,VP026,497,nback,1
13998,VP026,498,nback,1
13999,VP026,499,nback,1
14000,VP026,500,nback,1
14001,VP026,501,nback,0
14002,VP026,502,nback,0
14003,VP026,503,nback,0
14004,VP026,504,nback,0
14005,VP026,505,nback,0
14006,VP026,506,nback,0
14007,VP026,507,nback,0
14008,VP026,508,nback,0
14009,VP026,509,nback,0
14010,VP026,510,nback,0
14011,VP026,511,nback,0
14012,VP026,512,nback,0
14013,VP026,513,nback,0
14014,VP026,514,nback,0
14015,VP026,515,nback,0
14016,VP026,516,nback,0
14017,VP026,517,nback,0
14018,VP026,518,nback,0
14019,VP026,519,nback,0
14020,VP026,520,nback,0
14021,VP026,521,nback,2
14022,VP026,522,nback,2
14023,VP026,523,nback,2
14024,VP026,524,nback,2
14025,VP026,525,nback,2
14026,VP026,526,nback,2
14027,VP026,527,nback,2
14028,VP026,528,nback,2
14029,VP026,529,nback,2
14030,VP026,530,nback,2
14031,VP026,531,nback,2
14032,VP026,532,nback,2
14033,VP026,533,nback,2
14034,VP026,534,nback,2
14035,VP026,535,nback,2
14036,VP026,536,nback,2
14037,VP026,537,nback,2
14038,VP026,538,nback,2
14039,VP026,539,nback,2
14040,VP026,540,nback,2
